1,1,291413,7216973,"A",2005-08-28-00.00.00,"N",4,2006-05-24-00.00.00,"X"
2,1,291413,7217346,"A",2005-08-28-00.00.00,"N",2,2006-05-24-00.00.00,"X"
3,1,291413,7221445,"A",2005-08-27-00.00.00,"N",5,2005-08-27-00.00.00,"W"
4,1,291413,7221631,"A",2005-08-27-00.00.00,"N",2,2005-08-27-00.00.00,"W"
5,1,291413,7221817,"A",2005-08-27-00.00.00,"N",3,2005-08-27-00.00.00,"O"
6,1,291413,7222935,"A",2005-08-27-00.00.00,"N",2,2005-08-27-00.00.00,"W"
7,1,291413,7223122,"A",2005-08-27-00.00.00,"N",5,2005-08-27-00.00.00,"W"
8,1,291413,7226848,"A",2005-08-28-00.00.00,"T",3,2006-01-16-00.00.00,"S"
9,2,291413,7216973,"A",2006-08-27-00.00.00,"N",5,2007-05-23-00.00.00,"X"
10,2,291413,7217346,"A",2006-08-27-00.00.00,"N",3,2007-05-23-00.00.00,"X"
11,2,291413,7240264,"A",2006-08-27-00.00.00,"N",0,2007-05-23-00.00.00,"X"
12,2,291413,7244177,"A",2006-08-27-00.00.00,"N",1,2007-02-13-00.00.00,"S"
13,2,291413,7226848,"A",2006-08-27-00.00.00,"N",4,2006-11-19-00.00.00,"O"
14,2,291413,7250512,"A",2006-10-29-00.00.00,"R",0,2006-12-03-00.00.00,"O"
15,2,291413,7250512,"A",2007-01-07-00.00.00,"R",0,2007-05-23-00.00.00,"X"
16,2,291413,7253307,"A",2007-03-04-00.00.00,"S",1,2007-05-23-00.00.00,"X"
17,2,291413,7253493,"A",2007-02-21-00.00.00,"S",4,2007-05-23-00.00.00,"X"
18,3,291413,7216041,"A",2007-08-26-00.00.00,"N",4,2008-05-23-00.00.00,"X"
19,3,291413,7216228,"A",2007-08-26-00.00.00,"N",4,2008-05-23-00.00.00,"X"
20,3,291413,7216414,"A",2007-08-26-00.00.00,"N",3,2008-05-23-00.00.00,"X"
21,3,291413,7216787,"A",2007-08-26-00.00.00,"N",3,2008-05-23-00.00.00,"X"
22,3,291413,7217159,"A",2007-08-26-00.00.00,"N",4,2008-05-23-00.00.00,"X"
23,3,291413,7217346,"A",2007-08-26-00.00.00,"N",4,2008-01-29-00.00.00,"S"
24,3,291413,7217718,"A",2007-08-26-00.00.00,"N",5,2008-05-23-00.00.00,"X"
25,3,291413,7217905,"A",2007-08-26-00.00.00,"N",4,2008-05-23-00.00.00,"X"
26,3,291413,7218463,"A",2007-08-26-00.00.00,"N",4,2008-05-23-00.00.00,"X"
27,3,291413,7218650,"A",2007-08-26-00.00.00,"N",3,2008-05-23-00.00.00,"X"
28,3,291413,7219209,"A",2007-08-26-00.00.00,"N",4,2008-05-23-00.00.00,"X"
29,3,291413,7219395,"A",2007-08-26-00.00.00,"N",3,2008-05-23-00.00.00,"X"
30,3,291413,7219768,"A",2007-08-26-00.00.00,"N",4,2008-05-23-00.00.00,"X"
31,3,291413,7219954,"A",2007-08-26-00.00.00,"N",3,2008-05-23-00.00.00,"X"
32,3,291413,7220140,"A",2007-08-26-00.00.00,"N",3,2008-05-23-00.00.00,"X"
33,3,291413,7220327,"A",2007-08-26-00.00.00,"N",5,2008-05-23-00.00.00,"X"
34,3,291413,7221072,"A",2007-08-26-00.00.00,"N",4,2008-05-23-00.00.00,"X"
35,3,291413,7222190,"A",2007-08-26-00.00.00,"N",3,2008-05-23-00.00.00,"X"
36,3,291413,7222563,"A",2007-08-26-00.00.00,"N",4,2008-05-23-00.00.00,"X"
37,3,291413,7223494,"A",2007-08-26-00.00.00,"N",3,2008-05-23-00.00.00,"X"
38,3,291413,7223681,"A",2007-08-26-00.00.00,"N",5,2008-05-23-00.00.00,"X"
39,3,291413,7223867,"A",2007-08-26-00.00.00,"N",3,2008-05-23-00.00.00,"X"
40,3,291413,7224053,"A",2007-08-26-00.00.00,"N",5,2008-05-23-00.00.00,"X"
41,3,291413,7190887,"A",2007-08-26-00.00.00,"N",5,2008-05-23-00.00.00,"X"
42,3,291413,7190700,"A",2007-08-26-00.00.00,"N",3,2008-05-23-00.00.00,"X"
43,3,291413,7225171,"A",2007-08-26-00.00.00,"N",2,2008-05-23-00.00.00,"X"
44,3,291413,7225544,"A",2007-08-26-00.00.00,"N",2,2008-05-23-00.00.00,"X"
45,3,291413,7225730,"A",2007-08-26-00.00.00,"N",2,2008-05-23-00.00.00,"X"
46,3,291413,7225917,"A",2007-08-26-00.00.00,"N",2,2008-05-23-00.00.00,"X"
47,3,291413,7226103,"A",2007-08-26-00.00.00,"N",2,2008-05-23-00.00.00,"X"
48,3,291413,7226289,"A",2007-08-26-00.00.00,"N",2,2008-05-23-00.00.00,"X"
49,3,291413,7227407,"A",2007-08-26-00.00.00,"N",2,2008-05-23-00.00.00,"X"
50,3,291413,7227594,"A",2007-08-26-00.00.00,"N",2,2008-05-23-00.00.00,"X"
51,3,291413,7227780,"A",2007-08-26-00.00.00,"N",2,2008-05-23-00.00.00,"X"
52,3,291413,7228712,"A",2007-08-26-00.00.00,"N",1,2008-05-23-00.00.00,"X"
53,3,291413,7228898,"A",2007-08-26-00.00.00,"N",3,2008-05-23-00.00.00,"X"
54,3,291413,7230761,"A",2007-08-26-00.00.00,"N",3,2008-05-23-00.00.00,"X"
55,3,291413,7230948,"A",2007-08-26-00.00.00,"N",5,2008-05-23-00.00.00,"X"
56,3,291413,7235047,"A",2007-08-26-00.00.00,"N",4,2008-05-23-00.00.00,"X"
57,3,291413,7231507,"A",2007-08-26-00.00.00,"N",1,2008-05-23-00.00.00,"X"
58,3,291413,7237469,"A",2007-08-26-00.00.00,"N",1,2008-05-23-00.00.00,"X"
59,3,291413,7237842,"A",2007-08-26-00.00.00,"N",1,2008-05-23-00.00.00,"X"
60,3,291413,7238214,"A",2007-08-26-00.00.00,"N",1,2008-05-23-00.00.00,"X"
61,3,291413,7239891,"A",2007-08-26-00.00.00,"N",1,2008-05-23-00.00.00,"X"
62,3,291413,7240078,"A",2007-08-26-00.00.00,"N",1,2008-05-23-00.00.00,"X"
63,3,291413,7240264,"A",2007-08-26-00.00.00,"N",1,2008-01-29-00.00.00,"S"
64,3,291413,7240450,"A",2007-08-26-00.00.00,"N",1,2008-05-23-00.00.00,"X"
65,3,291413,7240637,"A",2007-08-26-00.00.00,"N",1,2008-05-23-00.00.00,"X"
66,3,291413,7247158,"A",2007-08-26-00.00.00,"N",1,2008-05-23-00.00.00,"X"
67,3,291413,7247345,"A",2007-08-26-00.00.00,"N",3,2008-05-23-00.00.00,"X"
68,3,291413,7239705,"A",2007-08-26-00.00.00,"N",1,2008-05-23-00.00.00,"X"
69,3,291413,7255729,"A",2007-08-26-00.00.00,"N",4,2008-05-23-00.00.00,"X"
70,3,291413,7255916,"A",2007-08-26-00.00.00,"N",2,2008-05-23-00.00.00,"X"
71,3,291413,7256102,"A",2007-08-26-00.00.00,"N",0,2008-05-23-00.00.00,"X"
72,3,291413,7256288,"A",2007-08-26-00.00.00,"N",0,2008-05-23-00.00.00,"X"
73,3,291413,7256475,"A",2007-08-26-00.00.00,"N",0,2008-05-23-00.00.00,"X"
74,3,291413,7256661,"A",2007-08-26-00.00.00,"N",0,2008-05-23-00.00.00,"X"
75,3,291413,7257034,"A",2007-08-26-00.00.00,"N",0,2008-03-31-00.00.00,"S"
76,3,291413,7257220,"A",2007-08-26-00.00.00,"N",0,2008-05-23-00.00.00,"X"
77,3,291413,7257406,"A",2007-08-26-00.00.00,"N",0,2008-05-23-00.00.00,"X"
78,3,291413,7257593,"A",2007-08-26-00.00.00,"N",0,2008-05-23-00.00.00,"X"
79,3,291413,7257965,"A",2007-08-26-00.00.00,"N",0,2008-05-23-00.00.00,"X"
80,3,291413,7250885,"A",2007-08-26-00.00.00,"N",0,2008-05-23-00.00.00,"X"
81,3,291413,7249953,"A",2007-08-26-00.00.00,"N",0,2008-05-23-00.00.00,"X"
82,3,291413,7261878,"A",2007-08-05-00.00.00,"N",0,2008-05-23-00.00.00,"X"
83,3,291413,7262065,"A",2007-08-05-00.00.00,"N",0,2008-05-23-00.00.00,"X"
84,3,291413,7262251,"A",2007-08-26-00.00.00,"N",4,2008-05-23-00.00.00,"X"
85,3,291413,7262437,"A",2007-08-26-00.00.00,"N",5,2008-05-23-00.00.00,"X"
86,3,291413,7262624,"A",2007-08-26-00.00.00,"N",0,2008-05-23-00.00.00,"X"
87,3,291413,7262996,"A",2007-08-06-00.00.00,"N",3,2008-05-23-00.00.00,"X"
88,3,291413,7263183,"A",2007-08-26-00.00.00,"N",5,2008-05-23-00.00.00,"X"
89,3,291413,7263369,"A",2007-08-26-00.00.00,"N",3,2008-05-23-00.00.00,"X"
90,3,291413,7264301,"A",2007-08-12-00.00.00,"N",0,2008-05-23-00.00.00,"X"
91,3,291413,7265232,"A",2007-08-26-00.00.00,"N",4,2008-05-23-00.00.00,"X"
92,3,291413,7265791,"A",2007-08-14-00.00.00,"N",2,2008-05-23-00.00.00,"X"
93,3,291413,7265978,"A",2007-08-26-00.00.00,"N",4,2008-05-23-00.00.00,"X"
94,3,291413,7266164,"A",2007-08-16-00.00.00,"N",0,2008-05-23-00.00.00,"X"
95,3,291413,7266350,"A",2007-08-26-00.00.00,"N",5,2008-05-23-00.00.00,"X"
96,3,291413,7266537,"A",2007-08-26-00.00.00,"N",2,2007-12-05-00.00.00,"S"
97,3,291413,7267282,"A",2007-09-03-00.00.00,"N",5,2008-05-23-00.00.00,"X"
98,3,291413,7268027,"A",2007-10-18-00.00.00,"S",3,2008-05-23-00.00.00,"X"
99,3,291413,7269890,"A",2008-01-06-00.00.00,"R",5,2008-05-23-00.00.00,"X"
100,3,291413,7271567,"A",2008-04-01-00.00.00,"R",4,2008-05-23-00.00.00,"X"
101,3,291413,7257034,"A",2008-04-09-00.00.00,"S",0,2008-05-23-00.00.00,"X"
102,3,291413,7271754,"A",2008-04-21-00.00.00,"R",3,2008-05-23-00.00.00,"X"
103,3,291413,7271940,"A",2008-04-21-00.00.00,"R",0,2008-05-23-00.00.00,"X"
104,4,291413,7216041,"A",2008-08-25-00.00.00,"N",5,,
105,4,291413,7216228,"A",2008-08-25-00.00.00,"N",5,,
106,4,291413,7268027,"A",2008-08-25-00.00.00,"N",4,2008-09-08-00.00.00,"W"
107,4,291413,7257034,"A",2008-08-25-00.00.00,"N",1,,
108,4,291413,7271754,"A",2008-08-25-00.00.00,"N",4,2008-09-05-00.00.00,"S"
109,4,291413,7271940,"A",2008-08-25-00.00.00,"N",1,2008-09-05-00.00.00,"S"
110,4,291413,7216414,"A",2008-08-25-00.00.00,"N",4,,
111,4,291413,7216787,"A",2008-08-25-00.00.00,"N",4,,
112,4,291413,7217159,"A",2008-08-25-00.00.00,"N",5,,
113,4,291413,7217905,"A",2008-08-25-00.00.00,"N",5,,
114,4,291413,7218463,"A",2008-08-25-00.00.00,"N",5,,
115,4,291413,7218650,"A",2008-08-25-00.00.00,"N",4,,
116,4,291413,7219209,"A",2008-08-25-00.00.00,"N",5,,
117,4,291413,7219395,"A",2008-08-25-00.00.00,"N",4,,
118,4,291413,7219768,"A",2008-08-25-00.00.00,"N",5,,
119,4,291413,7219954,"A",2008-08-25-00.00.00,"N",4,,
120,4,291413,7220140,"A",2008-08-25-00.00.00,"N",4,,
121,4,291413,7221072,"A",2008-08-25-00.00.00,"N",5,,
122,4,291413,7222190,"A",2008-08-25-00.00.00,"N",4,,
123,4,291413,7222563,"A",2008-08-25-00.00.00,"N",5,,
124,4,291413,7223494,"A",2008-08-25-00.00.00,"N",4,,
125,4,291413,7223867,"A",2008-08-25-00.00.00,"N",4,,
126,4,291413,7190700,"A",2008-08-25-00.00.00,"N",4,,
127,4,291413,7225171,"A",2008-08-25-00.00.00,"N",3,,
128,4,291413,7225544,"A",2008-08-25-00.00.00,"N",3,,
129,4,291413,7225730,"A",2008-08-25-00.00.00,"N",3,,
130,4,291413,7225917,"A",2008-08-25-00.00.00,"N",3,,
131,4,291413,7226103,"A",2008-08-25-00.00.00,"N",3,,
132,4,291413,7226289,"A",2008-08-25-00.00.00,"N",3,,
133,4,291413,7227407,"A",2008-08-25-00.00.00,"N",3,,
134,4,291413,7227594,"A",2008-08-25-00.00.00,"N",3,2008-11-26-00.00.00,"S"
135,4,291413,7227780,"A",2008-08-25-00.00.00,"N",3,,
136,4,291413,7228712,"A",2008-08-25-00.00.00,"N",2,,
137,4,291413,7228898,"A",2008-08-25-00.00.00,"N",4,,
138,4,291413,7230761,"A",2008-08-25-00.00.00,"N",4,,
139,4,291413,7235047,"A",2008-08-25-00.00.00,"N",5,,
140,4,291413,7231507,"A",2008-08-25-00.00.00,"N",2,,
141,4,291413,7237469,"A",2008-08-25-00.00.00,"N",2,,
142,4,291413,7237842,"A",2008-08-25-00.00.00,"N",2,,
143,4,291413,7238214,"A",2008-08-25-00.00.00,"N",2,,
144,4,291413,7239891,"A",2008-08-25-00.00.00,"N",2,,
145,4,291413,7240078,"A",2008-08-25-00.00.00,"N",2,,
146,4,291413,7240450,"A",2008-08-25-00.00.00,"N",2,,
147,4,291413,7240637,"A",2008-08-25-00.00.00,"N",2,,
148,4,291413,7247158,"A",2008-08-25-00.00.00,"N",2,,
149,4,291413,7247345,"A",2008-08-25-00.00.00,"N",4,,
150,4,291413,7239705,"A",2008-08-25-00.00.00,"N",2,,
151,4,291413,7255729,"A",2008-08-25-00.00.00,"N",5,,
152,4,291413,7255916,"A",2008-08-25-00.00.00,"N",3,,
153,4,291413,7256102,"A",2008-08-25-00.00.00,"N",1,,
154,4,291413,7256288,"A",2008-08-25-00.00.00,"N",1,,
155,4,291413,7256475,"A",2008-08-25-00.00.00,"N",1,,
156,4,291413,7256661,"A",2008-08-25-00.00.00,"N",1,,
157,4,291413,7257220,"A",2008-08-25-00.00.00,"N",1,,
158,4,291413,7257406,"A",2008-08-25-00.00.00,"N",1,,
159,4,291413,7257593,"A",2008-08-25-00.00.00,"N",1,,
160,4,291413,7257965,"A",2008-08-25-00.00.00,"N",1,,
161,4,291413,7250885,"A",2008-08-25-00.00.00,"N",1,,
162,4,291413,7249953,"A",2008-08-25-00.00.00,"N",1,,
163,4,291413,7261878,"A",2008-08-25-00.00.00,"N",1,,
164,4,291413,7262065,"A",2008-08-25-00.00.00,"N",1,,
165,4,291413,7262251,"A",2008-08-25-00.00.00,"N",5,,
166,4,291413,7262624,"A",2008-08-25-00.00.00,"N",1,,
167,4,291413,7262996,"A",2008-08-25-00.00.00,"N",4,2008-11-03-00.00.00,"O"
168,4,291413,7264301,"A",2008-08-25-00.00.00,"N",1,,
169,4,291413,7265232,"A",2008-08-25-00.00.00,"N",5,,
170,4,291413,7265791,"A",2008-08-25-00.00.00,"N",3,,
171,4,291413,7265978,"A",2008-08-25-00.00.00,"N",5,,
172,4,291413,7266164,"A",2008-08-25-00.00.00,"N",1,,
173,4,291413,7231693,"A",2008-08-25-00.00.00,"N",0,,
174,4,291413,7273058,"A",2008-08-25-00.00.00,"N",2,,
175,4,291413,7273244,"A",2008-08-25-00.00.00,"N",0,,
176,4,291413,7273431,"A",2008-08-25-00.00.00,"N",0,2009-02-06-00.00.00,"F"
177,4,291413,7273990,"A",2008-08-25-00.00.00,"N",0,,
178,4,291413,7274176,"A",2008-08-25-00.00.00,"N",0,,
179,4,291413,7274362,"A",2008-08-25-00.00.00,"N",0,,
180,4,291413,7274549,"A",2008-08-25-00.00.00,"N",0,,
181,4,291413,7277903,"A",2008-08-25-00.00.00,"N",0,,
182,4,291413,7279021,"A",2008-08-25-00.00.00,"N",4,,
183,4,291413,7279952,"A",2008-09-02-00.00.00,"N",5,,
184,4,291413,7280139,"A",2008-09-02-00.00.00,"N",4,,
185,4,291413,7280325,"A",2008-09-02-00.00.00,"N",0,,
186,4,291413,7280511,"A",2008-09-22-00.00.00,"S",5,,
187,4,291413,7280884,"A",2008-09-22-00.00.00,"S",3,,
188,4,291413,7282934,"A",2009-02-09-00.00.00,"N",0,,
189,5,305388,7193309,"A",2005-08-27-00.00.00,"N",3,2005-08-27-00.00.00,"W"
190,5,305388,7196477,"A",2005-08-28-00.00.00,"N",4,2006-05-24-00.00.00,"X"
191,5,305388,7196849,"A",2005-08-28-00.00.00,"N",3,2006-05-24-00.00.00,"X"
192,5,305388,7198526,"A",2005-08-28-00.00.00,"N",0,2006-05-24-00.00.00,"X"
193,5,305388,7199644,"A",2005-08-28-00.00.00,"N",2,2006-01-08-00.00.00,"O"
194,5,305388,7200390,"A",2005-08-28-00.00.00,"N",1,2006-05-24-00.00.00,"X"
195,5,305388,7200949,"A",2005-08-28-00.00.00,"N",4,2006-05-24-00.00.00,"X"
196,5,305388,7201135,"A",2005-08-28-00.00.00,"N",2,2006-05-24-00.00.00,"X"
197,5,305388,7201694,"A",2005-08-28-00.00.00,"N",2,2006-05-24-00.00.00,"X"
198,5,305388,7202812,"A",2005-08-28-00.00.00,"N",4,2005-09-18-00.00.00,"O"
199,5,305388,7205420,"A",2005-08-28-00.00.00,"N",1,2006-05-24-00.00.00,"X"
200,5,305388,7207284,"A",2005-08-28-00.00.00,"N",1,2006-05-24-00.00.00,"X"
201,5,305388,7209147,"A",2005-08-27-00.00.00,"N",5,2005-08-27-00.00.00,"O"
202,5,305388,7209333,"A",2005-08-27-00.00.00,"N",3,2005-08-27-00.00.00,"O"
203,5,305388,7210451,"A",2005-08-28-00.00.00,"N",2,2005-11-27-00.00.00,"S"
204,5,305388,7210824,"A",2005-08-28-00.00.00,"N",4,2005-11-27-00.00.00,"S"
205,5,305388,7211756,"A",2005-08-28-00.00.00,"N",1,2006-05-24-00.00.00,"X"
206,5,305388,7211942,"A",2005-08-28-00.00.00,"N",0,2006-05-24-00.00.00,"X"
207,5,305388,7212128,"A",2005-08-28-00.00.00,"N",3,2006-05-24-00.00.00,"X"
208,5,305388,7212315,"A",2005-08-28-00.00.00,"N",5,2006-05-24-00.00.00,"X"
209,5,305388,7212501,"A",2005-08-28-00.00.00,"N",0,2006-05-24-00.00.00,"X"
210,5,305388,7212687,"A",2005-08-28-00.00.00,"N",1,2006-05-24-00.00.00,"X"
211,5,305388,7230016,"A",2005-08-28-00.00.00,"N",0,2005-10-10-00.00.00,"O"
212,5,305388,7230016,"A",2005-11-28-00.00.00,"R",0,2006-05-24-00.00.00,"X"
213,6,305388,7196477,"A",2006-08-27-00.00.00,"N",5,2007-03-25-00.00.00,"S"
214,6,305388,7196849,"A",2006-08-27-00.00.00,"N",4,2006-09-21-00.00.00,"O"
215,6,305388,7198526,"A",2006-08-27-00.00.00,"N",1,2007-05-23-00.00.00,"X"
216,6,305388,7205420,"A",2006-08-27-00.00.00,"N",2,2007-02-04-00.00.00,"O"
217,6,305388,7211756,"A",2006-08-27-00.00.00,"N",2,2007-05-23-00.00.00,"X"
218,6,305388,7211942,"A",2006-08-27-00.00.00,"N",1,2007-05-23-00.00.00,"X"
219,6,305388,7212128,"A",2006-08-27-00.00.00,"N",4,2007-05-23-00.00.00,"X"
220,6,305388,7212501,"A",2006-08-27-00.00.00,"N",1,2007-05-23-00.00.00,"X"
221,6,305388,7212687,"A",2006-08-27-00.00.00,"N",2,2007-05-23-00.00.00,"X"
222,6,305388,7230016,"A",2006-08-27-00.00.00,"N",1,2006-10-22-00.00.00,"O"
223,5,305388,7235978,"A",2006-04-17-00.00.00,"N",1,2006-05-24-00.00.00,"X"
224,6,305388,7242127,"A",2006-08-27-00.00.00,"N",0,2007-02-04-00.00.00,"O"
225,6,305388,7244363,"A",2006-08-27-00.00.00,"N",1,2007-05-23-00.00.00,"X"
226,6,305388,7248090,"A",2006-08-27-00.00.00,"N",3,2006-12-18-00.00.00,"O"
227,6,305388,7248463,"A",2006-08-27-00.00.00,"N",5,2007-04-23-00.00.00,"O"
228,6,305388,7248649,"A",2006-08-27-00.00.00,"N",1,2007-04-23-00.00.00,"O"
229,6,305388,7248835,"A",2006-08-27-00.00.00,"N",0,2007-04-24-00.00.00,"O"
230,6,305388,7235978,"A",2007-01-03-00.00.00,"R",2,2007-05-23-00.00.00,"X"
231,6,305388,7252376,"A",2007-01-03-00.00.00,"T",1,2007-05-23-00.00.00,"X"
232,7,305388,7190328,"A",2007-08-26-00.00.00,"N",3,2008-05-23-00.00.00,"X"
233,7,305388,7191073,"A",2007-08-26-00.00.00,"N",5,2008-05-23-00.00.00,"X"
234,7,305388,7191446,"A",2007-08-26-00.00.00,"N",1,2008-05-23-00.00.00,"X"
235,7,305388,7191818,"A",2007-08-26-00.00.00,"N",3,2008-05-23-00.00.00,"X"
236,7,305388,7192005,"A",2007-08-26-00.00.00,"N",2,2008-05-23-00.00.00,"X"
237,7,305388,7192377,"A",2007-08-26-00.00.00,"N",2,2008-05-23-00.00.00,"X"
238,7,305388,7192750,"A",2007-08-26-00.00.00,"N",3,2008-05-23-00.00.00,"X"
239,7,305388,7193123,"A",2007-08-26-00.00.00,"N",5,2008-05-23-00.00.00,"X"
240,7,305388,7194054,"A",2007-08-26-00.00.00,"N",2,2008-05-23-00.00.00,"X"
241,7,305388,7194427,"A",2007-08-26-00.00.00,"N",3,2008-05-23-00.00.00,"X"
242,7,305388,7194613,"A",2007-08-26-00.00.00,"N",5,2008-05-23-00.00.00,"X"
243,7,305388,7194800,"A",2007-08-26-00.00.00,"N",4,2008-05-23-00.00.00,"X"
244,7,305388,7194986,"A",2007-08-26-00.00.00,"N",4,2008-05-23-00.00.00,"X"
245,7,305388,7195918,"A",2007-08-26-00.00.00,"N",5,2008-05-23-00.00.00,"X"
246,7,305388,7196104,"A",2007-08-26-00.00.00,"N",4,2008-05-23-00.00.00,"X"
247,7,305388,7196290,"A",2007-08-26-00.00.00,"N",3,2008-05-23-00.00.00,"X"
248,7,305388,7197408,"A",2007-08-26-00.00.00,"N",3,2008-05-23-00.00.00,"X"
249,7,305388,7197781,"A",2007-08-26-00.00.00,"N",4,2008-05-23-00.00.00,"X"
250,7,305388,7197967,"A",2007-08-26-00.00.00,"N",2,2008-05-23-00.00.00,"X"
251,7,305388,7198340,"A",2007-08-26-00.00.00,"N",2,2008-05-23-00.00.00,"X"
252,7,305388,7198526,"A",2007-08-26-00.00.00,"N",2,2007-10-21-00.00.00,"O"
253,7,305388,7198899,"A",2007-08-26-00.00.00,"N",3,2008-05-23-00.00.00,"X"
254,7,305388,7199085,"A",2007-08-26-00.00.00,"N",2,2008-05-23-00.00.00,"X"
255,7,305388,7199458,"A",2007-08-26-00.00.00,"N",4,2008-05-23-00.00.00,"X"
256,7,305388,7200017,"A",2007-08-26-00.00.00,"N",5,2008-05-23-00.00.00,"X"
257,7,305388,7200762,"A",2007-08-26-00.00.00,"N",5,2008-05-23-00.00.00,"X"
258,7,305388,7201321,"A",2007-08-26-00.00.00,"N",2,2008-05-23-00.00.00,"X"
259,7,305388,7201507,"A",2007-08-26-00.00.00,"N",3,2008-05-23-00.00.00,"X"
260,7,305388,7201880,"A",2007-08-26-00.00.00,"N",3,2008-05-23-00.00.00,"X"
261,7,305388,7202066,"A",2007-08-26-00.00.00,"N",3,2008-05-23-00.00.00,"X"
262,7,305388,7202253,"A",2007-08-26-00.00.00,"N",5,2008-05-23-00.00.00,"X"
263,7,305388,7202625,"A",2007-08-26-00.00.00,"N",4,2008-05-23-00.00.00,"X"
264,7,305388,7202998,"A",2007-08-26-00.00.00,"N",3,2008-05-23-00.00.00,"X"
265,7,305388,7203557,"A",2007-08-26-00.00.00,"N",3,2008-05-23-00.00.00,"X"
266,7,305388,7203743,"A",2007-08-26-00.00.00,"N",5,2008-05-23-00.00.00,"X"
267,7,305388,7203930,"A",2007-08-26-00.00.00,"N",2,2008-05-23-00.00.00,"X"
268,7,305388,7204116,"A",2007-08-26-00.00.00,"N",4,2008-05-23-00.00.00,"X"
269,7,305388,7204489,"A",2007-08-26-00.00.00,"N",3,2008-05-23-00.00.00,"X"
270,7,305388,7204675,"A",2007-08-26-00.00.00,"N",4,2008-05-23-00.00.00,"X"
271,7,305388,7204861,"A",2007-08-26-00.00.00,"N",5,2008-05-23-00.00.00,"X"
272,7,305388,7205048,"A",2007-08-26-00.00.00,"N",5,2008-05-23-00.00.00,"X"
273,7,305388,7205607,"A",2007-08-26-00.00.00,"N",3,2008-05-23-00.00.00,"X"
274,7,305388,7205979,"A",2007-08-26-00.00.00,"N",4,2008-05-23-00.00.00,"X"
275,7,305388,7206166,"A",2007-08-26-00.00.00,"N",5,2008-05-23-00.00.00,"X"
276,7,305388,7206352,"A",2007-08-26-00.00.00,"N",2,2008-05-23-00.00.00,"X"
277,7,305388,7206538,"A",2007-08-26-00.00.00,"N",4,2008-05-23-00.00.00,"X"
278,7,305388,7206725,"A",2007-08-26-00.00.00,"N",5,2008-05-23-00.00.00,"X"
279,7,305388,7207097,"A",2007-08-26-00.00.00,"N",4,2008-05-23-00.00.00,"X"
280,7,305388,7207470,"A",2007-08-26-00.00.00,"N",5,2008-05-23-00.00.00,"X"
281,7,305388,7207656,"A",2007-08-26-00.00.00,"N",2,2008-05-23-00.00.00,"X"
282,7,305388,7207843,"A",2007-08-26-00.00.00,"N",3,2008-05-23-00.00.00,"X"
283,7,305388,7208029,"A",2007-08-26-00.00.00,"N",5,2008-05-23-00.00.00,"X"
284,7,305388,7208402,"A",2007-08-26-00.00.00,"N",4,2008-05-23-00.00.00,"X"
285,7,305388,7208774,"A",2007-08-26-00.00.00,"N",5,2008-05-23-00.00.00,"X"
286,7,305388,7208961,"A",2007-08-26-00.00.00,"N",3,2008-05-23-00.00.00,"X"
287,7,305388,7210079,"A",2007-08-26-00.00.00,"N",3,2008-05-23-00.00.00,"X"
288,7,305388,7210265,"A",2007-08-26-00.00.00,"N",5,2008-05-23-00.00.00,"X"
289,7,305388,7211010,"A",2007-08-26-00.00.00,"N",4,2008-05-23-00.00.00,"X"
290,7,305388,7211197,"A",2007-08-26-00.00.00,"N",2,2008-05-23-00.00.00,"X"
291,7,305388,7211383,"A",2007-08-26-00.00.00,"N",4,2008-05-23-00.00.00,"X"
292,7,305388,7212501,"A",2007-08-26-00.00.00,"N",2,2007-12-12-00.00.00,"O"
293,7,305388,7212687,"A",2007-08-26-00.00.00,"N",3,2007-12-12-00.00.00,"O"
294,7,305388,7212874,"A",2007-08-26-00.00.00,"N",2,2008-05-23-00.00.00,"X"
295,7,305388,7213060,"A",2007-08-26-00.00.00,"N",4,2008-05-23-00.00.00,"X"
296,7,305388,7213619,"A",2007-08-26-00.00.00,"N",2,2008-05-23-00.00.00,"X"
297,7,305388,7213805,"A",2007-08-26-00.00.00,"N",5,2008-05-23-00.00.00,"X"
298,7,305388,7213992,"A",2007-08-26-00.00.00,"N",3,2008-05-23-00.00.00,"X"
299,7,305388,7214178,"A",2007-08-26-00.00.00,"N",4,2008-05-23-00.00.00,"X"
300,7,305388,7214737,"A",2007-08-26-00.00.00,"N",5,2008-05-23-00.00.00,"X"
301,7,305388,7215110,"A",2007-08-26-00.00.00,"N",3,2008-05-23-00.00.00,"X"
302,7,305388,7215296,"A",2007-08-26-00.00.00,"N",5,2008-05-23-00.00.00,"X"
303,7,305388,7232438,"A",2007-08-26-00.00.00,"N",1,2008-05-23-00.00.00,"X"
304,7,305388,7240823,"A",2007-08-26-00.00.00,"N",1,2008-05-23-00.00.00,"X"
305,7,305388,7241009,"A",2007-08-26-00.00.00,"N",1,2008-05-23-00.00.00,"X"
306,7,305388,7241196,"A",2007-08-26-00.00.00,"N",1,2008-05-23-00.00.00,"X"
307,7,305388,7241382,"A",2007-08-26-00.00.00,"N",1,2008-05-23-00.00.00,"X"
308,7,305388,7241755,"A",2007-08-26-00.00.00,"N",1,2008-05-23-00.00.00,"X"
309,7,305388,7241941,"A",2007-08-26-00.00.00,"N",1,2008-05-23-00.00.00,"X"
310,7,305388,7242314,"A",2007-08-26-00.00.00,"N",1,2008-05-23-00.00.00,"X"
311,7,305388,7242500,"A",2007-08-26-00.00.00,"N",1,2008-05-23-00.00.00,"X"
312,7,305388,7242873,"A",2007-08-26-00.00.00,"N",1,2008-05-23-00.00.00,"X"
313,7,305388,7243059,"A",2007-08-26-00.00.00,"N",1,2008-05-23-00.00.00,"S"
314,7,305388,7243432,"A",2007-08-26-00.00.00,"N",1,2008-05-23-00.00.00,"X"
315,7,305388,7243618,"A",2007-08-26-00.00.00,"N",1,2008-05-23-00.00.00,"X"
316,7,305388,7243804,"A",2007-08-26-00.00.00,"N",1,2008-05-23-00.00.00,"X"
317,7,305388,7245481,"A",2007-08-26-00.00.00,"N",1,2008-05-23-00.00.00,"X"
318,7,305388,7190141,"A",2007-08-26-00.00.00,"N",5,2008-05-23-00.00.00,"X"
319,7,305388,7252376,"A",2007-08-26-00.00.00,"N",2,2007-08-30-00.00.00,"S"
320,7,305388,7251071,"A",2007-08-26-00.00.00,"N",0,2008-05-23-00.00.00,"X"
321,7,305388,7231879,"A",2007-08-26-00.00.00,"N",0,2008-05-23-00.00.00,"X"
322,7,305388,7232066,"A",2007-08-26-00.00.00,"N",0,2008-05-23-00.00.00,"X"
323,7,305388,7258152,"A",2007-08-26-00.00.00,"N",0,2008-05-23-00.00.00,"X"
324,7,305388,7258338,"A",2007-08-26-00.00.00,"N",0,2008-05-23-00.00.00,"X"
325,7,305388,7258524,"A",2007-08-26-00.00.00,"N",0,2008-05-23-00.00.00,"X"
326,7,305388,7258711,"A",2007-08-26-00.00.00,"N",0,2008-05-23-00.00.00,"X"
327,7,305388,7258897,"A",2007-08-26-00.00.00,"N",0,2008-05-23-00.00.00,"X"
328,7,305388,7259083,"A",2007-08-26-00.00.00,"N",0,2008-05-23-00.00.00,"X"
329,7,305388,7259270,"A",2007-08-26-00.00.00,"N",0,2008-05-23-00.00.00,"X"
330,7,305388,7259456,"A",2007-08-26-00.00.00,"N",0,2008-05-23-00.00.00,"X"
331,7,305388,7259642,"A",2007-08-26-00.00.00,"N",0,2008-05-23-00.00.00,"X"
332,7,305388,7259829,"A",2007-08-26-00.00.00,"N",0,2008-05-23-00.00.00,"X"
333,7,305388,7260015,"A",2007-08-26-00.00.00,"N",0,2008-05-23-00.00.00,"X"
334,7,305388,7260201,"A",2007-08-26-00.00.00,"N",0,2008-05-23-00.00.00,"X"
335,7,305388,7260388,"A",2007-08-26-00.00.00,"N",0,2008-05-23-00.00.00,"X"
336,7,305388,7260574,"A",2007-08-26-00.00.00,"N",0,2008-05-23-00.00.00,"X"
337,7,305388,7260760,"A",2007-08-26-00.00.00,"N",0,2008-05-23-00.00.00,"X"
338,7,305388,7260947,"A",2007-08-26-00.00.00,"N",0,2008-05-23-00.00.00,"X"
339,7,305388,7261133,"A",2007-08-26-00.00.00,"N",0,2008-05-23-00.00.00,"X"
340,7,305388,7264673,"A",2007-08-26-00.00.00,"N",5,2008-05-23-00.00.00,"X"
341,7,305388,7267468,"A",2007-09-23-00.00.00,"N",0,2007-09-25-00.00.00,"O"
342,7,305388,7267655,"A",2007-10-01-00.00.00,"N",0,2008-05-23-00.00.00,"X"
343,7,305388,7268773,"A",2007-11-19-00.00.00,"N",1,2008-01-08-00.00.00,"S"
344,7,305388,7270077,"A",2008-01-09-00.00.00,"N",2,2008-05-23-00.00.00,"X"
345,7,305388,7270263,"A",2008-01-09-00.00.00,"N",0,2008-05-23-00.00.00,"X"
346,7,305388,7270636,"A",2008-02-24-00.00.00,"N",1,2008-05-23-00.00.00,"X"
347,8,305388,7190328,"A",2008-08-25-00.00.00,"N",4,,
348,8,305388,7241941,"A",2008-08-25-00.00.00,"N",2,,
349,8,305388,7242314,"A",2008-08-25-00.00.00,"N",2,,
350,8,305388,7242500,"A",2008-08-25-00.00.00,"N",2,,
351,8,305388,7242873,"A",2008-08-25-00.00.00,"N",2,,
352,8,305388,7243432,"A",2008-08-25-00.00.00,"N",2,,
353,8,305388,7243618,"A",2008-08-25-00.00.00,"N",2,,
354,8,305388,7243804,"A",2008-08-25-00.00.00,"N",2,,
355,8,305388,7245481,"A",2008-08-25-00.00.00,"N",2,,
356,8,305388,7251071,"A",2008-08-25-00.00.00,"N",1,,
357,8,305388,7231879,"A",2008-08-25-00.00.00,"N",1,,
358,8,305388,7232066,"A",2008-08-25-00.00.00,"N",1,,
359,8,305388,7258152,"A",2008-08-25-00.00.00,"N",1,,
360,8,305388,7258338,"A",2008-08-25-00.00.00,"N",1,,
361,8,305388,7258524,"A",2008-08-25-00.00.00,"N",1,,
362,8,305388,7258711,"A",2008-08-25-00.00.00,"N",1,,
363,8,305388,7258897,"A",2008-08-25-00.00.00,"N",1,,
364,8,305388,7259083,"A",2008-08-25-00.00.00,"N",1,,
365,8,305388,7259270,"A",2008-08-25-00.00.00,"N",1,,
366,8,305388,7259456,"A",2008-08-25-00.00.00,"N",1,,
367,8,305388,7259642,"A",2008-08-25-00.00.00,"N",1,,
368,8,305388,7259829,"A",2008-08-25-00.00.00,"N",1,,
369,8,305388,7260015,"A",2008-08-25-00.00.00,"N",1,,
370,8,305388,7260201,"A",2008-08-25-00.00.00,"N",1,,
371,8,305388,7260388,"A",2008-08-25-00.00.00,"N",1,,
372,8,305388,7260574,"A",2008-08-25-00.00.00,"N",1,,
373,8,305388,7260760,"A",2008-08-25-00.00.00,"N",1,,
374,8,305388,7260947,"A",2008-08-25-00.00.00,"N",1,,
375,8,305388,7261133,"A",2008-08-25-00.00.00,"N",1,,
376,8,305388,7267655,"A",2008-08-25-00.00.00,"N",1,,
377,8,305388,7191446,"A",2008-08-25-00.00.00,"N",2,,
378,8,305388,7191818,"A",2008-08-25-00.00.00,"N",4,,
379,8,305388,7192005,"A",2008-08-25-00.00.00,"N",3,,
380,8,305388,7192377,"A",2008-08-25-00.00.00,"N",3,,
381,8,305388,7192750,"A",2008-08-25-00.00.00,"N",4,,
382,8,305388,7194054,"A",2008-08-25-00.00.00,"N",3,,
383,8,305388,7194427,"A",2008-08-25-00.00.00,"N",4,,
384,8,305388,7194800,"A",2008-08-25-00.00.00,"N",5,,
385,8,305388,7194986,"A",2008-08-25-00.00.00,"N",5,,
386,8,305388,7196104,"A",2008-08-25-00.00.00,"N",5,,
387,8,305388,7196290,"A",2008-08-25-00.00.00,"N",4,,
388,8,305388,7197408,"A",2008-08-25-00.00.00,"N",4,,
389,8,305388,7197781,"A",2008-08-25-00.00.00,"N",5,,
390,8,305388,7197967,"A",2008-08-25-00.00.00,"N",3,,
391,8,305388,7198340,"A",2008-08-25-00.00.00,"N",3,,
392,8,305388,7198899,"A",2008-08-25-00.00.00,"N",4,,
393,8,305388,7199085,"A",2008-08-25-00.00.00,"N",3,,
394,8,305388,7199458,"A",2008-08-25-00.00.00,"N",5,,
395,8,305388,7201321,"A",2008-08-25-00.00.00,"N",3,,
396,8,305388,7201507,"A",2008-08-25-00.00.00,"N",4,,
397,8,305388,7201880,"A",2008-08-25-00.00.00,"N",4,,
398,8,305388,7202066,"A",2008-08-25-00.00.00,"N",4,,
399,8,305388,7202625,"A",2008-08-25-00.00.00,"N",5,,
400,8,305388,7202998,"A",2008-08-25-00.00.00,"N",4,,
401,8,305388,7203557,"A",2008-08-25-00.00.00,"N",4,,
402,8,305388,7203930,"A",2008-08-25-00.00.00,"N",3,,
403,8,305388,7204116,"A",2008-08-25-00.00.00,"N",5,,
404,8,305388,7204489,"A",2008-08-25-00.00.00,"N",4,,
405,8,305388,7204675,"A",2008-08-25-00.00.00,"N",5,,
406,8,305388,7205607,"A",2008-08-25-00.00.00,"N",4,,
407,8,305388,7205979,"A",2008-08-25-00.00.00,"N",5,,
408,8,305388,7206352,"A",2008-08-25-00.00.00,"N",3,,
409,8,305388,7206538,"A",2008-08-25-00.00.00,"N",5,,
410,8,305388,7207097,"A",2008-08-25-00.00.00,"N",5,,
411,8,305388,7207656,"A",2008-08-25-00.00.00,"N",3,,
412,8,305388,7207843,"A",2008-08-25-00.00.00,"N",4,,
413,8,305388,7208402,"A",2008-08-25-00.00.00,"N",5,,
414,8,305388,7208961,"A",2008-08-25-00.00.00,"N",4,,
415,8,305388,7210079,"A",2008-08-25-00.00.00,"N",4,,
416,8,305388,7211010,"A",2008-08-25-00.00.00,"N",5,,
417,8,305388,7211197,"A",2008-08-25-00.00.00,"N",3,,
418,8,305388,7211383,"A",2008-08-25-00.00.00,"N",5,,
419,8,305388,7212874,"A",2008-08-25-00.00.00,"N",3,,
420,8,305388,7213060,"A",2008-08-25-00.00.00,"N",5,,
421,8,305388,7213619,"A",2008-08-25-00.00.00,"N",3,,
422,8,305388,7213992,"A",2008-08-25-00.00.00,"N",4,,
423,8,305388,7214178,"A",2008-08-25-00.00.00,"N",5,,
424,8,305388,7215110,"A",2008-08-25-00.00.00,"N",4,,
425,8,305388,7232438,"A",2008-08-25-00.00.00,"N",1,,
426,8,305388,7240823,"A",2008-08-25-00.00.00,"N",2,,
427,8,305388,7241009,"A",2008-08-25-00.00.00,"N",2,,
428,8,305388,7241196,"A",2008-08-25-00.00.00,"N",2,,
429,8,305388,7241382,"A",2008-08-25-00.00.00,"N",2,,
430,8,305388,7241755,"A",2008-08-25-00.00.00,"N",2,,
431,8,305388,7269145,"A",2008-08-25-00.00.00,"N",0,,
432,8,305388,7251258,"A",2008-08-25-00.00.00,"N",0,,
433,8,305388,7272499,"A",2008-08-25-00.00.00,"N",0,,
434,8,305388,7272685,"A",2008-08-25-00.00.00,"N",0,,
435,8,305388,7274735,"A",2008-08-25-00.00.00,"N",0,,
436,8,305388,7274921,"A",2008-08-25-00.00.00,"N",0,,
437,8,305388,7275108,"A",2008-08-25-00.00.00,"N",0,,
438,8,305388,7275294,"A",2008-08-25-00.00.00,"N",0,,
439,8,305388,7275480,"A",2008-08-25-00.00.00,"N",0,,
440,8,305388,7275667,"A",2008-08-25-00.00.00,"N",0,,
441,8,305388,7275853,"A",2008-08-25-00.00.00,"N",0,,
442,8,305388,7276039,"A",2008-08-25-00.00.00,"N",0,,
443,8,305388,7276226,"A",2008-08-25-00.00.00,"N",0,,
444,8,305388,7276412,"A",2008-08-25-00.00.00,"N",0,,
445,8,305388,7276971,"A",2008-08-25-00.00.00,"N",0,,
446,8,305388,7277157,"A",2008-08-25-00.00.00,"N",0,,
447,8,305388,7277344,"A",2008-08-25-00.00.00,"N",0,,
448,8,305388,7277530,"A",2008-08-25-00.00.00,"N",0,,
449,8,305388,7277716,"A",2008-08-25-00.00.00,"N",0,,
450,8,305388,7278275,"A",2008-08-25-00.00.00,"N",1,2008-09-19-00.00.00,"O"
451,8,305388,7279207,"A",2008-08-25-00.00.00,"N",1,,
452,8,305388,7279580,"A",2008-08-25-00.00.00,"N",3,,
453,8,305388,7279766,"A",2008-08-25-00.00.00,"N",0,,
454,8,305388,7235978,"A",2008-08-25-00.00.00,"N",4,,
455,8,305388,7281070,"A",2008-09-22-00.00.00,"T",1,2010-04-01-00.00.00,"O"
456,8,305388,7282002,"A",2008-11-03-00.00.00,"T",0,,
457,8,305388,7273431,"A",2009-02-09-00.00.00,"D",0,,
458,9,548362,7232252,"A",2005-08-28-00.00.00,"N",0,2006-05-24-00.00.00,"X"
459,9,548362,7234674,"A",2006-01-11-00.00.00,"N",0,2006-05-24-00.00.00,"X"
460,10,548362,7232252,"A",2006-08-27-00.00.00,"N",0,2007-05-23-00.00.00,"X"
461,10,548362,7234674,"A",2006-08-27-00.00.00,"N",0,2007-05-23-00.00.00,"X"
462,11,548362,7251258,"A",2007-08-26-00.00.00,"N",0,2008-05-23-00.00.00,"X"
463,11,548362,7253121,"A",2007-08-26-00.00.00,"N",0,2008-05-23-00.00.00,"X"
464,11,548362,7234674,"A",2007-08-26-00.00.00,"N",0,2008-01-29-00.00.00,"S"
465,11,548362,7231693,"A",2007-08-26-00.00.00,"N",0,2008-05-23-00.00.00,"X"
466,11,548362,7268959,"A",2007-08-29-00.00.00,"N",0,2008-05-23-00.00.00,"X"
467,11,548362,7269145,"A",2007-08-26-00.00.00,"N",0,2008-05-23-00.00.00,"X"
468,11,548362,7269332,"A",2007-10-17-00.00.00,"N",0,2008-05-01-00.00.00,"S"
469,12,548362,7253121,"A",2008-08-25-00.00.00,"N",0,,
470,12,548362,7268959,"A",2008-08-25-00.00.00,"N",0,,
471,12,548362,7281443,"A",2008-10-15-00.00.00,"N",0,,
472,12,548362,7281629,"A",2008-08-27-00.00.00,"N",0,,
473,12,548362,7281816,"A",2008-08-27-00.00.00,"N",0,,
474,12,548362,7282188,"A",2008-11-18-00.00.00,"N",0,,
475,12,548362,7282375,"A",2008-11-18-00.00.00,"N",0,,
476,13,1544853,7170204,"A",2005-08-28-00.00.00,"N",7,2006-05-24-00.00.00,"X"
477,13,1544853,7173744,"A",2005-08-28-00.00.00,"N",6,2006-05-24-00.00.00,"X"
478,13,1544853,7173931,"A",2005-08-28-00.00.00,"N",8,2006-05-24-00.00.00,"X"
479,13,1544853,7175235,"A",2005-08-28-00.00.00,"N",8,2006-05-24-00.00.00,"X"
480,13,1544853,7178030,"A",2005-08-28-00.00.00,"N",6,2006-05-24-00.00.00,"X"
481,13,1544853,7178589,"A",2005-08-28-00.00.00,"N",7,2006-05-24-00.00.00,"X"
482,13,1544853,7178775,"A",2005-08-28-00.00.00,"N",6,2006-05-24-00.00.00,"X"
483,13,1544853,7178962,"A",2005-08-28-00.00.00,"N",8,2006-05-24-00.00.00,"X"
484,13,1544853,7186974,"A",2005-08-28-00.00.00,"N",8,2006-05-24-00.00.00,"X"
485,13,1544853,7187160,"A",2005-08-28-00.00.00,"N",8,2006-05-24-00.00.00,"X"
486,13,1544853,7227221,"A",2005-08-28-00.00.00,"T",6,2006-01-16-00.00.00,"S"
487,13,1544853,7232625,"A",2005-11-20-00.00.00,"N",8,2006-01-05-00.00.00,"F"
488,14,1544853,7170204,"A",2006-08-27-00.00.00,"N",8,2007-05-23-00.00.00,"X"
489,14,1544853,7212315,"A",2006-08-27-00.00.00,"N",6,2007-05-23-00.00.00,"X"
490,14,1544853,7245854,"A",2006-08-27-00.00.00,"N",8,2006-10-17-00.00.00,"O"
491,14,1544853,7227221,"A",2006-08-27-00.00.00,"N",7,2006-11-19-00.00.00,"O"
492,14,1544853,7248276,"A",2006-08-27-00.00.00,"T",6,2007-05-03-00.00.00,"O"
493,14,1544853,7173744,"A",2006-08-27-00.00.00,"N",7,2007-03-22-00.00.00,"S"
494,14,1544853,7245854,"A",2007-04-23-00.00.00,"R",8,2007-05-23-00.00.00,"X"
495,15,1544853,7170018,"A",2007-08-26-00.00.00,"N",8,2008-05-23-00.00.00,"X"
496,15,1544853,7170577,"A",2007-08-26-00.00.00,"N",8,2008-05-23-00.00.00,"X"
497,15,1544853,7171136,"A",2007-08-26-00.00.00,"N",8,2008-05-23-00.00.00,"X"
498,15,1544853,7171322,"A",2007-08-26-00.00.00,"N",8,2008-05-23-00.00.00,"X"
499,15,1544853,7171508,"A",2007-08-26-00.00.00,"N",8,2008-05-23-00.00.00,"X"
500,15,1544853,7172067,"A",2007-08-26-00.00.00,"N",8,2008-05-23-00.00.00,"X"
501,15,1544853,7172254,"A",2007-08-26-00.00.00,"N",8,2008-05-23-00.00.00,"X"
502,15,1544853,7172813,"A",2007-08-26-00.00.00,"N",8,2008-05-23-00.00.00,"X"
503,15,1544853,7173558,"A",2007-08-26-00.00.00,"N",8,2008-05-23-00.00.00,"X"
504,15,1544853,7174862,"A",2007-08-26-00.00.00,"N",8,2008-05-23-00.00.00,"X"
505,15,1544853,7175421,"A",2007-08-26-00.00.00,"N",8,2008-05-23-00.00.00,"X"
506,15,1544853,7175794,"A",2007-08-26-00.00.00,"N",8,2008-05-23-00.00.00,"X"
507,15,1544853,7175980,"A",2007-08-26-00.00.00,"N",8,2008-05-23-00.00.00,"X"
508,15,1544853,7176167,"A",2007-08-26-00.00.00,"N",8,2008-05-23-00.00.00,"X"
509,15,1544853,7176353,"A",2007-08-26-00.00.00,"N",8,2008-05-23-00.00.00,"X"
510,15,1544853,7176726,"A",2007-08-26-00.00.00,"N",8,2008-05-23-00.00.00,"X"
511,15,1544853,7177285,"A",2007-08-26-00.00.00,"N",8,2008-05-23-00.00.00,"X"
512,15,1544853,7177471,"A",2007-08-26-00.00.00,"N",8,2008-05-23-00.00.00,"X"
513,15,1544853,7177844,"A",2007-08-26-00.00.00,"N",8,2008-05-23-00.00.00,"X"
514,15,1544853,7179334,"A",2007-08-26-00.00.00,"N",8,2008-05-23-00.00.00,"X"
515,15,1544853,7180080,"A",2007-08-26-00.00.00,"N",8,2008-05-23-00.00.00,"X"
516,15,1544853,7180266,"A",2007-08-26-00.00.00,"N",8,2008-05-23-00.00.00,"X"
517,15,1544853,7180639,"A",2007-08-26-00.00.00,"N",8,2008-05-23-00.00.00,"X"
518,15,1544853,7180825,"A",2007-08-26-00.00.00,"N",8,2008-05-23-00.00.00,"X"
519,15,1544853,7181198,"A",2007-08-26-00.00.00,"N",8,2008-05-23-00.00.00,"X"
520,15,1544853,7182129,"A",2007-08-26-00.00.00,"N",8,2008-05-23-00.00.00,"X"
521,15,1544853,7182502,"A",2007-08-26-00.00.00,"N",8,2008-05-23-00.00.00,"X"
522,15,1544853,7182688,"A",2007-08-26-00.00.00,"N",8,2008-05-23-00.00.00,"X"
523,15,1544853,7182875,"A",2007-08-26-00.00.00,"N",8,2008-05-23-00.00.00,"X"
524,15,1544853,7183061,"A",2007-08-26-00.00.00,"N",8,2008-05-23-00.00.00,"X"
525,15,1544853,7184179,"A",2007-08-26-00.00.00,"N",8,2008-05-23-00.00.00,"X"
526,15,1544853,7184365,"A",2007-08-26-00.00.00,"N",8,2008-05-23-00.00.00,"X"
527,15,1544853,7184738,"A",2007-08-26-00.00.00,"N",8,2008-05-23-00.00.00,"X"
528,15,1544853,7185483,"A",2007-08-26-00.00.00,"N",8,2008-05-23-00.00.00,"X"
529,15,1544853,7185669,"A",2007-08-26-00.00.00,"N",8,2008-05-23-00.00.00,"X"
530,15,1544853,7185856,"A",2007-08-26-00.00.00,"N",8,2008-05-23-00.00.00,"X"
531,15,1544853,7188092,"A",2007-08-26-00.00.00,"N",8,2008-05-23-00.00.00,"X"
532,15,1544853,7188278,"A",2007-08-26-00.00.00,"N",8,2008-05-23-00.00.00,"X"
533,15,1544853,7188651,"A",2007-08-26-00.00.00,"N",8,2008-05-23-00.00.00,"X"
534,15,1544853,7189023,"A",2007-08-26-00.00.00,"N",8,2008-05-23-00.00.00,"X"
535,15,1544853,7189396,"A",2007-08-26-00.00.00,"N",8,2008-05-23-00.00.00,"X"
536,15,1544853,7191632,"A",2007-08-26-00.00.00,"N",7,2008-05-23-00.00.00,"X"
537,15,1544853,7192191,"A",2007-08-26-00.00.00,"N",7,2008-05-23-00.00.00,"X"
538,15,1544853,7192564,"A",2007-08-26-00.00.00,"N",7,2008-05-23-00.00.00,"X"
539,15,1544853,7195359,"A",2007-08-26-00.00.00,"N",7,2008-05-23-00.00.00,"X"
540,15,1544853,7195545,"A",2007-08-26-00.00.00,"N",7,2008-05-23-00.00.00,"X"
541,15,1544853,7195731,"A",2007-08-26-00.00.00,"N",7,2008-05-23-00.00.00,"X"
542,15,1544853,7197595,"A",2007-08-26-00.00.00,"N",7,2008-05-23-00.00.00,"X"
543,15,1544853,7198713,"A",2007-08-26-00.00.00,"N",7,2008-05-23-00.00.00,"X"
544,15,1544853,7199272,"A",2007-08-26-00.00.00,"N",7,2008-05-23-00.00.00,"X"
545,15,1544853,7202439,"A",2007-08-26-00.00.00,"N",7,2008-05-23-00.00.00,"X"
546,15,1544853,7203371,"A",2007-08-26-00.00.00,"N",7,2008-05-23-00.00.00,"X"
547,15,1544853,7204302,"A",2007-08-26-00.00.00,"N",7,2008-05-23-00.00.00,"X"
548,15,1544853,7205793,"A",2007-08-26-00.00.00,"N",7,2008-05-23-00.00.00,"X"
549,15,1544853,7208588,"A",2007-08-26-00.00.00,"N",7,2008-05-23-00.00.00,"X"
550,15,1544853,7209520,"A",2007-08-26-00.00.00,"N",7,2008-05-23-00.00.00,"X"
551,15,1544853,7210638,"A",2007-08-26-00.00.00,"N",7,2008-05-23-00.00.00,"X"
552,15,1544853,7213433,"A",2007-08-26-00.00.00,"N",7,2008-05-23-00.00.00,"X"
553,15,1544853,7214923,"A",2007-08-26-00.00.00,"N",7,2008-05-23-00.00.00,"X"
554,15,1544853,7235606,"A",2007-08-26-00.00.00,"N",7,2008-05-23-00.00.00,"X"
555,15,1544853,7215855,"A",2007-08-26-00.00.00,"N",7,2008-05-23-00.00.00,"X"
556,15,1544853,7216600,"A",2007-08-26-00.00.00,"N",7,2008-05-23-00.00.00,"X"
557,15,1544853,7218277,"A",2007-08-26-00.00.00,"N",7,2008-05-23-00.00.00,"X"
558,15,1544853,7218836,"A",2007-08-26-00.00.00,"N",7,2008-05-23-00.00.00,"X"
559,15,1544853,7219581,"A",2007-08-26-00.00.00,"N",7,2008-05-23-00.00.00,"X"
560,15,1544853,7220513,"A",2007-08-26-00.00.00,"N",7,2008-05-23-00.00.00,"X"
561,15,1544853,7220699,"A",2007-08-26-00.00.00,"N",7,2008-05-23-00.00.00,"X"
562,15,1544853,7222376,"A",2007-08-26-00.00.00,"N",7,2008-05-23-00.00.00,"X"
563,15,1544853,7222749,"A",2007-08-26-00.00.00,"N",7,2008-05-23-00.00.00,"X"
564,15,1544853,7224240,"A",2007-08-26-00.00.00,"N",7,2008-05-23-00.00.00,"X"
565,15,1544853,7224799,"A",2007-08-26-00.00.00,"N",7,2008-05-23-00.00.00,"X"
566,15,1544853,7190514,"A",2007-08-26-00.00.00,"N",7,2008-05-23-00.00.00,"X"
567,15,1544853,7243991,"A",2007-08-26-00.00.00,"N",7,2008-05-23-00.00.00,"X"
568,15,1544853,7193682,"A",2007-08-26-00.00.00,"N",7,2008-05-23-00.00.00,"X"
569,15,1544853,7245109,"A",2007-08-26-00.00.00,"N",8,2008-05-23-00.00.00,"X"
570,15,1544853,7245295,"A",2007-08-26-00.00.00,"N",8,2008-05-23-00.00.00,"X"
571,15,1544853,7250699,"A",2007-08-26-00.00.00,"N",7,2008-05-23-00.00.00,"X"
572,15,1544853,7252189,"A",2007-08-26-00.00.00,"N",7,2008-05-23-00.00.00,"X"
573,15,1544853,7191259,"A",2007-08-26-00.00.00,"N",6,2008-05-23-00.00.00,"X"
574,15,1544853,7192936,"A",2007-08-26-00.00.00,"N",6,2008-05-23-00.00.00,"X"
575,15,1544853,7193495,"A",2007-08-26-00.00.00,"N",6,2008-05-23-00.00.00,"X"
576,15,1544853,7194241,"A",2007-08-26-00.00.00,"N",6,2008-05-23-00.00.00,"X"
577,15,1544853,7195172,"A",2007-08-26-00.00.00,"N",6,2008-05-23-00.00.00,"X"
578,15,1544853,7196663,"A",2007-08-26-00.00.00,"N",6,2008-05-23-00.00.00,"X"
579,15,1544853,7197036,"A",2007-08-26-00.00.00,"N",6,2008-05-23-00.00.00,"X"
580,15,1544853,7197222,"A",2007-08-26-00.00.00,"N",6,2008-05-23-00.00.00,"X"
581,15,1544853,7198154,"A",2007-08-26-00.00.00,"N",6,2008-05-23-00.00.00,"X"
582,15,1544853,7200203,"A",2007-08-26-00.00.00,"N",6,2008-05-23-00.00.00,"X"
583,15,1544853,7200576,"A",2007-08-26-00.00.00,"N",6,2008-05-23-00.00.00,"X"
584,15,1544853,7203184,"A",2007-08-26-00.00.00,"N",6,2008-05-23-00.00.00,"X"
585,15,1544853,7205234,"A",2007-08-26-00.00.00,"N",6,2008-05-23-00.00.00,"X"
586,15,1544853,7206911,"A",2007-08-26-00.00.00,"N",6,2008-05-23-00.00.00,"X"
587,15,1544853,7209706,"A",2007-08-26-00.00.00,"N",6,2008-05-23-00.00.00,"X"
588,15,1544853,7209892,"A",2007-08-26-00.00.00,"N",6,2008-05-23-00.00.00,"X"
589,15,1544853,7211569,"A",2007-08-26-00.00.00,"N",6,2008-05-23-00.00.00,"X"
590,15,1544853,7213246,"A",2007-08-26-00.00.00,"N",6,2008-05-23-00.00.00,"X"
591,15,1544853,7214364,"A",2007-08-26-00.00.00,"N",6,2008-05-23-00.00.00,"X"
592,15,1544853,7214551,"A",2007-08-26-00.00.00,"N",6,2008-05-23-00.00.00,"X"
593,15,1544853,7215482,"A",2007-08-26-00.00.00,"N",6,2008-05-23-00.00.00,"X"
594,15,1544853,7193868,"A",2007-08-26-00.00.00,"N",6,2008-05-23-00.00.00,"X"
595,15,1544853,7245668,"A",2007-08-26-00.00.00,"N",6,2008-05-23-00.00.00,"X"
596,15,1544853,7216973,"A",2007-08-26-00.00.00,"N",6,2008-01-29-00.00.00,"S"
597,15,1544853,7217532,"A",2007-08-26-00.00.00,"N",6,2008-05-23-00.00.00,"X"
598,15,1544853,7218091,"A",2007-08-26-00.00.00,"N",6,2008-05-23-00.00.00,"X"
599,15,1544853,7219022,"A",2007-08-26-00.00.00,"N",6,2008-05-23-00.00.00,"X"
600,15,1544853,7220886,"A",2007-08-26-00.00.00,"N",6,2008-05-23-00.00.00,"X"
601,15,1544853,7221258,"A",2007-08-26-00.00.00,"N",6,2008-05-23-00.00.00,"X"
602,15,1544853,7222004,"A",2007-08-26-00.00.00,"N",6,2008-05-23-00.00.00,"X"
603,15,1544853,7223308,"A",2007-08-26-00.00.00,"N",6,2008-05-23-00.00.00,"X"
604,15,1544853,7224426,"A",2007-08-26-00.00.00,"N",6,2008-05-23-00.00.00,"X"
605,15,1544853,7224612,"A",2007-08-26-00.00.00,"N",6,2008-05-23-00.00.00,"X"
606,15,1544853,7227966,"A",2007-08-26-00.00.00,"N",6,2008-05-23-00.00.00,"X"
607,15,1544853,7228153,"A",2007-08-26-00.00.00,"N",6,2008-05-23-00.00.00,"X"
608,15,1544853,7235419,"A",2007-08-26-00.00.00,"N",6,2008-05-23-00.00.00,"X"
609,15,1544853,7251444,"A",2007-08-26-00.00.00,"N",6,2008-05-23-00.00.00,"X"
610,15,1544853,7251630,"A",2007-08-26-00.00.00,"N",6,2008-05-23-00.00.00,"X"
611,15,1544853,7251817,"A",2007-08-26-00.00.00,"N",6,2008-05-23-00.00.00,"X"
612,15,1544853,7173744,"A",2007-08-26-00.00.00,"N",8,2007-09-11-00.00.00,"S"
613,15,1544853,7254798,"A",2007-08-26-00.00.00,"N",6,2008-05-23-00.00.00,"X"
614,15,1544853,7254984,"A",2007-08-26-00.00.00,"N",8,2008-05-23-00.00.00,"X"
615,15,1544853,7255170,"A",2007-08-26-00.00.00,"N",6,2008-05-23-00.00.00,"X"
616,15,1544853,7196477,"A",2007-08-26-00.00.00,"N",6,2007-09-11-00.00.00,"S"
617,15,1544853,7262810,"A",2007-08-06-00.00.00,"N",8,2008-05-23-00.00.00,"X"
618,15,1544853,7263555,"A",2007-08-12-00.00.00,"N",6,2008-05-23-00.00.00,"X"
619,15,1544853,7263742,"A",2007-08-12-00.00.00,"N",8,2008-05-23-00.00.00,"X"
620,15,1544853,7264114,"A",2007-08-26-00.00.00,"N",8,2008-05-23-00.00.00,"X"
621,15,1544853,7264487,"A",2007-08-13-00.00.00,"N",7,2008-05-23-00.00.00,"X"
622,15,1544853,7265419,"A",2007-08-14-00.00.00,"N",7,2008-05-23-00.00.00,"X"
623,15,1544853,7236165,"A",2007-08-26-00.00.00,"N",6,2008-05-23-00.00.00,"X"
624,15,1544853,7266723,"A",2007-08-26-00.00.00,"N",6,2007-09-30-00.00.00,"O"
625,15,1544853,7266909,"A",2007-09-03-00.00.00,"N",7,2008-05-23-00.00.00,"X"
626,15,1544853,7268400,"A",2007-11-11-00.00.00,"N",7,2008-05-23-00.00.00,"X"
627,15,1544853,7269518,"A",2007-12-16-00.00.00,"R",6,2008-05-23-00.00.00,"X"
628,15,1544853,7269704,"A",2008-01-06-00.00.00,"R",6,2008-05-23-00.00.00,"X"
629,15,1544853,7270822,"A",2008-03-13-00.00.00,"N",8,2008-05-23-00.00.00,"X"
630,15,1544853,7271195,"A",2008-03-17-00.00.00,"R",7,2008-05-23-00.00.00,"X"
631,15,1544853,7271381,"A",2008-03-24-00.00.00,"S",8,2008-05-23-00.00.00,"X"
632,15,1544853,7208215,"A",2007-08-26-00.00.00,"N",7,2008-05-23-00.00.00,"X"
633,15,1544853,7272126,"A",2008-05-12-00.00.00,"S",7,2008-05-23-00.00.00,"X"
634,16,1544853,7250699,"A",2008-08-25-00.00.00,"N",8,,
635,16,1544853,7252189,"A",2008-08-25-00.00.00,"N",8,,
636,16,1544853,7191259,"A",2008-08-25-00.00.00,"N",7,,
637,16,1544853,7192936,"A",2008-08-25-00.00.00,"N",7,,
638,16,1544853,7193495,"A",2008-08-25-00.00.00,"N",7,,
639,16,1544853,7194241,"A",2008-08-25-00.00.00,"N",7,,
640,16,1544853,7195172,"A",2008-08-25-00.00.00,"N",7,,
641,16,1544853,7196663,"A",2008-08-25-00.00.00,"N",7,,
642,16,1544853,7197036,"A",2008-08-25-00.00.00,"N",7,,
643,16,1544853,7197222,"A",2008-08-25-00.00.00,"N",7,,
644,16,1544853,7198154,"A",2008-08-25-00.00.00,"N",7,,
645,16,1544853,7200203,"A",2008-08-25-00.00.00,"N",7,,
646,16,1544853,7200576,"A",2008-08-25-00.00.00,"N",7,,
647,16,1544853,7203184,"A",2008-08-25-00.00.00,"N",7,,
648,16,1544853,7205234,"A",2008-08-25-00.00.00,"N",7,2008-09-22-00.00.00,"O"
649,16,1544853,7206911,"A",2008-08-25-00.00.00,"N",7,,
650,16,1544853,7209706,"A",2008-08-25-00.00.00,"N",7,,
651,16,1544853,7209892,"A",2008-08-25-00.00.00,"N",7,,
652,16,1544853,7211569,"A",2008-08-25-00.00.00,"N",7,,
653,16,1544853,7213246,"A",2008-08-25-00.00.00,"N",7,,
654,16,1544853,7214364,"A",2008-08-25-00.00.00,"N",7,,
655,16,1544853,7214551,"A",2008-08-25-00.00.00,"N",7,,
656,16,1544853,7215482,"A",2008-08-25-00.00.00,"N",7,,
657,16,1544853,7193868,"A",2008-08-25-00.00.00,"N",7,,
658,16,1544853,7245668,"A",2008-08-25-00.00.00,"N",7,,
659,16,1544853,7217532,"A",2008-08-25-00.00.00,"N",7,,
660,16,1544853,7218091,"A",2008-08-25-00.00.00,"N",7,,
661,16,1544853,7219022,"A",2008-08-25-00.00.00,"N",7,,
662,16,1544853,7220886,"A",2008-08-25-00.00.00,"N",7,,
663,16,1544853,7221258,"A",2008-08-25-00.00.00,"N",7,,
664,16,1544853,7222004,"A",2008-08-25-00.00.00,"N",7,2008-11-26-00.00.00,"S"
665,16,1544853,7223308,"A",2008-08-25-00.00.00,"N",7,,
666,16,1544853,7224426,"A",2008-08-25-00.00.00,"N",7,,
667,16,1544853,7224612,"A",2008-08-25-00.00.00,"N",7,,
668,16,1544853,7227966,"A",2008-08-25-00.00.00,"N",7,,
669,16,1544853,7228153,"A",2008-08-25-00.00.00,"N",7,,
670,16,1544853,7235419,"A",2008-08-25-00.00.00,"N",7,,
671,16,1544853,7251444,"A",2008-08-25-00.00.00,"N",7,,
672,16,1544853,7251630,"A",2008-08-25-00.00.00,"N",7,,
673,16,1544853,7251817,"A",2008-08-25-00.00.00,"N",7,,
674,16,1544853,7254798,"A",2008-08-25-00.00.00,"N",7,,
675,16,1544853,7255170,"A",2008-08-25-00.00.00,"N",7,,
676,16,1544853,7264487,"A",2008-08-25-00.00.00,"N",8,,
677,16,1544853,7265419,"A",2008-08-25-00.00.00,"N",7,,
678,16,1544853,7266909,"A",2008-08-25-00.00.00,"N",8,2008-11-17-00.00.00,"S"
679,16,1544853,7268400,"A",2008-08-25-00.00.00,"N",8,2008-09-08-00.00.00,"O"
680,16,1544853,7269518,"A",2008-08-25-00.00.00,"N",7,2008-09-08-00.00.00,"W"
681,16,1544853,7271195,"A",2008-08-25-00.00.00,"N",8,2008-09-02-00.00.00,"O"
682,16,1544853,7208215,"A",2008-08-25-00.00.00,"N",8,,
683,16,1544853,7272126,"A",2008-08-25-00.00.00,"N",8,2008-09-08-00.00.00,"W"
684,16,1544853,7191632,"A",2008-08-25-00.00.00,"N",8,,
685,16,1544853,7192191,"A",2008-08-25-00.00.00,"N",8,,
686,16,1544853,7192564,"A",2008-08-25-00.00.00,"N",8,,
687,16,1544853,7195359,"A",2008-08-25-00.00.00,"N",8,,
688,16,1544853,7195545,"A",2008-08-25-00.00.00,"N",8,,
689,16,1544853,7195731,"A",2008-08-25-00.00.00,"N",8,,
690,16,1544853,7197595,"A",2008-08-25-00.00.00,"N",8,,
691,16,1544853,7198713,"A",2008-08-25-00.00.00,"N",8,,
692,16,1544853,7199272,"A",2008-08-25-00.00.00,"N",8,,
693,16,1544853,7202439,"A",2008-08-25-00.00.00,"N",8,,
694,16,1544853,7203371,"A",2008-08-25-00.00.00,"N",8,,
695,16,1544853,7204302,"A",2008-08-25-00.00.00,"N",8,,
696,16,1544853,7205793,"A",2008-08-25-00.00.00,"N",8,,
697,16,1544853,7208588,"A",2008-08-25-00.00.00,"N",8,,
698,16,1544853,7209520,"A",2008-08-25-00.00.00,"N",8,,
699,16,1544853,7210638,"A",2008-08-25-00.00.00,"N",8,,
700,16,1544853,7213433,"A",2008-08-25-00.00.00,"N",8,,
701,16,1544853,7214923,"A",2008-08-25-00.00.00,"N",8,,
702,16,1544853,7235606,"A",2008-08-25-00.00.00,"N",8,,
703,16,1544853,7215855,"A",2008-08-25-00.00.00,"N",8,2009-01-09-00.00.00,"D"
704,16,1544853,7216600,"A",2008-08-25-00.00.00,"N",8,,
705,16,1544853,7218277,"A",2008-08-25-00.00.00,"N",8,,
706,16,1544853,7218836,"A",2008-08-25-00.00.00,"N",8,,
707,16,1544853,7219581,"A",2008-08-25-00.00.00,"N",8,,
708,16,1544853,7220513,"A",2008-08-25-00.00.00,"N",8,,
709,16,1544853,7220699,"A",2008-08-25-00.00.00,"N",8,,
710,16,1544853,7222376,"A",2008-08-25-00.00.00,"N",8,,
711,16,1544853,7222749,"A",2008-08-25-00.00.00,"N",8,,
712,16,1544853,7224240,"A",2008-08-25-00.00.00,"N",8,,
713,16,1544853,7224799,"A",2008-08-25-00.00.00,"N",8,,
714,16,1544853,7190514,"M",2008-08-25-00.00.00,"N",8,,
715,16,1544853,7243991,"A",2008-08-25-00.00.00,"N",8,,
716,16,1544853,7193682,"A",2008-08-25-00.00.00,"N",8,,
717,16,1544853,7266350,"A",2008-08-25-00.00.00,"N",6,,
718,16,1544853,7267282,"A",2008-08-25-00.00.00,"N",6,2008-11-17-00.00.00,"S"
719,16,1544853,7217718,"A",2008-08-25-00.00.00,"N",6,,
720,16,1544853,7220327,"A",2008-08-25-00.00.00,"N",6,,
721,16,1544853,7223681,"A",2008-08-25-00.00.00,"N",6,,
722,16,1544853,7224053,"A",2008-08-25-00.00.00,"N",6,,
723,16,1544853,7190887,"M",2008-08-25-00.00.00,"N",6,,
724,16,1544853,7230948,"A",2008-08-25-00.00.00,"N",6,,
725,16,1544853,7262437,"A",2008-08-25-00.00.00,"N",6,,
726,16,1544853,7263183,"A",2008-08-25-00.00.00,"N",6,,
727,16,1544853,7191073,"A",2008-08-25-00.00.00,"N",6,,
728,16,1544853,7190141,"A",2008-08-25-00.00.00,"N",6,,
729,16,1544853,7264673,"A",2008-08-25-00.00.00,"N",6,,
730,16,1544853,7193123,"A",2008-08-25-00.00.00,"N",6,,
731,16,1544853,7194613,"A",2008-08-25-00.00.00,"N",6,,
732,16,1544853,7195918,"A",2008-08-25-00.00.00,"N",6,,
733,16,1544853,7200017,"A",2008-08-25-00.00.00,"N",6,,
734,16,1544853,7200762,"A",2008-08-25-00.00.00,"N",6,,
735,16,1544853,7202253,"A",2008-08-25-00.00.00,"N",6,,
736,16,1544853,7203743,"A",2008-08-25-00.00.00,"N",6,,
737,16,1544853,7204861,"A",2008-08-25-00.00.00,"N",6,,
738,16,1544853,7205048,"A",2008-08-25-00.00.00,"N",6,,
739,16,1544853,7206166,"A",2008-08-25-00.00.00,"N",6,,
740,16,1544853,7206725,"A",2008-08-25-00.00.00,"N",6,,
741,16,1544853,7207470,"A",2008-08-25-00.00.00,"N",6,,
742,16,1544853,7208029,"A",2008-08-25-00.00.00,"N",6,,
743,16,1544853,7208774,"A",2008-08-25-00.00.00,"N",6,,
744,16,1544853,7210265,"A",2008-08-25-00.00.00,"N",6,,
745,16,1544853,7213805,"A",2008-08-25-00.00.00,"N",6,,
746,16,1544853,7214737,"A",2008-08-25-00.00.00,"N",6,,
747,16,1544853,7215296,"A",2008-08-25-00.00.00,"N",6,,
748,16,1544853,7272313,"A",2008-08-25-00.00.00,"N",7,,
749,16,1544853,7278462,"A",2008-08-25-00.00.00,"N",6,,
750,16,1544853,7278648,"A",2008-08-25-00.00.00,"N",7,,
751,16,1544853,7278834,"A",2008-08-25-00.00.00,"N",6,,
752,16,1544853,7279393,"A",2008-08-25-00.00.00,"N",8,,
753,16,1544853,7281257,"A",2008-09-22-00.00.00,"R",6,,
754,17,4159059,7136106,"A",2005-08-28-00.00.00,"N",10,2006-05-24-00.00.00,"X"
755,17,4159059,7136478,"A",2005-08-28-00.00.00,"N",10,2006-05-24-00.00.00,"X"
756,17,4159059,7137037,"A",2005-08-28-00.00.00,"N",10,2006-05-24-00.00.00,"X"
757,17,4159059,7138342,"A",2005-08-27-00.00.00,"N",9,2005-08-27-00.00.00,"N"
758,17,4159059,7139273,"A",2005-08-28-00.00.00,"N",10,2006-05-24-00.00.00,"X"
759,17,4159059,7139646,"A",2005-08-28-00.00.00,"N",10,2006-05-24-00.00.00,"X"
760,17,4159059,7140391,"A",2005-08-28-00.00.00,"N",10,2006-05-24-00.00.00,"X"
761,17,4159059,7140764,"A",2005-08-28-00.00.00,"N",10,2006-05-24-00.00.00,"X"
762,17,4159059,7141323,"A",2005-08-28-00.00.00,"N",10,2006-05-24-00.00.00,"X"
763,17,4159059,7141882,"A",2005-08-28-00.00.00,"N",10,2006-05-24-00.00.00,"X"
764,17,4159059,7142255,"A",2005-08-28-00.00.00,"N",10,2006-05-24-00.00.00,"X"
765,17,4159059,7142627,"A",2005-08-28-00.00.00,"N",9,2006-05-24-00.00.00,"X"
766,17,4159059,7143745,"A",2005-08-28-00.00.00,"N",10,2006-05-24-00.00.00,"X"
767,17,4159059,7145236,"A",2005-08-28-00.00.00,"N",10,2006-05-24-00.00.00,"X"
768,17,4159059,7146168,"A",2005-08-28-00.00.00,"N",10,2006-05-24-00.00.00,"X"
769,17,4159059,7146727,"A",2005-08-28-00.00.00,"N",10,2006-05-24-00.00.00,"X"
770,17,4159059,7147099,"A",2005-08-28-00.00.00,"N",10,2006-05-24-00.00.00,"X"
771,17,4159059,7147845,"A",2005-08-28-00.00.00,"N",10,2006-05-24-00.00.00,"X"
772,18,4159059,7148217,"A",2005-08-28-00.00.00,"N",9,2006-05-24-00.00.00,"X"
773,17,4159059,7148590,"A",2005-08-28-00.00.00,"N",10,2006-05-24-00.00.00,"X"
774,17,4159059,7148963,"A",2005-08-28-00.00.00,"N",10,2006-05-24-00.00.00,"X"
775,17,4159059,7149335,"A",2005-08-28-00.00.00,"N",10,2006-05-24-00.00.00,"X"
776,17,4159059,7149708,"A",2005-08-28-00.00.00,"N",9,2005-12-18-00.00.00,"S"
777,17,4159059,7150080,"A",2005-08-27-00.00.00,"N",10,2005-08-27-00.00.00,"S"
778,17,4159059,7150453,"A",2005-08-28-00.00.00,"N",10,2006-05-24-00.00.00,"X"
779,17,4159059,7151385,"A",2005-08-28-00.00.00,"N",9,2006-05-24-00.00.00,"X"
780,17,4159059,7152130,"A",2005-08-28-00.00.00,"N",10,2006-05-24-00.00.00,"X"
781,17,4159059,7152316,"A",2005-08-28-00.00.00,"N",10,2006-05-24-00.00.00,"X"
782,17,4159059,7152503,"A",2005-08-28-00.00.00,"N",10,2006-05-24-00.00.00,"X"
783,17,4159059,7152875,"A",2005-08-28-00.00.00,"N",10,2006-05-24-00.00.00,"X"
784,17,4159059,7153807,"A",2005-08-28-00.00.00,"N",10,2006-05-24-00.00.00,"X"
785,17,4159059,7154180,"A",2005-08-28-00.00.00,"N",10,2006-05-24-00.00.00,"X"
786,17,4159059,7154552,"A",2005-08-28-00.00.00,"N",10,2006-05-24-00.00.00,"X"
787,17,4159059,7156602,"A",2005-08-28-00.00.00,"N",10,2006-05-24-00.00.00,"X"
788,17,4159059,7156788,"A",2005-08-28-00.00.00,"N",10,2006-05-24-00.00.00,"X"
789,17,4159059,7158279,"A",2005-08-28-00.00.00,"N",10,2006-05-24-00.00.00,"X"
790,17,4159059,7159024,"A",2005-08-28-00.00.00,"N",10,2006-05-24-00.00.00,"X"
791,17,4159059,7159397,"A",2005-08-28-00.00.00,"N",10,2006-05-24-00.00.00,"X"
792,17,4159059,7159770,"A",2005-08-28-00.00.00,"N",10,2006-05-24-00.00.00,"X"
793,17,4159059,7160142,"A",2005-08-28-00.00.00,"N",10,2006-05-24-00.00.00,"X"
794,17,4159059,7161074,"A",2005-08-28-00.00.00,"N",10,2006-05-24-00.00.00,"X"
795,17,4159059,7161260,"A",2005-08-28-00.00.00,"N",10,2006-05-24-00.00.00,"X"
796,17,4159059,7164055,"A",2005-08-28-00.00.00,"N",10,2006-05-24-00.00.00,"X"
797,17,4159059,7164242,"A",2005-08-28-00.00.00,"N",10,2006-01-08-00.00.00,"S"
798,17,4159059,7166105,"A",2005-08-28-00.00.00,"N",10,2006-05-24-00.00.00,"X"
799,17,4159059,7167409,"A",2005-08-28-00.00.00,"N",10,2006-05-24-00.00.00,"X"
800,17,4159059,7167782,"A",2005-08-28-00.00.00,"N",10,2006-05-24-00.00.00,"X"
801,17,4159059,7167968,"A",2005-08-28-00.00.00,"N",10,2006-05-24-00.00.00,"X"
802,17,4159059,7168527,"A",2005-08-28-00.00.00,"N",10,2006-05-24-00.00.00,"X"
803,17,4159059,7168713,"A",2005-08-28-00.00.00,"N",10,2006-05-24-00.00.00,"X"
804,17,4159059,7168900,"A",2005-08-28-00.00.00,"N",10,2006-05-24-00.00.00,"X"
805,17,4159059,7169459,"A",2005-08-28-00.00.00,"N",10,2006-05-24-00.00.00,"X"
806,17,4159059,7229271,"A",2005-08-28-00.00.00,"N",9,2005-10-17-00.00.00,"O"
807,17,4159059,7231134,"A",2005-11-14-00.00.00,"N",10,2006-05-24-00.00.00,"X"
808,17,4159059,7233556,"A",2006-01-08-00.00.00,"S",10,2006-03-05-00.00.00,"S"
809,17,4159059,7234488,"A",2006-01-09-00.00.00,"S",9,2006-01-15-00.00.00,"S"
810,18,4159059,7136106,"A",2006-08-27-00.00.00,"N",11,2007-05-23-00.00.00,"X"
811,18,4159059,7136478,"A",2006-08-27-00.00.00,"N",11,2007-05-23-00.00.00,"X"
812,18,4159059,7137037,"A",2006-08-27-00.00.00,"N",11,2007-05-23-00.00.00,"X"
813,18,4159059,7139273,"A",2006-08-27-00.00.00,"N",11,2007-05-23-00.00.00,"X"
814,18,4159059,7139646,"A",2006-08-27-00.00.00,"N",11,2007-05-23-00.00.00,"X"
815,18,4159059,7140391,"A",2006-08-27-00.00.00,"N",11,2007-05-23-00.00.00,"X"
816,18,4159059,7140764,"A",2006-08-27-00.00.00,"N",11,2007-05-23-00.00.00,"X"
817,18,4159059,7141882,"A",2006-08-27-00.00.00,"N",11,2007-05-23-00.00.00,"X"
818,18,4159059,7142255,"A",2006-08-27-00.00.00,"N",11,2007-05-23-00.00.00,"X"
819,18,4159059,7143745,"A",2006-08-27-00.00.00,"N",11,2007-05-23-00.00.00,"X"
820,18,4159059,7145236,"A",2006-08-27-00.00.00,"N",11,2007-05-23-00.00.00,"X"
821,18,4159059,7146168,"A",2006-08-27-00.00.00,"N",11,2007-05-23-00.00.00,"X"
822,18,4159059,7146727,"A",2006-08-27-00.00.00,"N",11,2007-05-23-00.00.00,"X"
823,18,4159059,7147099,"A",2006-08-27-00.00.00,"N",11,2007-05-23-00.00.00,"X"
824,18,4159059,7147845,"A",2006-08-27-00.00.00,"N",11,2007-05-23-00.00.00,"X"
825,18,4159059,7148590,"A",2006-08-27-00.00.00,"N",11,2007-05-23-00.00.00,"X"
826,18,4159059,7148963,"A",2006-08-27-00.00.00,"N",11,2007-05-23-00.00.00,"X"
827,18,4159059,7149335,"A",2006-08-27-00.00.00,"N",11,2007-05-23-00.00.00,"X"
828,18,4159059,7150453,"A",2006-08-24-00.00.00,"N",11,2006-08-24-00.00.00,"S"
829,18,4159059,7151385,"A",2006-08-27-00.00.00,"N",10,2007-05-23-00.00.00,"X"
830,18,4159059,7152130,"A",2006-08-27-00.00.00,"N",11,2007-05-23-00.00.00,"X"
831,18,4159059,7152316,"A",2006-08-27-00.00.00,"N",11,2007-05-23-00.00.00,"X"
832,18,4159059,7152503,"A",2006-08-27-00.00.00,"N",11,2007-05-23-00.00.00,"X"
833,18,4159059,7152875,"A",2006-08-27-00.00.00,"N",11,2007-05-23-00.00.00,"X"
834,18,4159059,7153807,"A",2006-08-27-00.00.00,"N",11,2007-05-23-00.00.00,"X"
835,18,4159059,7154180,"A",2006-08-27-00.00.00,"N",11,2007-05-23-00.00.00,"X"
836,18,4159059,7154552,"A",2006-08-27-00.00.00,"N",11,2007-05-23-00.00.00,"X"
837,18,4159059,7156602,"A",2006-08-27-00.00.00,"N",11,2007-05-23-00.00.00,"X"
838,18,4159059,7156788,"A",2006-08-27-00.00.00,"N",11,2007-05-23-00.00.00,"X"
839,18,4159059,7158279,"A",2006-08-27-00.00.00,"N",11,2007-05-23-00.00.00,"X"
840,18,4159059,7159024,"A",2006-08-27-00.00.00,"N",11,2007-05-23-00.00.00,"X"
841,18,4159059,7159397,"A",2006-08-27-00.00.00,"N",11,2007-05-23-00.00.00,"X"
842,18,4159059,7160142,"A",2006-08-27-00.00.00,"N",11,2007-05-23-00.00.00,"X"
843,18,4159059,7161074,"A",2006-08-27-00.00.00,"N",11,2007-05-23-00.00.00,"X"
844,18,4159059,7161260,"A",2006-08-27-00.00.00,"N",11,2007-05-23-00.00.00,"X"
845,18,4159059,7164055,"A",2006-08-27-00.00.00,"N",11,2007-05-23-00.00.00,"X"
846,18,4159059,7166105,"A",2006-08-27-00.00.00,"N",11,2007-05-23-00.00.00,"X"
847,18,4159059,7167409,"A",2006-08-27-00.00.00,"N",11,2007-05-23-00.00.00,"X"
848,18,4159059,7167782,"A",2006-08-27-00.00.00,"N",11,2007-05-23-00.00.00,"X"
849,18,4159059,7167968,"A",2006-08-27-00.00.00,"N",11,2007-05-23-00.00.00,"X"
850,18,4159059,7168527,"A",2006-08-27-00.00.00,"N",11,2007-05-23-00.00.00,"X"
851,18,4159059,7168713,"A",2006-08-27-00.00.00,"N",11,2007-05-23-00.00.00,"X"
852,18,4159059,7168900,"A",2006-08-27-00.00.00,"N",11,2007-05-23-00.00.00,"X"
853,18,4159059,7169459,"A",2006-08-27-00.00.00,"N",11,2007-05-23-00.00.00,"X"
854,18,4159059,7231134,"A",2006-08-27-00.00.00,"N",11,2007-05-23-00.00.00,"X"
855,18,4159059,7173931,"A",2006-08-27-00.00.00,"N",9,2007-03-25-00.00.00,"S"
856,18,4159059,7186974,"A",2006-08-27-00.00.00,"N",9,2007-05-23-00.00.00,"X"
857,18,4159059,7187160,"A",2006-08-27-00.00.00,"N",9,2007-05-23-00.00.00,"X"
858,18,4159059,7246040,"A",2006-08-17-00.00.00,"N",11,2007-05-23-00.00.00,"X"
859,18,4159059,7246972,"A",2006-08-17-00.00.00,"N",11,2007-05-23-00.00.00,"X"
860,18,4159059,7247904,"A",2006-08-24-00.00.00,"N",9,2007-01-31-00.00.00,"S"
861,18,4159059,7249022,"A",2006-08-27-00.00.00,"N",9,2007-01-09-00.00.00,"D"
862,18,4159059,7249208,"A",2006-08-27-00.00.00,"N",9,2007-05-23-00.00.00,"X"
863,18,4159059,7249394,"A",2006-08-31-00.00.00,"N",11,2007-05-23-00.00.00,"X"
864,18,4159059,7249581,"A",2006-09-05-00.00.00,"N",11,2007-01-16-00.00.00,"D"
865,18,4159059,7159770,"A",2006-09-17-00.00.00,"T",11,2006-11-05-00.00.00,"O"
866,18,4159059,7249767,"A",2006-10-09-00.00.00,"S",11,2007-05-23-00.00.00,"X"
867,18,4159059,7141323,"A",2006-08-27-00.00.00,"N",11,2007-05-23-00.00.00,"X"
868,18,4159059,7159770,"A",2007-01-28-00.00.00,"R",11,2007-05-23-00.00.00,"X"
869,18,4159059,7249581,"A",2007-02-04-00.00.00,"S",11,2007-03-12-00.00.00,"D"
870,19,4159059,7136106,"A",2007-08-26-00.00.00,"N",12,2008-05-23-00.00.00,"X"
871,19,4159059,7136478,"A",2007-08-26-00.00.00,"N",12,2008-05-23-00.00.00,"X"
872,19,4159059,7136665,"A",2007-08-26-00.00.00,"N",11,2008-05-23-00.00.00,"X"
873,19,4159059,7136851,"A",2007-08-26-00.00.00,"N",11,2008-05-23-00.00.00,"X"
874,19,4159059,7137037,"A",2007-08-26-00.00.00,"N",12,2008-05-23-00.00.00,"X"
875,19,4159059,7137410,"A",2007-08-26-00.00.00,"N",11,2008-05-23-00.00.00,"X"
876,19,4159059,7138528,"A",2007-08-26-00.00.00,"N",11,2008-05-23-00.00.00,"X"
877,19,4159059,7139087,"A",2007-08-26-00.00.00,"N",11,2008-05-23-00.00.00,"X"
878,19,4159059,7139273,"A",2007-08-26-00.00.00,"N",12,2008-05-23-00.00.00,"X"
879,19,4159059,7139646,"A",2007-08-26-00.00.00,"N",12,2008-05-23-00.00.00,"X"
880,19,4159059,7140391,"A",2007-08-26-00.00.00,"N",12,2008-05-23-00.00.00,"X"
881,19,4159059,7140764,"A",2007-08-26-00.00.00,"N",12,2008-05-23-00.00.00,"X"
882,19,4159059,7141696,"A",2007-08-26-00.00.00,"N",11,2008-05-23-00.00.00,"X"
883,19,4159059,7141882,"A",2007-08-26-00.00.00,"N",12,2008-05-23-00.00.00,"X"
884,19,4159059,7142255,"A",2007-08-26-00.00.00,"N",12,2008-05-23-00.00.00,"X"
885,19,4159059,7143559,"A",2007-08-26-00.00.00,"N",11,2008-05-23-00.00.00,"X"
886,19,4159059,7143745,"A",2007-08-26-00.00.00,"N",12,2008-05-23-00.00.00,"X"
887,19,4159059,7144118,"A",2007-08-26-00.00.00,"N",11,2008-05-23-00.00.00,"X"
888,19,4159059,7144491,"A",2007-08-26-00.00.00,"N",11,2008-05-23-00.00.00,"X"
889,19,4159059,7144863,"A",2007-08-26-00.00.00,"N",11,2008-05-23-00.00.00,"X"
890,19,4159059,7145236,"A",2007-08-26-00.00.00,"N",12,2008-05-23-00.00.00,"X"
891,19,4159059,7146168,"A",2007-08-26-00.00.00,"N",12,2008-05-23-00.00.00,"X"
892,19,4159059,7146354,"A",2007-08-26-00.00.00,"N",11,2008-05-23-00.00.00,"X"
893,19,4159059,7146727,"A",2007-08-26-00.00.00,"N",12,2008-05-23-00.00.00,"X"
894,19,4159059,7147099,"A",2007-08-26-00.00.00,"N",12,2008-05-23-00.00.00,"X"
895,19,4159059,7147658,"A",2007-08-26-00.00.00,"N",11,2008-05-23-00.00.00,"X"
896,19,4159059,7147845,"A",2007-08-26-00.00.00,"N",12,2008-05-23-00.00.00,"X"
897,19,4159059,7148590,"A",2007-08-26-00.00.00,"N",12,2008-05-23-00.00.00,"X"
898,19,4159059,7148963,"A",2007-08-26-00.00.00,"N",12,2008-05-23-00.00.00,"X"
899,19,4159059,7149335,"A",2007-08-26-00.00.00,"N",12,2008-05-23-00.00.00,"X"
900,19,4159059,7150639,"A",2007-08-26-00.00.00,"N",11,2008-05-23-00.00.00,"X"
901,19,4159059,7150826,"A",2007-08-26-00.00.00,"N",11,2008-05-23-00.00.00,"X"
902,19,4159059,7151012,"A",2007-08-26-00.00.00,"N",11,2008-05-23-00.00.00,"X"
903,19,4159059,7151385,"A",2007-08-26-00.00.00,"N",11,2008-01-24-00.00.00,"H"
904,19,4159059,7152130,"A",2007-08-26-00.00.00,"N",12,2008-05-23-00.00.00,"X"
905,19,4159059,7152316,"A",2007-08-26-00.00.00,"N",12,2008-05-23-00.00.00,"X"
906,19,4159059,7152503,"A",2007-08-26-00.00.00,"N",12,2008-05-23-00.00.00,"X"
907,19,4159059,7152689,"A",2007-08-26-00.00.00,"N",11,2008-05-23-00.00.00,"X"
908,19,4159059,7152875,"A",2007-08-26-00.00.00,"N",12,2008-05-23-00.00.00,"X"
909,19,4159059,7153807,"A",2007-08-26-00.00.00,"N",12,2008-05-23-00.00.00,"X"
910,19,4159059,7154180,"A",2007-08-26-00.00.00,"N",12,2008-05-23-00.00.00,"X"
911,19,4159059,7154366,"A",2007-08-26-00.00.00,"N",11,2008-05-23-00.00.00,"X"
912,19,4159059,7154552,"A",2007-08-26-00.00.00,"N",12,2008-05-23-00.00.00,"X"
913,19,4159059,7154739,"A",2007-08-26-00.00.00,"N",11,2008-05-23-00.00.00,"X"
914,19,4159059,7155298,"A",2007-08-26-00.00.00,"N",11,2008-05-23-00.00.00,"X"
915,19,4159059,7156043,"A",2007-08-26-00.00.00,"N",11,2008-05-23-00.00.00,"X"
916,19,4159059,7156602,"A",2007-08-26-00.00.00,"N",12,2008-05-23-00.00.00,"X"
917,19,4159059,7156788,"A",2007-08-26-00.00.00,"N",12,2008-05-23-00.00.00,"X"
918,19,4159059,7157720,"A",2007-08-26-00.00.00,"N",11,2008-05-23-00.00.00,"X"
919,19,4159059,7158279,"A",2007-08-26-00.00.00,"N",12,2008-05-23-00.00.00,"X"
920,19,4159059,7158652,"A",2007-08-26-00.00.00,"N",11,2008-05-23-00.00.00,"X"
921,19,4159059,7158838,"A",2008-04-02-00.00.00,"N",11,2008-05-23-00.00.00,"X"
922,19,4159059,7159024,"A",2007-08-26-00.00.00,"N",12,2008-05-23-00.00.00,"X"
923,19,4159059,7159397,"A",2007-08-26-00.00.00,"N",12,2008-05-23-00.00.00,"X"
924,19,4159059,7160142,"A",2007-08-26-00.00.00,"N",12,2008-05-23-00.00.00,"X"
925,19,4159059,7160701,"A",2007-08-26-00.00.00,"N",11,2008-05-23-00.00.00,"X"
926,19,4159059,7161074,"A",2007-08-26-00.00.00,"N",12,2008-05-23-00.00.00,"X"
927,19,4159059,7161260,"A",2007-08-26-00.00.00,"N",12,2008-05-23-00.00.00,"X"
928,19,4159059,7162006,"A",2007-08-26-00.00.00,"N",11,2008-05-23-00.00.00,"X"
929,19,4159059,7162192,"A",2007-08-26-00.00.00,"N",11,2008-05-23-00.00.00,"X"
930,19,4159059,7162565,"A",2007-08-26-00.00.00,"N",11,2008-05-23-00.00.00,"X"
931,19,4159059,7162751,"A",2007-08-26-00.00.00,"N",11,2008-05-23-00.00.00,"X"
932,19,4159059,7163496,"A",2007-08-26-00.00.00,"N",11,2008-05-23-00.00.00,"X"
933,19,4159059,7163869,"A",2007-08-26-00.00.00,"N",11,2008-05-23-00.00.00,"X"
934,19,4159059,7164055,"A",2007-08-26-00.00.00,"N",12,2008-05-23-00.00.00,"X"
935,19,4159059,7164801,"A",2007-08-26-00.00.00,"N",11,2008-05-23-00.00.00,"X"
936,19,4159059,7165546,"A",2007-08-26-00.00.00,"N",11,2008-05-23-00.00.00,"X"
937,19,4159059,7165732,"A",2007-08-26-00.00.00,"N",11,2008-05-23-00.00.00,"X"
938,19,4159059,7166105,"A",2007-08-26-00.00.00,"N",12,2008-05-23-00.00.00,"X"
939,19,4159059,7166664,"A",2007-08-26-00.00.00,"N",11,2008-05-23-00.00.00,"X"
940,19,4159059,7167036,"A",2007-08-26-00.00.00,"N",11,2008-05-23-00.00.00,"X"
941,19,4159059,7167409,"A",2007-08-26-00.00.00,"N",12,2008-05-23-00.00.00,"X"
942,20,4159059,7167782,"A",2007-08-26-00.00.00,"N",12,2007-10-31-00.00.00,"D"
943,19,4159059,7167968,"A",2007-08-26-00.00.00,"N",12,2008-05-23-00.00.00,"X"
944,19,4159059,7168154,"A",2007-08-26-00.00.00,"N",11,2008-05-23-00.00.00,"X"
945,19,4159059,7168527,"A",2007-08-26-00.00.00,"N",12,2008-05-23-00.00.00,"X"
946,19,4159059,7168713,"A",2007-08-26-00.00.00,"N",12,2008-05-23-00.00.00,"X"
947,19,4159059,7168900,"A",2007-08-26-00.00.00,"N",12,2008-05-23-00.00.00,"X"
948,19,4159059,7169272,"A",2007-08-26-00.00.00,"N",11,2008-05-23-00.00.00,"X"
949,19,4159059,7169459,"A",2007-08-26-00.00.00,"N",12,2008-05-23-00.00.00,"X"
950,19,4159059,7231134,"A",2007-08-26-00.00.00,"N",12,2008-05-23-00.00.00,"X"
951,19,4159059,7170390,"A",2007-08-26-00.00.00,"N",10,2008-05-23-00.00.00,"X"
952,19,4159059,7170763,"A",2007-08-26-00.00.00,"N",10,2008-05-23-00.00.00,"X"
953,19,4159059,7170949,"A",2007-08-26-00.00.00,"N",10,2008-05-23-00.00.00,"X"
954,19,4159059,7171695,"A",2007-08-26-00.00.00,"N",10,2008-05-23-00.00.00,"X"
955,19,4159059,7172440,"A",2007-08-26-00.00.00,"N",10,2008-05-23-00.00.00,"X"
956,19,4159059,7173185,"A",2007-08-26-00.00.00,"N",10,2008-05-23-00.00.00,"X"
957,19,4159059,7174117,"A",2007-08-26-00.00.00,"N",10,2008-05-23-00.00.00,"X"
958,19,4159059,7174303,"A",2007-08-26-00.00.00,"N",10,2008-05-23-00.00.00,"X"
959,19,4159059,7174490,"A",2007-08-26-00.00.00,"N",10,2008-05-23-00.00.00,"X"
960,19,4159059,7175049,"A",2007-08-26-00.00.00,"N",10,2008-05-23-00.00.00,"X"
961,19,4159059,7176539,"A",2007-08-26-00.00.00,"N",10,2008-05-23-00.00.00,"X"
962,19,4159059,7176912,"A",2007-08-26-00.00.00,"N",10,2008-05-23-00.00.00,"X"
963,19,4159059,7177098,"A",2007-08-26-00.00.00,"N",10,2008-05-23-00.00.00,"X"
964,19,4159059,7179707,"A",2007-08-26-00.00.00,"N",10,2008-05-23-00.00.00,"X"
965,19,4159059,7180452,"A",2007-08-26-00.00.00,"N",10,2008-05-23-00.00.00,"X"
966,19,4159059,7181384,"A",2007-08-26-00.00.00,"N",10,2008-05-23-00.00.00,"X"
967,19,4159059,7182316,"A",2007-08-26-00.00.00,"N",10,2008-05-23-00.00.00,"X"
968,19,4159059,7183247,"A",2007-08-26-00.00.00,"N",10,2008-05-23-00.00.00,"X"
969,19,4159059,7183992,"A",2007-08-26-00.00.00,"N",10,2008-05-23-00.00.00,"X"
970,19,4159059,7184551,"A",2007-08-26-00.00.00,"N",10,2008-05-23-00.00.00,"X"
971,19,4159059,7184924,"A",2007-08-26-00.00.00,"N",10,2008-05-23-00.00.00,"X"
972,19,4159059,7185297,"A",2007-08-26-00.00.00,"N",10,2008-05-23-00.00.00,"X"
973,19,4159059,7186228,"A",2007-08-26-00.00.00,"N",10,2008-05-23-00.00.00,"X"
974,19,4159059,7186974,"A",2007-08-26-00.00.00,"N",10,2007-09-03-00.00.00,"O"
975,19,4159059,7187533,"A",2007-08-26-00.00.00,"N",10,2008-05-23-00.00.00,"X"
976,19,4159059,7187905,"A",2007-08-26-00.00.00,"N",10,2008-05-23-00.00.00,"X"
977,19,4159059,7232997,"A",2007-08-26-00.00.00,"N",10,2008-05-23-00.00.00,"X"
978,19,4159059,7246040,"A",2007-08-26-00.00.00,"N",12,2008-05-23-00.00.00,"X"
979,19,4159059,7246413,"A",2007-08-26-00.00.00,"N",10,2008-05-23-00.00.00,"X"
980,19,4159059,7246599,"A",2007-08-26-00.00.00,"N",10,2008-05-23-00.00.00,"X"
981,19,4159059,7249767,"A",2007-08-26-00.00.00,"N",12,2008-05-23-00.00.00,"X"
982,19,4159059,7141323,"A",2007-08-26-00.00.00,"N",12,2008-05-23-00.00.00,"X"
983,19,4159059,7252562,"A",2007-08-26-00.00.00,"N",10,2008-05-23-00.00.00,"X"
984,19,4159059,7159770,"A",2007-08-26-00.00.00,"N",12,2008-05-23-00.00.00,"X"
985,19,4159059,7171881,"A",2007-08-26-00.00.00,"N",9,2008-05-23-00.00.00,"X"
986,19,4159059,7172626,"A",2007-08-26-00.00.00,"N",9,2008-05-23-00.00.00,"X"
987,19,4159059,7172999,"A",2007-08-26-00.00.00,"N",9,2008-05-23-00.00.00,"X"
988,19,4159059,7173372,"A",2007-08-26-00.00.00,"N",9,2008-05-23-00.00.00,"X"
989,19,4159059,7174676,"A",2007-08-26-00.00.00,"N",9,2008-05-23-00.00.00,"X"
990,19,4159059,7175608,"A",2007-08-26-00.00.00,"N",9,2008-05-23-00.00.00,"X"
991,19,4159059,7177657,"A",2007-08-26-00.00.00,"N",9,2008-05-23-00.00.00,"X"
992,19,4159059,7178216,"A",2007-08-26-00.00.00,"N",9,2008-05-23-00.00.00,"X"
993,19,4159059,7178403,"A",2007-08-26-00.00.00,"N",9,2008-05-23-00.00.00,"X"
994,19,4159059,7179148,"A",2007-08-26-00.00.00,"N",9,2008-05-23-00.00.00,"X"
995,19,4159059,7179521,"A",2007-08-26-00.00.00,"N",9,2008-05-23-00.00.00,"X"
996,19,4159059,7179893,"A",2007-08-26-00.00.00,"N",9,2008-05-23-00.00.00,"X"
997,19,4159059,7181011,"A",2007-08-26-00.00.00,"N",9,2008-05-23-00.00.00,"X"
998,19,4159059,7181570,"A",2007-08-26-00.00.00,"N",9,2008-05-23-00.00.00,"X"
999,19,4159059,7181757,"A",2007-08-26-00.00.00,"N",9,2008-05-23-00.00.00,"X"
1000,19,4159059,7181943,"A",2007-08-26-00.00.00,"N",9,2008-05-23-00.00.00,"X"
1001,19,4159059,7183434,"A",2007-08-26-00.00.00,"N",9,2008-05-23-00.00.00,"X"
1002,19,4159059,7183620,"A",2007-08-26-00.00.00,"N",9,2008-05-23-00.00.00,"X"
1003,19,4159059,7185110,"A",2007-08-26-00.00.00,"N",9,2008-05-23-00.00.00,"X"
1004,19,4159059,7186042,"A",2007-08-26-00.00.00,"N",9,2008-05-23-00.00.00,"X"
1005,19,4159059,7186415,"A",2007-08-26-00.00.00,"N",9,2008-05-23-00.00.00,"X"
1006,19,4159059,7186601,"A",2007-08-26-00.00.00,"N",9,2008-05-23-00.00.00,"X"
1007,19,4159059,7186787,"A",2007-08-26-00.00.00,"N",9,2008-05-23-00.00.00,"X"
1008,19,4159059,7187346,"A",2007-08-26-00.00.00,"N",9,2008-05-23-00.00.00,"X"
1009,19,4159059,7187719,"A",2007-08-26-00.00.00,"N",9,2008-05-23-00.00.00,"X"
1010,19,4159059,7188464,"A",2007-08-26-00.00.00,"N",9,2008-05-23-00.00.00,"X"
1011,19,4159059,7188837,"A",2007-08-26-00.00.00,"N",9,2008-05-23-00.00.00,"X"
1012,19,4159059,7189210,"A",2007-08-26-00.00.00,"N",9,2008-05-23-00.00.00,"X"
1013,19,4159059,7189582,"A",2007-08-26-00.00.00,"N",9,2008-05-23-00.00.00,"X"
1014,19,4159059,7234861,"A",2007-08-26-00.00.00,"N",9,2008-05-23-00.00.00,"X"
1015,19,4159059,7244550,"A",2007-08-26-00.00.00,"N",9,2008-05-23-00.00.00,"X"
1016,19,4159059,7173931,"A",2007-08-26-00.00.00,"S",10,2007-09-09-00.00.00,"W"
1017,19,4159059,7261319,"A",2007-08-02-00.00.00,"N",10,2008-05-23-00.00.00,"X"
1018,19,4159059,7261692,"A",2007-08-26-00.00.00,"N",9,2008-05-23-00.00.00,"X"
1019,19,4159059,7263928,"A",2007-08-12-00.00.00,"N",9,2008-05-23-00.00.00,"X"
1020,19,4159059,7264860,"A",2007-08-26-00.00.00,"N",10,2008-05-23-00.00.00,"X"
1021,19,4159059,7235792,"A",2007-08-26-00.00.00,"N",12,2008-05-23-00.00.00,"X"
1022,19,4159059,7246786,"A",2007-08-26-00.00.00,"N",11,2008-05-23-00.00.00,"X"
1023,19,4159059,7183806,"A",2007-08-26-00.00.00,"N",10,2008-05-23-00.00.00,"X"
1024,19,4159059,7159583,"A",2007-08-26-00.00.00,"N",11,2008-01-16-00.00.00,"S"
1025,19,4159059,7267096,"A",2007-09-03-00.00.00,"N",12,2007-11-18-00.00.00,"S"
1026,20,4159059,7249394,"A",2007-09-06-00.00.00,"N",11,2007-12-20-00.00.00,"D"
1027,19,4159059,7267841,"A",2007-10-16-00.00.00,"S",10,2008-05-23-00.00.00,"X"
1028,19,4159059,7268214,"A",2007-10-22-00.00.00,"R",10,2008-05-23-00.00.00,"O"
1029,19,4159059,7167782,"A",2007-11-18-00.00.00,"D",12,2008-05-23-00.00.00,"X"
1030,20,4159059,7247904,"A",2007-11-18-00.00.00,"R",10,2007-12-20-00.00.00,"D"
1031,19,4159059,7270449,"A",2008-01-27-00.00.00,"S",10,2008-04-10-00.00.00,"S"
1032,19,4159059,7159583,"A",2008-03-03-00.00.00,"S",11,2008-05-23-00.00.00,"X"
1033,19,4159059,7271008,"A",2008-03-13-00.00.00,"T",9,2008-05-23-00.00.00,"X"
1034,20,4159059,7170018,"A",2008-08-25-00.00.00,"N",9,2009-02-20-00.00.00,"S"
1035,20,4159059,7170577,"A",2008-08-25-00.00.00,"N",9,,
1036,20,4159059,7245109,"A",2008-08-25-00.00.00,"N",9,,
1037,20,4159059,7245295,"A",2008-08-25-00.00.00,"N",9,,
1038,20,4159059,7254984,"A",2008-08-25-00.00.00,"N",9,,
1039,20,4159059,7262810,"A",2008-08-25-00.00.00,"N",9,,
1040,20,4159059,7264114,"A",2008-08-25-00.00.00,"N",9,,
1041,20,4159059,7171136,"A",2008-08-25-00.00.00,"N",9,,
1042,20,4159059,7171322,"A",2008-08-25-00.00.00,"N",9,,
1043,20,4159059,7171508,"A",2008-08-25-00.00.00,"N",9,,
1044,20,4159059,7172067,"A",2008-08-25-00.00.00,"N",9,,
1045,20,4159059,7172254,"A",2008-08-25-00.00.00,"N",9,,
1046,20,4159059,7172813,"A",2008-08-25-00.00.00,"N",9,,
1047,20,4159059,7173558,"A",2008-08-25-00.00.00,"N",9,,
1048,20,4159059,7174862,"A",2008-08-25-00.00.00,"N",9,,
1049,20,4159059,7175421,"A",2008-08-25-00.00.00,"N",9,,
1050,20,4159059,7175794,"A",2008-08-25-00.00.00,"N",9,,
1051,20,4159059,7175980,"A",2008-08-25-00.00.00,"N",9,,
1052,20,4159059,7176167,"A",2008-08-25-00.00.00,"N",9,,
1053,20,4159059,7176353,"A",2008-08-25-00.00.00,"N",9,,
1054,20,4159059,7176726,"A",2008-08-25-00.00.00,"N",9,,
1055,20,4159059,7177285,"A",2008-08-25-00.00.00,"N",9,,
1056,20,4159059,7177471,"A",2008-08-25-00.00.00,"N",9,,
1057,20,4159059,7177844,"A",2008-08-25-00.00.00,"N",9,,
1058,20,4159059,7179334,"A",2008-08-25-00.00.00,"N",9,,
1059,20,4159059,7180080,"A",2008-08-25-00.00.00,"N",9,,
1060,20,4159059,7180266,"A",2008-08-25-00.00.00,"N",9,,
1061,20,4159059,7180639,"A",2008-08-25-00.00.00,"N",9,,
1062,20,4159059,7180825,"A",2008-08-25-00.00.00,"N",9,,
1063,20,4159059,7181198,"A",2008-08-25-00.00.00,"N",9,,
1064,20,4159059,7182129,"A",2008-08-25-00.00.00,"N",9,,
1065,20,4159059,7182502,"A",2008-08-25-00.00.00,"N",9,,
1066,20,4159059,7182688,"A",2008-08-25-00.00.00,"N",9,,
1067,20,4159059,7182875,"A",2008-08-25-00.00.00,"N",9,,
1068,20,4159059,7183061,"A",2008-08-25-00.00.00,"N",9,,
1069,20,4159059,7184179,"A",2008-08-25-00.00.00,"N",9,,
1070,20,4159059,7184365,"A",2008-08-25-00.00.00,"N",9,,
1071,20,4159059,7184738,"A",2008-08-25-00.00.00,"N",9,,
1072,20,4159059,7185483,"A",2008-08-25-00.00.00,"N",9,,
1073,20,4159059,7185669,"A",2008-08-25-00.00.00,"N",9,,
1074,20,4159059,7185856,"A",2008-08-25-00.00.00,"N",9,,
1075,20,4159059,7188092,"A",2008-08-25-00.00.00,"N",9,,
1076,20,4159059,7188278,"A",2008-08-25-00.00.00,"N",9,,
1077,20,4159059,7188651,"A",2008-08-25-00.00.00,"N",9,,
1078,20,4159059,7189023,"A",2008-08-25-00.00.00,"N",9,,
1079,20,4159059,7189396,"A",2008-08-25-00.00.00,"N",9,,
1080,20,4159059,7169272,"A",2008-08-25-00.00.00,"N",12,2009-01-21-00.00.00,"D"
1081,20,4159059,7170390,"A",2008-08-25-00.00.00,"N",11,,
1082,20,4159059,7170763,"A",2008-08-25-00.00.00,"N",11,,
1083,20,4159059,7170949,"A",2008-08-25-00.00.00,"N",11,,
1084,20,4159059,7171695,"A",2008-08-25-00.00.00,"N",11,2008-11-14-00.00.00,"W"
1085,20,4159059,7172440,"A",2008-08-25-00.00.00,"N",11,,
1086,20,4159059,7173185,"A",2008-08-25-00.00.00,"N",11,,
1087,20,4159059,7174117,"A",2008-08-25-00.00.00,"N",11,,
1088,20,4159059,7174303,"A",2008-08-25-00.00.00,"N",11,,
1089,20,4159059,7174490,"A",2008-08-25-00.00.00,"N",11,,
1090,20,4159059,7175049,"A",2008-08-25-00.00.00,"N",11,,
1091,20,4159059,7176539,"A",2008-08-25-00.00.00,"N",11,,
1092,20,4159059,7176912,"A",2008-08-25-00.00.00,"N",11,,
1093,20,4159059,7177098,"A",2008-08-25-00.00.00,"N",11,,
1094,20,4159059,7179707,"A",2008-08-25-00.00.00,"N",11,,
1095,20,4159059,7180452,"A",2008-08-25-00.00.00,"N",11,,
1096,20,4159059,7181384,"A",2008-08-25-00.00.00,"N",11,,
1097,20,4159059,7182316,"A",2008-08-25-00.00.00,"N",11,,
1098,20,4159059,7183247,"A",2008-08-25-00.00.00,"N",11,,
1099,20,4159059,7183992,"A",2008-08-25-00.00.00,"N",11,,
1100,20,4159059,7184551,"A",2008-08-25-00.00.00,"N",11,,
1101,20,4159059,7184924,"A",2008-08-25-00.00.00,"N",11,,
1102,20,4159059,7185297,"A",2008-08-25-00.00.00,"N",11,,
1103,20,4159059,7186228,"A",2008-08-25-00.00.00,"N",11,,
1104,20,4159059,7187533,"A",2008-08-25-00.00.00,"N",11,,
1105,20,4159059,7187905,"A",2008-08-25-00.00.00,"N",11,,
1106,20,4159059,7232997,"A",2008-08-25-00.00.00,"N",11,,
1107,20,4159059,7246413,"A",2008-08-25-00.00.00,"N",11,,
1108,20,4159059,7246599,"A",2008-08-25-00.00.00,"N",11,,
1109,20,4159059,7252562,"A",2008-08-25-00.00.00,"N",11,,
1110,20,4159059,7171881,"A",2008-08-25-00.00.00,"N",10,,
1111,20,4159059,7172626,"A",2008-08-25-00.00.00,"N",10,,
1112,20,4159059,7172999,"A",2008-08-25-00.00.00,"N",10,,
1113,20,4159059,7173372,"A",2008-08-25-00.00.00,"N",10,,
1114,20,4159059,7174676,"A",2008-08-25-00.00.00,"N",10,,
1115,20,4159059,7175608,"A",2008-08-25-00.00.00,"N",10,,
1116,20,4159059,7177657,"A",2008-08-25-00.00.00,"N",10,,
1117,20,4159059,7178216,"A",2008-08-25-00.00.00,"N",10,,
1118,20,4159059,7178403,"A",2008-08-25-00.00.00,"N",10,,
1119,20,4159059,7179148,"A",2008-08-25-00.00.00,"N",10,,
1120,20,4159059,7179521,"A",2008-08-25-00.00.00,"N",10,,
1121,20,4159059,7179893,"A",2008-08-25-00.00.00,"N",10,,
1122,20,4159059,7181011,"A",2008-08-25-00.00.00,"N",10,,
1123,20,4159059,7181570,"A",2008-08-25-00.00.00,"N",10,,
1124,20,4159059,7181757,"A",2008-08-25-00.00.00,"N",10,,
1125,20,4159059,7181943,"A",2008-08-25-00.00.00,"N",10,,
1126,20,4159059,7183434,"A",2008-08-25-00.00.00,"N",10,,
1127,20,4159059,7183620,"A",2008-08-25-00.00.00,"N",10,2008-11-14-00.00.00,"W"
1128,20,4159059,7185110,"A",2008-08-25-00.00.00,"N",10,,
1129,20,4159059,7186042,"A",2008-08-25-00.00.00,"N",10,,
1130,20,4159059,7186415,"A",2008-08-25-00.00.00,"N",10,,
1131,20,4159059,7186601,"A",2008-08-25-00.00.00,"N",10,,
1132,20,4159059,7186787,"A",2008-08-25-00.00.00,"N",10,,
1133,20,4159059,7187346,"A",2008-08-25-00.00.00,"N",10,,
1134,20,4159059,7187719,"A",2008-08-25-00.00.00,"N",10,,
1135,20,4159059,7188464,"A",2008-08-25-00.00.00,"N",10,,
1136,20,4159059,7188837,"A",2008-08-25-00.00.00,"N",10,,
1137,20,4159059,7189210,"A",2008-08-25-00.00.00,"N",10,,
1138,20,4159059,7189582,"A",2008-08-25-00.00.00,"N",10,,
1139,20,4159059,7234861,"A",2008-08-25-00.00.00,"N",10,,
1140,20,4159059,7244550,"A",2008-08-25-00.00.00,"N",10,,
1141,20,4159059,7261692,"A",2008-08-25-00.00.00,"N",10,,
1142,20,4159059,7263928,"A",2008-08-25-00.00.00,"N",10,2008-09-08-00.00.00,"S"
1143,20,4159059,7264860,"A",2008-08-25-00.00.00,"N",11,,
1144,20,4159059,7246786,"A",2008-08-25-00.00.00,"N",12,,
1145,20,4159059,7183806,"A",2008-08-25-00.00.00,"N",11,,
1146,20,4159059,7267841,"A",2008-08-25-00.00.00,"N",11,,
1147,20,4159059,7159583,"A",2008-08-25-00.00.00,"N",12,,
1148,20,4159059,7136665,"A",2008-08-25-00.00.00,"N",12,,
1149,20,4159059,7136851,"A",2008-08-25-00.00.00,"N",12,,
1150,20,4159059,7137410,"A",2008-08-25-00.00.00,"N",12,,
1151,20,4159059,7138528,"A",2008-08-25-00.00.00,"N",12,,
1152,20,4159059,7139087,"A",2008-08-25-00.00.00,"N",12,,
1153,20,4159059,7141696,"A",2008-08-25-00.00.00,"N",12,,
1154,20,4159059,7143559,"A",2008-08-25-00.00.00,"N",12,,
1155,20,4159059,7144118,"A",2008-08-25-00.00.00,"N",12,,
1156,20,4159059,7144491,"A",2008-08-25-00.00.00,"N",12,,
1157,20,4159059,7144863,"A",2008-08-25-00.00.00,"N",12,,
1158,20,4159059,7146354,"A",2008-08-25-00.00.00,"N",12,,
1159,20,4159059,7147658,"A",2008-08-25-00.00.00,"N",12,,
1160,20,4159059,7150639,"A",2008-08-25-00.00.00,"N",12,,
1161,20,4159059,7150826,"A",2008-08-25-00.00.00,"N",12,,
1162,20,4159059,7151012,"A",2008-08-25-00.00.00,"N",12,,
1163,20,4159059,7152689,"A",2008-08-25-00.00.00,"N",12,,
1164,20,4159059,7154366,"A",2008-08-25-00.00.00,"N",12,,
1165,20,4159059,7154739,"A",2008-08-25-00.00.00,"N",12,,
1166,20,4159059,7155298,"A",2008-08-25-00.00.00,"N",12,,
1167,20,4159059,7156043,"A",2008-08-25-00.00.00,"N",12,,
1168,20,4159059,7157720,"A",2008-08-25-00.00.00,"N",12,,
1169,20,4159059,7158652,"A",2008-08-25-00.00.00,"N",12,,
1170,20,4159059,7160701,"A",2008-08-25-00.00.00,"N",12,,
1171,20,4159059,7162006,"A",2008-08-25-00.00.00,"N",12,,
1172,20,4159059,7162192,"A",2008-08-25-00.00.00,"N",12,,
1173,20,4159059,7162565,"A",2008-08-25-00.00.00,"N",12,,
1174,20,4159059,7162751,"A",2008-08-25-00.00.00,"N",12,,
1175,20,4159059,7163496,"A",2008-08-25-00.00.00,"N",12,,
1176,20,4159059,7163869,"A",2008-08-25-00.00.00,"N",12,,
1177,20,4159059,7164801,"A",2008-08-25-00.00.00,"N",12,,
1178,20,4159059,7165546,"A",2008-08-25-00.00.00,"N",12,,
1179,20,4159059,7165732,"A",2008-08-25-00.00.00,"N",12,,
1180,20,4159059,7166664,"A",2008-08-25-00.00.00,"N",12,,
1181,20,4159059,7167036,"A",2008-08-25-00.00.00,"N",12,,
1182,20,4159059,7168154,"A",2008-08-25-00.00.00,"N",12,,
1183,20,4159059,7278089,"A",2008-08-13-00.00.00,"N",10,,
1184,20,4159059,7158838,"A",2008-08-25-00.00.00,"N",12,2008-10-27-00.00.00,"W"
1185,20,4159059,7171695,"A",2008-11-25-00.00.00,"D",11,,
1186,20,4159059,7283120,"A",2009-02-20-00.00.00,"N",0,,
1187,20,4159059,7283306,"A",2009-03-01-00.00.00,"N",12,,
