[
    {
        "id": "b64ee2bcc92805cdd8ada6b7d8f9c643c9459831_id",
        "organizationCategories": [
            "State Education Agency"
        ],
        "address": [
            {
                "streetNumberName": "123 Street",
                "postalCode": "00000",
                "stateAbbreviation": "NY",
                "city": "NYC"
            }
        ],
        "programReference": [
            "a50802f02c7e771d979f7d5b3870c500014e6803_id"
        ],
        "stateOrganizationId": "NY",
        "entityType": "educationOrganization",
        "nameOfInstitution": "New York State Board of Education"
    },
    {
        "id": "64d6f51699270b047483e27846880ede195425e0_id",
        "localEducationAgencyReference": "1b223f577827204a1c7e9c851dba06bea6b031fe_id",
        "organizationCategories": [
            "Local Education Agency"
        ],
        "address": [
            {
                "streetNumberName": "456 Street",
                "postalCode": "00000",
                "stateAbbreviation": "NY",
                "city": "NYC"
            }
        ],
        "programReference": [
            "983dd657325009aefa88a234fa18bdb1e11c82a8_id"
        ],
        "stateOrganizationId": "NY-WALTON-DIS",
        "LEACategory": "Independent",
        "parentEducationAgencyReference": "1b223f577827204a1c7e9c851dba06bea6b031fe_id",
        "entityType": "educationOrganization",
        "nameOfInstitution": "Walton School District 4528"
    }
]