<?xml version="1.0" encoding="UTF-8"?>
<InterchangeStudentAssessment xmlns:xsi="http://www.w3.org/2001/XMLSchema-instance" xmlns="http://ed-fi.org/0100" xsi:schemaLocation="http://ed-fi.org/0100 ../../sli/common/domain/src/main/resources/edfiXsd/Interchange-StudentAssessment.xsd">
    
<StudentAssessment>
<AdministrationDate>2011-10-01</AdministrationDate>
<AdministrationEndDate>2011-10-01</AdministrationEndDate>
<SerialNumber>3</SerialNumber>
<AdministrationLanguage>English</AdministrationLanguage>
<AdministrationEnvironment>Testing Center</AdministrationEnvironment>
<LinguisticAccommodations>
    <LinguisticAccommodation>Bilingual Glossary</LinguisticAccommodation>
</LinguisticAccommodations>
<RetestIndicator>Primary Administration</RetestIndicator>
<ReasonNotTested>Medical waiver</ReasonNotTested>
<ScoreResults AssessmentReportingMethod="Scale score">
    <Result>195</Result>
</ScoreResults>
<ScoreResults AssessmentReportingMethod="Other">
    <Result>642</Result>
</ScoreResults>
<ScoreResults AssessmentReportingMethod="Percentile">
    <Result>53</Result>
</ScoreResults>
<GradeLevelWhenAssessed>Fifth grade</GradeLevelWhenAssessed>
<PerformanceLevels>
    <CodeValue>ES</CodeValue>
</PerformanceLevels>
<StudentReference>
    <StudentIdentity>
        <StudentUniqueStateId>500000000</StudentUniqueStateId>
    </StudentIdentity>
</StudentReference>
<AssessmentReference>
    <AssessmentIdentity>
        <AssessmentTitle>Grade 5 2011 StateTest Reading</AssessmentTitle>
        <AcademicSubject>Reading</AcademicSubject>
        <GradeLevelAssessed>Fifth grade</GradeLevelAssessed>
        <Version>1</Version>
    </AssessmentIdentity>
</AssessmentReference>
</StudentAssessment>

<StudentAssessment>
    <AdministrationDate>2011-09-01</AdministrationDate>
    <AdministrationEndDate>2011-09-01</AdministrationEndDate>
    <SerialNumber>7</SerialNumber>
    <AdministrationLanguage>English</AdministrationLanguage>
    <AdministrationEnvironment>Testing Center</AdministrationEnvironment>
    <RetestIndicator>Primary Administration</RetestIndicator>
    <ReasonNotTested>Medical waiver</ReasonNotTested>
    <ScoreResults AssessmentReportingMethod="Scale score">
        <Result>199</Result>
    </ScoreResults>
    <ScoreResults AssessmentReportingMethod="Other">
        <Result>655</Result>
    </ScoreResults>
    <ScoreResults AssessmentReportingMethod="Percentile">
        <Result>55</Result>
    </ScoreResults>
    <GradeLevelWhenAssessed>Fifth grade</GradeLevelWhenAssessed>
    <PerformanceLevels>
        <CodeValue>MS</CodeValue>
    </PerformanceLevels>
    <StudentReference>
        <StudentIdentity>
            <StudentUniqueStateId>500000000</StudentUniqueStateId>
        </StudentIdentity>
    </StudentReference>
    <AssessmentReference>
        <AssessmentIdentity>
            <AssessmentTitle>Grade 5 2011 StateTest Reading</AssessmentTitle>
            <AcademicSubject>Reading</AcademicSubject>
            <GradeLevelAssessed>Fifth grade</GradeLevelAssessed>
            <Version>1</Version>
        </AssessmentIdentity>
    </AssessmentReference>
</StudentAssessment>

</InterchangeStudentAssessment>