<?xml version="1.0" encoding="UTF-8" standalone="yes"?>
<InterchangeEducationOrgCalendar xmlns="http://ed-fi.org/0100">
    <Session>
        <SessionName>CAP0-D0-HSch0-ses0</SessionName>
        <SchoolYear>2011-2012</SchoolYear>
        <Term>Spring Semester</Term>
        <BeginDate>2012-01-01</BeginDate>
        <EndDate>2012-06-01</EndDate>
        <TotalInstructionalDays>120</TotalInstructionalDays>
        <EducationOrganizationReference>
            <EducationalOrgIdentity>
                <StateOrganizationId>CAP0-D0-HSch0</StateOrganizationId>
            </EducationalOrgIdentity>
        </EducationOrganizationReference>
        <GradingPeriodReference ref="CAP0-D0-HSch0-ses0-0-0"/>
        <GradingPeriodReference ref="CAP0-D0-HSch0-ses0-0-1"/>
        <CalendarDateReference ref="CAP0-D0-HSch0-ses0-0"/>
        <CalendarDateReference ref="CAP0-D0-HSch0-ses0-1"/>
    </Session>
    <Session>
        <SessionName>CAP0-D0-HSch0-ses1</SessionName>
        <SchoolYear>2011-2012</SchoolYear>
        <Term>Spring Semester</Term>
        <BeginDate>2012-01-01</BeginDate>
        <EndDate>2012-06-01</EndDate>
        <TotalInstructionalDays>120</TotalInstructionalDays>
        <EducationOrganizationReference>
            <EducationalOrgIdentity>
                <StateOrganizationId>CAP0-D0-HSch0</StateOrganizationId>
            </EducationalOrgIdentity>
        </EducationOrganizationReference>
        <GradingPeriodReference ref="CAP0-D0-HSch0-ses1-0-0"/>
        <GradingPeriodReference ref="CAP0-D0-HSch0-ses1-0-1"/>
        <CalendarDateReference ref="CAP0-D0-HSch0-ses1-0"/>
        <CalendarDateReference ref="CAP0-D0-HSch0-ses1-1"/>
    </Session>
    <Session>
        <SessionName>CAP0-D0-HSch1-ses0</SessionName>
        <SchoolYear>2011-2012</SchoolYear>
        <Term>Spring Semester</Term>
        <BeginDate>2012-01-01</BeginDate>
        <EndDate>2012-06-01</EndDate>
        <TotalInstructionalDays>120</TotalInstructionalDays>
        <EducationOrganizationReference>
            <EducationalOrgIdentity>
                <StateOrganizationId>CAP0-D0-HSch1</StateOrganizationId>
            </EducationalOrgIdentity>
        </EducationOrganizationReference>
        <GradingPeriodReference ref="CAP0-D0-HSch1-ses0-0-0"/>
        <GradingPeriodReference ref="CAP0-D0-HSch1-ses0-0-1"/>
        <CalendarDateReference ref="CAP0-D0-HSch1-ses0-0"/>
        <CalendarDateReference ref="CAP0-D0-HSch1-ses0-1"/>
    </Session>
    <Session>
        <SessionName>CAP0-D0-HSch1-ses1</SessionName>
        <SchoolYear>2011-2012</SchoolYear>
        <Term>Spring Semester</Term>
        <BeginDate>2012-01-01</BeginDate>
        <EndDate>2012-06-01</EndDate>
        <TotalInstructionalDays>120</TotalInstructionalDays>
        <EducationOrganizationReference>
            <EducationalOrgIdentity>
                <StateOrganizationId>CAP0-D0-HSch1</StateOrganizationId>
            </EducationalOrgIdentity>
        </EducationOrganizationReference>
        <GradingPeriodReference ref="CAP0-D0-HSch1-ses1-0-0"/>
        <GradingPeriodReference ref="CAP0-D0-HSch1-ses1-0-1"/>
        <CalendarDateReference ref="CAP0-D0-HSch1-ses1-0"/>
        <CalendarDateReference ref="CAP0-D0-HSch1-ses1-1"/>
    </Session>
    <Session>
        <SessionName>CAP0-D0-HSch2-ses0</SessionName>
        <SchoolYear>2011-2012</SchoolYear>
        <Term>Spring Semester</Term>
        <BeginDate>2012-01-01</BeginDate>
        <EndDate>2012-06-01</EndDate>
        <TotalInstructionalDays>120</TotalInstructionalDays>
        <EducationOrganizationReference>
            <EducationalOrgIdentity>
                <StateOrganizationId>CAP0-D0-HSch2</StateOrganizationId>
            </EducationalOrgIdentity>
        </EducationOrganizationReference>
        <GradingPeriodReference ref="CAP0-D0-HSch2-ses0-0-0"/>
        <GradingPeriodReference ref="CAP0-D0-HSch2-ses0-0-1"/>
        <CalendarDateReference ref="CAP0-D0-HSch2-ses0-0"/>
        <CalendarDateReference ref="CAP0-D0-HSch2-ses0-1"/>
    </Session>
    <Session>
        <SessionName>CAP0-D0-HSch2-ses1</SessionName>
        <SchoolYear>2011-2012</SchoolYear>
        <Term>Spring Semester</Term>
        <BeginDate>2012-01-01</BeginDate>
        <EndDate>2012-06-01</EndDate>
        <TotalInstructionalDays>120</TotalInstructionalDays>
        <EducationOrganizationReference>
            <EducationalOrgIdentity>
                <StateOrganizationId>CAP0-D0-HSch2</StateOrganizationId>
            </EducationalOrgIdentity>
        </EducationOrganizationReference>
        <GradingPeriodReference ref="CAP0-D0-HSch2-ses1-0-0"/>
        <GradingPeriodReference ref="CAP0-D0-HSch2-ses1-0-1"/>
        <CalendarDateReference ref="CAP0-D0-HSch2-ses1-0"/>
        <CalendarDateReference ref="CAP0-D0-HSch2-ses1-1"/>
    </Session>
    <Session>
        <SessionName>CAP0-D0-HSch3-ses0</SessionName>
        <SchoolYear>2011-2012</SchoolYear>
        <Term>Spring Semester</Term>
        <BeginDate>2012-01-01</BeginDate>
        <EndDate>2012-06-01</EndDate>
        <TotalInstructionalDays>120</TotalInstructionalDays>
        <EducationOrganizationReference>
            <EducationalOrgIdentity>
                <StateOrganizationId>CAP0-D0-HSch3</StateOrganizationId>
            </EducationalOrgIdentity>
        </EducationOrganizationReference>
        <GradingPeriodReference ref="CAP0-D0-HSch3-ses0-0-0"/>
        <GradingPeriodReference ref="CAP0-D0-HSch3-ses0-0-1"/>
        <CalendarDateReference ref="CAP0-D0-HSch3-ses0-0"/>
        <CalendarDateReference ref="CAP0-D0-HSch3-ses0-1"/>
    </Session>
    <Session>
        <SessionName>CAP0-D0-HSch3-ses1</SessionName>
        <SchoolYear>2011-2012</SchoolYear>
        <Term>Spring Semester</Term>
        <BeginDate>2012-01-01</BeginDate>
        <EndDate>2012-06-01</EndDate>
        <TotalInstructionalDays>120</TotalInstructionalDays>
        <EducationOrganizationReference>
            <EducationalOrgIdentity>
                <StateOrganizationId>CAP0-D0-HSch3</StateOrganizationId>
            </EducationalOrgIdentity>
        </EducationOrganizationReference>
        <GradingPeriodReference ref="CAP0-D0-HSch3-ses1-0-0"/>
        <GradingPeriodReference ref="CAP0-D0-HSch3-ses1-0-1"/>
        <CalendarDateReference ref="CAP0-D0-HSch3-ses1-0"/>
        <CalendarDateReference ref="CAP0-D0-HSch3-ses1-1"/>
    </Session>
    <Session>
        <SessionName>CAP0-D0-HSch4-ses0</SessionName>
        <SchoolYear>2011-2012</SchoolYear>
        <Term>Spring Semester</Term>
        <BeginDate>2012-01-01</BeginDate>
        <EndDate>2012-06-01</EndDate>
        <TotalInstructionalDays>120</TotalInstructionalDays>
        <EducationOrganizationReference>
            <EducationalOrgIdentity>
                <StateOrganizationId>CAP0-D0-HSch4</StateOrganizationId>
            </EducationalOrgIdentity>
        </EducationOrganizationReference>
        <GradingPeriodReference ref="CAP0-D0-HSch4-ses0-0-0"/>
        <GradingPeriodReference ref="CAP0-D0-HSch4-ses0-0-1"/>
        <CalendarDateReference ref="CAP0-D0-HSch4-ses0-0"/>
        <CalendarDateReference ref="CAP0-D0-HSch4-ses0-1"/>
    </Session>
    <Session>
        <SessionName>CAP0-D0-HSch4-ses1</SessionName>
        <SchoolYear>2011-2012</SchoolYear>
        <Term>Spring Semester</Term>
        <BeginDate>2012-01-01</BeginDate>
        <EndDate>2012-06-01</EndDate>
        <TotalInstructionalDays>120</TotalInstructionalDays>
        <EducationOrganizationReference>
            <EducationalOrgIdentity>
                <StateOrganizationId>CAP0-D0-HSch4</StateOrganizationId>
            </EducationalOrgIdentity>
        </EducationOrganizationReference>
        <GradingPeriodReference ref="CAP0-D0-HSch4-ses1-0-0"/>
        <GradingPeriodReference ref="CAP0-D0-HSch4-ses1-0-1"/>
        <CalendarDateReference ref="CAP0-D0-HSch4-ses1-0"/>
        <CalendarDateReference ref="CAP0-D0-HSch4-ses1-1"/>
    </Session>
    <GradingPeriod id="CAP0-D0-HSch0-ses0-0-0">
        <GradingPeriodIdentity>
            <GradingPeriod>End of Year</GradingPeriod>
            <SchoolYear>2011-2012</SchoolYear>
            <StateOrganizationId>CAP0-D0-HSch0</StateOrganizationId>
        </GradingPeriodIdentity>
        <BeginDate>2011-03-04</BeginDate>
        <EndDate>2012-03-04</EndDate>
        <TotalInstructionalDays>140</TotalInstructionalDays>
        <CalendarDateReference ref="CAP0-D0-HSch0-ses0-0"/>
    </GradingPeriod>
    <GradingPeriod id="CAP0-D0-HSch0-ses0-0-1">
        <GradingPeriodIdentity>
            <GradingPeriod>Fifth Six Weeks</GradingPeriod>
            <SchoolYear>2011-2012</SchoolYear>
            <StateOrganizationId>CAP0-D0-HSch0</StateOrganizationId>
        </GradingPeriodIdentity>
        <BeginDate>2011-03-04</BeginDate>
        <EndDate>2012-03-04</EndDate>
        <TotalInstructionalDays>145</TotalInstructionalDays>
        <CalendarDateReference ref="CAP0-D0-HSch0-ses0-0"/>
    </GradingPeriod>
    <GradingPeriod id="CAP0-D0-HSch0-ses0-1-0">
        <GradingPeriodIdentity>
            <GradingPeriod>First Nine Weeks</GradingPeriod>
            <SchoolYear>2011-2012</SchoolYear>
            <StateOrganizationId>CAP0-D0-HSch0</StateOrganizationId>
        </GradingPeriodIdentity>
        <BeginDate>2011-03-04</BeginDate>
        <EndDate>2012-03-04</EndDate>
        <TotalInstructionalDays>75</TotalInstructionalDays>
        <CalendarDateReference ref="CAP0-D0-HSch0-ses0-1"/>
    </GradingPeriod>
    <GradingPeriod id="CAP0-D0-HSch0-ses0-1-1">
        <GradingPeriodIdentity>
            <GradingPeriod>First Semester</GradingPeriod>
            <SchoolYear>2011-2012</SchoolYear>
            <StateOrganizationId>CAP0-D0-HSch0</StateOrganizationId>
        </GradingPeriodIdentity>
        <BeginDate>2011-03-04</BeginDate>
        <EndDate>2012-03-04</EndDate>
        <TotalInstructionalDays>140</TotalInstructionalDays>
        <CalendarDateReference ref="CAP0-D0-HSch0-ses0-1"/>
    </GradingPeriod>
    <GradingPeriod id="CAP0-D0-HSch0-ses1-0-0">
        <GradingPeriodIdentity>
            <GradingPeriod>First Six Weeks</GradingPeriod>
            <SchoolYear>2011-2012</SchoolYear>
            <StateOrganizationId>CAP0-D0-HSch0</StateOrganizationId>
        </GradingPeriodIdentity>
        <BeginDate>2011-03-04</BeginDate>
        <EndDate>2012-03-04</EndDate>
        <TotalInstructionalDays>47</TotalInstructionalDays>
        <CalendarDateReference ref="CAP0-D0-HSch0-ses1-0"/>
    </GradingPeriod>
    <GradingPeriod id="CAP0-D0-HSch0-ses1-0-1">
        <GradingPeriodIdentity>
            <GradingPeriod>First Summer Session</GradingPeriod>
            <SchoolYear>2011-2012</SchoolYear>
            <StateOrganizationId>CAP0-D0-HSch0</StateOrganizationId>
        </GradingPeriodIdentity>
        <BeginDate>2011-03-04</BeginDate>
        <EndDate>2012-03-04</EndDate>
        <TotalInstructionalDays>83</TotalInstructionalDays>
        <CalendarDateReference ref="CAP0-D0-HSch0-ses1-0"/>
    </GradingPeriod>
    <GradingPeriod id="CAP0-D0-HSch0-ses1-1-0">
        <GradingPeriodIdentity>
            <GradingPeriod>First Trimester</GradingPeriod>
            <SchoolYear>2011-2012</SchoolYear>
            <StateOrganizationId>CAP0-D0-HSch0</StateOrganizationId>
        </GradingPeriodIdentity>
        <BeginDate>2011-03-04</BeginDate>
        <EndDate>2012-03-04</EndDate>
        <TotalInstructionalDays>65</TotalInstructionalDays>
        <CalendarDateReference ref="CAP0-D0-HSch0-ses1-1"/>
    </GradingPeriod>
    <GradingPeriod id="CAP0-D0-HSch0-ses1-1-1">
        <GradingPeriodIdentity>
            <GradingPeriod>Fourth Nine Weeks</GradingPeriod>
            <SchoolYear>2011-2012</SchoolYear>
            <StateOrganizationId>CAP0-D0-HSch0</StateOrganizationId>
        </GradingPeriodIdentity>
        <BeginDate>2011-03-04</BeginDate>
        <EndDate>2012-03-04</EndDate>
        <TotalInstructionalDays>136</TotalInstructionalDays>
        <CalendarDateReference ref="CAP0-D0-HSch0-ses1-1"/>
    </GradingPeriod>
    <GradingPeriod id="CAP0-D0-HSch1-ses0-0-0">
        <GradingPeriodIdentity>
            <GradingPeriod>End of Year</GradingPeriod>
            <SchoolYear>2011-2012</SchoolYear>
            <StateOrganizationId>CAP0-D0-HSch1</StateOrganizationId>
        </GradingPeriodIdentity>
        <BeginDate>2011-03-04</BeginDate>
        <EndDate>2012-03-04</EndDate>
        <TotalInstructionalDays>83</TotalInstructionalDays>
        <CalendarDateReference ref="CAP0-D0-HSch1-ses0-0"/>
    </GradingPeriod>
    <GradingPeriod id="CAP0-D0-HSch1-ses0-0-1">
        <GradingPeriodIdentity>
            <GradingPeriod>Fifth Six Weeks</GradingPeriod>
            <SchoolYear>2011-2012</SchoolYear>
            <StateOrganizationId>CAP0-D0-HSch1</StateOrganizationId>
        </GradingPeriodIdentity>
        <BeginDate>2011-03-04</BeginDate>
        <EndDate>2012-03-04</EndDate>
        <TotalInstructionalDays>131</TotalInstructionalDays>
        <CalendarDateReference ref="CAP0-D0-HSch1-ses0-0"/>
    </GradingPeriod>
    <GradingPeriod id="CAP0-D0-HSch1-ses0-1-0">
        <GradingPeriodIdentity>
            <GradingPeriod>First Nine Weeks</GradingPeriod>
            <SchoolYear>2011-2012</SchoolYear>
            <StateOrganizationId>CAP0-D0-HSch1</StateOrganizationId>
        </GradingPeriodIdentity>
        <BeginDate>2011-03-04</BeginDate>
        <EndDate>2012-03-04</EndDate>
        <TotalInstructionalDays>105</TotalInstructionalDays>
        <CalendarDateReference ref="CAP0-D0-HSch1-ses0-1"/>
    </GradingPeriod>
    <GradingPeriod id="CAP0-D0-HSch1-ses0-1-1">
        <GradingPeriodIdentity>
            <GradingPeriod>First Semester</GradingPeriod>
            <SchoolYear>2011-2012</SchoolYear>
            <StateOrganizationId>CAP0-D0-HSch1</StateOrganizationId>
        </GradingPeriodIdentity>
        <BeginDate>2011-03-04</BeginDate>
        <EndDate>2012-03-04</EndDate>
        <TotalInstructionalDays>102</TotalInstructionalDays>
        <CalendarDateReference ref="CAP0-D0-HSch1-ses0-1"/>
    </GradingPeriod>
    <GradingPeriod id="CAP0-D0-HSch1-ses1-0-0">
        <GradingPeriodIdentity>
            <GradingPeriod>First Six Weeks</GradingPeriod>
            <SchoolYear>2011-2012</SchoolYear>
            <StateOrganizationId>CAP0-D0-HSch1</StateOrganizationId>
        </GradingPeriodIdentity>
        <BeginDate>2011-03-04</BeginDate>
        <EndDate>2012-03-04</EndDate>
        <TotalInstructionalDays>96</TotalInstructionalDays>
        <CalendarDateReference ref="CAP0-D0-HSch1-ses1-0"/>
    </GradingPeriod>
    <GradingPeriod id="CAP0-D0-HSch1-ses1-0-1">
        <GradingPeriodIdentity>
            <GradingPeriod>First Summer Session</GradingPeriod>
            <SchoolYear>2011-2012</SchoolYear>
            <StateOrganizationId>CAP0-D0-HSch1</StateOrganizationId>
        </GradingPeriodIdentity>
        <BeginDate>2011-03-04</BeginDate>
        <EndDate>2012-03-04</EndDate>
        <TotalInstructionalDays>52</TotalInstructionalDays>
        <CalendarDateReference ref="CAP0-D0-HSch1-ses1-0"/>
    </GradingPeriod>
    <GradingPeriod id="CAP0-D0-HSch1-ses1-1-0">
        <GradingPeriodIdentity>
            <GradingPeriod>First Trimester</GradingPeriod>
            <SchoolYear>2011-2012</SchoolYear>
            <StateOrganizationId>CAP0-D0-HSch1</StateOrganizationId>
        </GradingPeriodIdentity>
        <BeginDate>2011-03-04</BeginDate>
        <EndDate>2012-03-04</EndDate>
        <TotalInstructionalDays>45</TotalInstructionalDays>
        <CalendarDateReference ref="CAP0-D0-HSch1-ses1-1"/>
    </GradingPeriod>
    <GradingPeriod id="CAP0-D0-HSch1-ses1-1-1">
        <GradingPeriodIdentity>
            <GradingPeriod>Fourth Nine Weeks</GradingPeriod>
            <SchoolYear>2011-2012</SchoolYear>
            <StateOrganizationId>CAP0-D0-HSch1</StateOrganizationId>
        </GradingPeriodIdentity>
        <BeginDate>2011-03-04</BeginDate>
        <EndDate>2012-03-04</EndDate>
        <TotalInstructionalDays>80</TotalInstructionalDays>
        <CalendarDateReference ref="CAP0-D0-HSch1-ses1-1"/>
    </GradingPeriod>
    <GradingPeriod id="CAP0-D0-HSch2-ses0-0-0">
        <GradingPeriodIdentity>
            <GradingPeriod>End of Year</GradingPeriod>
            <SchoolYear>2011-2012</SchoolYear>
            <StateOrganizationId>CAP0-D0-HSch2</StateOrganizationId>
        </GradingPeriodIdentity>
        <BeginDate>2011-03-04</BeginDate>
        <EndDate>2012-03-04</EndDate>
        <TotalInstructionalDays>139</TotalInstructionalDays>
        <CalendarDateReference ref="CAP0-D0-HSch2-ses0-0"/>
    </GradingPeriod>
    <GradingPeriod id="CAP0-D0-HSch2-ses0-0-1">
        <GradingPeriodIdentity>
            <GradingPeriod>Fifth Six Weeks</GradingPeriod>
            <SchoolYear>2011-2012</SchoolYear>
            <StateOrganizationId>CAP0-D0-HSch2</StateOrganizationId>
        </GradingPeriodIdentity>
        <BeginDate>2011-03-04</BeginDate>
        <EndDate>2012-03-04</EndDate>
        <TotalInstructionalDays>101</TotalInstructionalDays>
        <CalendarDateReference ref="CAP0-D0-HSch2-ses0-0"/>
    </GradingPeriod>
    <GradingPeriod id="CAP0-D0-HSch2-ses0-1-0">
        <GradingPeriodIdentity>
            <GradingPeriod>First Nine Weeks</GradingPeriod>
            <SchoolYear>2011-2012</SchoolYear>
            <StateOrganizationId>CAP0-D0-HSch2</StateOrganizationId>
        </GradingPeriodIdentity>
        <BeginDate>2011-03-04</BeginDate>
        <EndDate>2012-03-04</EndDate>
        <TotalInstructionalDays>121</TotalInstructionalDays>
        <CalendarDateReference ref="CAP0-D0-HSch2-ses0-1"/>
    </GradingPeriod>
    <GradingPeriod id="CAP0-D0-HSch2-ses0-1-1">
        <GradingPeriodIdentity>
            <GradingPeriod>First Semester</GradingPeriod>
            <SchoolYear>2011-2012</SchoolYear>
            <StateOrganizationId>CAP0-D0-HSch2</StateOrganizationId>
        </GradingPeriodIdentity>
        <BeginDate>2011-03-04</BeginDate>
        <EndDate>2012-03-04</EndDate>
        <TotalInstructionalDays>137</TotalInstructionalDays>
        <CalendarDateReference ref="CAP0-D0-HSch2-ses0-1"/>
    </GradingPeriod>
    <GradingPeriod id="CAP0-D0-HSch2-ses1-0-0">
        <GradingPeriodIdentity>
            <GradingPeriod>First Six Weeks</GradingPeriod>
            <SchoolYear>2011-2012</SchoolYear>
            <StateOrganizationId>CAP0-D0-HSch2</StateOrganizationId>
        </GradingPeriodIdentity>
        <BeginDate>2011-03-04</BeginDate>
        <EndDate>2012-03-04</EndDate>
        <TotalInstructionalDays>121</TotalInstructionalDays>
        <CalendarDateReference ref="CAP0-D0-HSch2-ses1-0"/>
    </GradingPeriod>
    <GradingPeriod id="CAP0-D0-HSch2-ses1-0-1">
        <GradingPeriodIdentity>
            <GradingPeriod>First Summer Session</GradingPeriod>
            <SchoolYear>2011-2012</SchoolYear>
            <StateOrganizationId>CAP0-D0-HSch2</StateOrganizationId>
        </GradingPeriodIdentity>
        <BeginDate>2011-03-04</BeginDate>
        <EndDate>2012-03-04</EndDate>
        <TotalInstructionalDays>113</TotalInstructionalDays>
        <CalendarDateReference ref="CAP0-D0-HSch2-ses1-0"/>
    </GradingPeriod>
    <GradingPeriod id="CAP0-D0-HSch2-ses1-1-0">
        <GradingPeriodIdentity>
            <GradingPeriod>First Trimester</GradingPeriod>
            <SchoolYear>2011-2012</SchoolYear>
            <StateOrganizationId>CAP0-D0-HSch2</StateOrganizationId>
        </GradingPeriodIdentity>
        <BeginDate>2011-03-04</BeginDate>
        <EndDate>2012-03-04</EndDate>
        <TotalInstructionalDays>51</TotalInstructionalDays>
        <CalendarDateReference ref="CAP0-D0-HSch2-ses1-1"/>
    </GradingPeriod>
    <GradingPeriod id="CAP0-D0-HSch2-ses1-1-1">
        <GradingPeriodIdentity>
            <GradingPeriod>Fourth Nine Weeks</GradingPeriod>
            <SchoolYear>2011-2012</SchoolYear>
            <StateOrganizationId>CAP0-D0-HSch2</StateOrganizationId>
        </GradingPeriodIdentity>
        <BeginDate>2011-03-04</BeginDate>
        <EndDate>2012-03-04</EndDate>
        <TotalInstructionalDays>73</TotalInstructionalDays>
        <CalendarDateReference ref="CAP0-D0-HSch2-ses1-1"/>
    </GradingPeriod>
    <GradingPeriod id="CAP0-D0-HSch3-ses0-0-0">
        <GradingPeriodIdentity>
            <GradingPeriod>End of Year</GradingPeriod>
            <SchoolYear>2011-2012</SchoolYear>
            <StateOrganizationId>CAP0-D0-HSch3</StateOrganizationId>
        </GradingPeriodIdentity>
        <BeginDate>2011-03-04</BeginDate>
        <EndDate>2012-03-04</EndDate>
        <TotalInstructionalDays>147</TotalInstructionalDays>
        <CalendarDateReference ref="CAP0-D0-HSch3-ses0-0"/>
    </GradingPeriod>
    <GradingPeriod id="CAP0-D0-HSch3-ses0-0-1">
        <GradingPeriodIdentity>
            <GradingPeriod>Fifth Six Weeks</GradingPeriod>
            <SchoolYear>2011-2012</SchoolYear>
            <StateOrganizationId>CAP0-D0-HSch3</StateOrganizationId>
        </GradingPeriodIdentity>
        <BeginDate>2011-03-04</BeginDate>
        <EndDate>2012-03-04</EndDate>
        <TotalInstructionalDays>81</TotalInstructionalDays>
        <CalendarDateReference ref="CAP0-D0-HSch3-ses0-0"/>
    </GradingPeriod>
    <GradingPeriod id="CAP0-D0-HSch3-ses0-1-0">
        <GradingPeriodIdentity>
            <GradingPeriod>First Nine Weeks</GradingPeriod>
            <SchoolYear>2011-2012</SchoolYear>
            <StateOrganizationId>CAP0-D0-HSch3</StateOrganizationId>
        </GradingPeriodIdentity>
        <BeginDate>2011-03-04</BeginDate>
        <EndDate>2012-03-04</EndDate>
        <TotalInstructionalDays>133</TotalInstructionalDays>
        <CalendarDateReference ref="CAP0-D0-HSch3-ses0-1"/>
    </GradingPeriod>
    <GradingPeriod id="CAP0-D0-HSch3-ses0-1-1">
        <GradingPeriodIdentity>
            <GradingPeriod>First Semester</GradingPeriod>
            <SchoolYear>2011-2012</SchoolYear>
            <StateOrganizationId>CAP0-D0-HSch3</StateOrganizationId>
        </GradingPeriodIdentity>
        <BeginDate>2011-03-04</BeginDate>
        <EndDate>2012-03-04</EndDate>
        <TotalInstructionalDays>99</TotalInstructionalDays>
        <CalendarDateReference ref="CAP0-D0-HSch3-ses0-1"/>
    </GradingPeriod>
    <GradingPeriod id="CAP0-D0-HSch3-ses1-0-0">
        <GradingPeriodIdentity>
            <GradingPeriod>First Six Weeks</GradingPeriod>
            <SchoolYear>2011-2012</SchoolYear>
            <StateOrganizationId>CAP0-D0-HSch3</StateOrganizationId>
        </GradingPeriodIdentity>
        <BeginDate>2011-03-04</BeginDate>
        <EndDate>2012-03-04</EndDate>
        <TotalInstructionalDays>113</TotalInstructionalDays>
        <CalendarDateReference ref="CAP0-D0-HSch3-ses1-0"/>
    </GradingPeriod>
    <GradingPeriod id="CAP0-D0-HSch3-ses1-0-1">
        <GradingPeriodIdentity>
            <GradingPeriod>First Summer Session</GradingPeriod>
            <SchoolYear>2011-2012</SchoolYear>
            <StateOrganizationId>CAP0-D0-HSch3</StateOrganizationId>
        </GradingPeriodIdentity>
        <BeginDate>2011-03-04</BeginDate>
        <EndDate>2012-03-04</EndDate>
        <TotalInstructionalDays>95</TotalInstructionalDays>
        <CalendarDateReference ref="CAP0-D0-HSch3-ses1-0"/>
    </GradingPeriod>
    <GradingPeriod id="CAP0-D0-HSch3-ses1-1-0">
        <GradingPeriodIdentity>
            <GradingPeriod>First Trimester</GradingPeriod>
            <SchoolYear>2011-2012</SchoolYear>
            <StateOrganizationId>CAP0-D0-HSch3</StateOrganizationId>
        </GradingPeriodIdentity>
        <BeginDate>2011-03-04</BeginDate>
        <EndDate>2012-03-04</EndDate>
        <TotalInstructionalDays>97</TotalInstructionalDays>
        <CalendarDateReference ref="CAP0-D0-HSch3-ses1-1"/>
    </GradingPeriod>
    <GradingPeriod id="CAP0-D0-HSch3-ses1-1-1">
        <GradingPeriodIdentity>
            <GradingPeriod>Fourth Nine Weeks</GradingPeriod>
            <SchoolYear>2011-2012</SchoolYear>
            <StateOrganizationId>CAP0-D0-HSch3</StateOrganizationId>
        </GradingPeriodIdentity>
        <BeginDate>2011-03-04</BeginDate>
        <EndDate>2012-03-04</EndDate>
        <TotalInstructionalDays>96</TotalInstructionalDays>
        <CalendarDateReference ref="CAP0-D0-HSch3-ses1-1"/>
    </GradingPeriod>
    <GradingPeriod id="CAP0-D0-HSch4-ses0-0-0">
        <GradingPeriodIdentity>
            <GradingPeriod>End of Year</GradingPeriod>
            <SchoolYear>2011-2012</SchoolYear>
            <StateOrganizationId>CAP0-D0-HSch4</StateOrganizationId>
        </GradingPeriodIdentity>
        <BeginDate>2011-03-04</BeginDate>
        <EndDate>2012-03-04</EndDate>
        <TotalInstructionalDays>133</TotalInstructionalDays>
        <CalendarDateReference ref="CAP0-D0-HSch4-ses0-0"/>
    </GradingPeriod>
    <GradingPeriod id="CAP0-D0-HSch4-ses0-0-1">
        <GradingPeriodIdentity>
            <GradingPeriod>Fifth Six Weeks</GradingPeriod>
            <SchoolYear>2011-2012</SchoolYear>
            <StateOrganizationId>CAP0-D0-HSch4</StateOrganizationId>
        </GradingPeriodIdentity>
        <BeginDate>2011-03-04</BeginDate>
        <EndDate>2012-03-04</EndDate>
        <TotalInstructionalDays>140</TotalInstructionalDays>
        <CalendarDateReference ref="CAP0-D0-HSch4-ses0-0"/>
    </GradingPeriod>
    <GradingPeriod id="CAP0-D0-HSch4-ses0-1-0">
        <GradingPeriodIdentity>
            <GradingPeriod>First Nine Weeks</GradingPeriod>
            <SchoolYear>2011-2012</SchoolYear>
            <StateOrganizationId>CAP0-D0-HSch4</StateOrganizationId>
        </GradingPeriodIdentity>
        <BeginDate>2011-03-04</BeginDate>
        <EndDate>2012-03-04</EndDate>
        <TotalInstructionalDays>149</TotalInstructionalDays>
        <CalendarDateReference ref="CAP0-D0-HSch4-ses0-1"/>
    </GradingPeriod>
    <GradingPeriod id="CAP0-D0-HSch4-ses0-1-1">
        <GradingPeriodIdentity>
            <GradingPeriod>First Semester</GradingPeriod>
            <SchoolYear>2011-2012</SchoolYear>
            <StateOrganizationId>CAP0-D0-HSch4</StateOrganizationId>
        </GradingPeriodIdentity>
        <BeginDate>2011-03-04</BeginDate>
        <EndDate>2012-03-04</EndDate>
        <TotalInstructionalDays>88</TotalInstructionalDays>
        <CalendarDateReference ref="CAP0-D0-HSch4-ses0-1"/>
    </GradingPeriod>
    <GradingPeriod id="CAP0-D0-HSch4-ses1-0-0">
        <GradingPeriodIdentity>
            <GradingPeriod>First Six Weeks</GradingPeriod>
            <SchoolYear>2011-2012</SchoolYear>
            <StateOrganizationId>CAP0-D0-HSch4</StateOrganizationId>
        </GradingPeriodIdentity>
        <BeginDate>2011-03-04</BeginDate>
        <EndDate>2012-03-04</EndDate>
        <TotalInstructionalDays>79</TotalInstructionalDays>
        <CalendarDateReference ref="CAP0-D0-HSch4-ses1-0"/>
    </GradingPeriod>
    <GradingPeriod id="CAP0-D0-HSch4-ses1-0-1">
        <GradingPeriodIdentity>
            <GradingPeriod>First Summer Session</GradingPeriod>
            <SchoolYear>2011-2012</SchoolYear>
            <StateOrganizationId>CAP0-D0-HSch4</StateOrganizationId>
        </GradingPeriodIdentity>
        <BeginDate>2011-03-04</BeginDate>
        <EndDate>2012-03-04</EndDate>
        <TotalInstructionalDays>50</TotalInstructionalDays>
        <CalendarDateReference ref="CAP0-D0-HSch4-ses1-0"/>
    </GradingPeriod>
    <GradingPeriod id="CAP0-D0-HSch4-ses1-1-0">
        <GradingPeriodIdentity>
            <GradingPeriod>First Trimester</GradingPeriod>
            <SchoolYear>2011-2012</SchoolYear>
            <StateOrganizationId>CAP0-D0-HSch4</StateOrganizationId>
        </GradingPeriodIdentity>
        <BeginDate>2011-03-04</BeginDate>
        <EndDate>2012-03-04</EndDate>
        <TotalInstructionalDays>53</TotalInstructionalDays>
        <CalendarDateReference ref="CAP0-D0-HSch4-ses1-1"/>
    </GradingPeriod>
    <GradingPeriod id="CAP0-D0-HSch4-ses1-1-1">
        <GradingPeriodIdentity>
            <GradingPeriod>Fourth Nine Weeks</GradingPeriod>
            <SchoolYear>2011-2012</SchoolYear>
            <StateOrganizationId>CAP0-D0-HSch4</StateOrganizationId>
        </GradingPeriodIdentity>
        <BeginDate>2011-03-04</BeginDate>
        <EndDate>2012-03-04</EndDate>
        <TotalInstructionalDays>67</TotalInstructionalDays>
        <CalendarDateReference ref="CAP0-D0-HSch4-ses1-1"/>
    </GradingPeriod>
    <CalendarDate id="CAP0-D0-HSch0-ses0-0">
        <Date>2011-03-04</Date>
        <CalendarEvent>Make-up day</CalendarEvent>
    </CalendarDate>
    <CalendarDate id="CAP0-D0-HSch0-ses0-1">
        <Date>2011-03-04</Date>
        <CalendarEvent>Other</CalendarEvent>
    </CalendarDate>
    <CalendarDate id="CAP0-D0-HSch0-ses1-0">
        <Date>2011-03-04</Date>
        <CalendarEvent>Emergency day</CalendarEvent>
    </CalendarDate>
    <CalendarDate id="CAP0-D0-HSch0-ses1-1">
        <Date>2011-03-04</Date>
        <CalendarEvent>Student late arrival/early dismissal</CalendarEvent>
    </CalendarDate>
    <CalendarDate id="CAP0-D0-HSch1-ses0-0">
        <Date>2011-03-04</Date>
        <CalendarEvent>Emergency day</CalendarEvent>
    </CalendarDate>
    <CalendarDate id="CAP0-D0-HSch1-ses0-1">
        <Date>2011-03-04</Date>
        <CalendarEvent>Other</CalendarEvent>
    </CalendarDate>
    <CalendarDate id="CAP0-D0-HSch1-ses1-0">
        <Date>2011-03-04</Date>
        <CalendarEvent>Emergency day</CalendarEvent>
    </CalendarDate>
    <CalendarDate id="CAP0-D0-HSch1-ses1-1">
        <Date>2011-03-04</Date>
        <CalendarEvent>Other</CalendarEvent>
    </CalendarDate>
    <CalendarDate id="CAP0-D0-HSch2-ses0-0">
        <Date>2011-03-04</Date>
        <CalendarEvent>Instructional day</CalendarEvent>
    </CalendarDate>
    <CalendarDate id="CAP0-D0-HSch2-ses0-1">
        <Date>2011-03-04</Date>
        <CalendarEvent>Make-up day</CalendarEvent>
    </CalendarDate>
    <CalendarDate id="CAP0-D0-HSch2-ses1-0">
        <Date>2011-03-04</Date>
        <CalendarEvent>Student late arrival/early dismissal</CalendarEvent>
    </CalendarDate>
    <CalendarDate id="CAP0-D0-HSch2-ses1-1">
        <Date>2011-03-04</Date>
        <CalendarEvent>Holiday</CalendarEvent>
    </CalendarDate>
    <CalendarDate id="CAP0-D0-HSch3-ses0-0">
        <Date>2011-03-04</Date>
        <CalendarEvent>Instructional day</CalendarEvent>
    </CalendarDate>
    <CalendarDate id="CAP0-D0-HSch3-ses0-1">
        <Date>2011-03-04</Date>
        <CalendarEvent>Emergency day</CalendarEvent>
    </CalendarDate>
    <CalendarDate id="CAP0-D0-HSch3-ses1-0">
        <Date>2011-03-04</Date>
        <CalendarEvent>Instructional day</CalendarEvent>
    </CalendarDate>
    <CalendarDate id="CAP0-D0-HSch3-ses1-1">
        <Date>2011-03-04</Date>
        <CalendarEvent>Emergency day</CalendarEvent>
    </CalendarDate>
    <CalendarDate id="CAP0-D0-HSch4-ses0-0">
        <Date>2011-03-04</Date>
        <CalendarEvent>Holiday</CalendarEvent>
    </CalendarDate>
    <CalendarDate id="CAP0-D0-HSch4-ses0-1">
        <Date>2011-03-04</Date>
        <CalendarEvent>Instructional day</CalendarEvent>
    </CalendarDate>
    <CalendarDate id="CAP0-D0-HSch4-ses1-0">
        <Date>2011-03-04</Date>
        <CalendarEvent>Instructional day</CalendarEvent>
    </CalendarDate>
    <CalendarDate id="CAP0-D0-HSch4-ses1-1">
        <Date>2011-03-04</Date>
        <CalendarEvent>Holiday</CalendarEvent>
    </CalendarDate>
</InterchangeEducationOrgCalendar>
