<?xml version="1.0" encoding="UTF-8" standalone="yes"?>
<InterchangeAssessmentMetadata xmlns="http://ed-fi.org/0100">
    <LearningStandard id="lstd0">
        <LearningStandardId ContentStandardName="lstd0Name">
            <IdentificationCode>lstd0</IdentificationCode>
        </LearningStandardId>
        <Description>lstd0 Descriptions</Description>
        <ContentStandard>National Standard</ContentStandard>
        <GradeLevel>Third grade</GradeLevel>
        <SubjectArea>Composite</SubjectArea>
        <CourseTitle>lstd0 CourseTitle</CourseTitle>
    </LearningStandard>
    <LearningStandard id="lstd1">
        <LearningStandardId ContentStandardName="lstd1Name">
            <IdentificationCode>lstd1</IdentificationCode>
        </LearningStandardId>
        <Description>lstd1 Descriptions</Description>
        <ContentStandard>PSAT</ContentStandard>
        <GradeLevel>Second grade</GradeLevel>
        <SubjectArea>Manufacturing</SubjectArea>
        <CourseTitle>lstd1 CourseTitle</CourseTitle>
    </LearningStandard>
    <LearningStandard id="lstd2">
        <LearningStandardId ContentStandardName="lstd2Name">
            <IdentificationCode>lstd2</IdentificationCode>
        </LearningStandardId>
        <Description>lstd2 Descriptions</Description>
        <ContentStandard>Advanced Placement</ContentStandard>
        <GradeLevel>Adult Education</GradeLevel>
        <SubjectArea>Religious Education and Theology</SubjectArea>
        <CourseTitle>lstd2 CourseTitle</CourseTitle>
    </LearningStandard>
    <LearningObjective>
        <LearningObjectiveId ContentStandardName="Content Standard Name">
            <IdentificationCode>lobj0</IdentificationCode>
        </LearningObjectiveId>
        <Objective>Learning Objective </Objective>
        <Description>Learning Objective Desciption </Description>
        <AcademicSubject>Agriculture, Food, and Natural Resources</AcademicSubject>
        <ObjectiveGradeLevel>Other</ObjectiveGradeLevel>
        <LearningStandardReference>
            <LearningStandardIdentity>
                <LearningStandardId ContentStandardName="lstd0Name">
                    <IdentificationCode>lstd0</IdentificationCode>
                </LearningStandardId>
            </LearningStandardIdentity>
        </LearningStandardReference>
    </LearningObjective>
    <AssessmentItem>
        <IdentificationCode>asit0</IdentificationCode>
        <ItemCategory>Analytic</ItemCategory>
        <MaxRawScore>100</MaxRawScore>
        <CorrectResponse>CorrectResponse</CorrectResponse>
        <LearningStandardReference>
            <LearningStandardIdentity>
                <LearningStandardId ContentStandardName="lstd1Name">
                    <IdentificationCode>lstd1</IdentificationCode>
                </LearningStandardId>
            </LearningStandardIdentity>
        </LearningStandardReference>
        <Nomenclature>Nomenclature</Nomenclature>
    </AssessmentItem>
    <AssessmentItem>
        <IdentificationCode>asit1</IdentificationCode>
        <ItemCategory>Analytic</ItemCategory>
        <MaxRawScore>100</MaxRawScore>
        <CorrectResponse>CorrectResponse</CorrectResponse>
        <LearningStandardReference>
            <LearningStandardIdentity>
                <LearningStandardId ContentStandardName="lstd0Name">
                    <IdentificationCode>lstd0</IdentificationCode>
                </LearningStandardId>
            </LearningStandardIdentity>
        </LearningStandardReference>
        <Nomenclature>Nomenclature</Nomenclature>
    </AssessmentItem>
    <AssessmentItem>
        <IdentificationCode>asit2</IdentificationCode>
        <ItemCategory>Analytic</ItemCategory>
        <MaxRawScore>100</MaxRawScore>
        <CorrectResponse>CorrectResponse</CorrectResponse>
        <LearningStandardReference>
            <LearningStandardIdentity>
                <LearningStandardId ContentStandardName="lstd0Name">
                    <IdentificationCode>lstd0</IdentificationCode>
                </LearningStandardId>
            </LearningStandardIdentity>
        </LearningStandardReference>
        <Nomenclature>Nomenclature</Nomenclature>
    </AssessmentItem>
    <AssessmentItem>
        <IdentificationCode>asit3</IdentificationCode>
        <ItemCategory>Analytic</ItemCategory>
        <MaxRawScore>100</MaxRawScore>
        <CorrectResponse>CorrectResponse</CorrectResponse>
        <LearningStandardReference>
            <LearningStandardIdentity>
                <LearningStandardId ContentStandardName="lstd0Name">
                    <IdentificationCode>lstd0</IdentificationCode>
                </LearningStandardId>
            </LearningStandardIdentity>
        </LearningStandardReference>
        <Nomenclature>Nomenclature</Nomenclature>
    </AssessmentItem>
    <AssessmentItem>
        <IdentificationCode>asit4</IdentificationCode>
        <ItemCategory>Analytic</ItemCategory>
        <MaxRawScore>100</MaxRawScore>
        <CorrectResponse>CorrectResponse</CorrectResponse>
        <LearningStandardReference>
            <LearningStandardIdentity>
                <LearningStandardId ContentStandardName="lstd2Name">
                    <IdentificationCode>lstd2</IdentificationCode>
                </LearningStandardId>
            </LearningStandardIdentity>
        </LearningStandardReference>
        <Nomenclature>Nomenclature</Nomenclature>
    </AssessmentItem>
    <PerformanceLevelDescriptor>
        <CodeValue>pld0</CodeValue>
        <Description>Description for pld0</Description>
        <PerformanceBaseConversion>Basic</PerformanceBaseConversion>
    </PerformanceLevelDescriptor>
    <PerformanceLevelDescriptor>
        <CodeValue>pld1</CodeValue>
        <Description>Description for pld1</Description>
        <PerformanceBaseConversion>Basic</PerformanceBaseConversion>
    </PerformanceLevelDescriptor>
    <ObjectiveAssessment id="objas0">
        <IdentificationCode>objas0</IdentificationCode>
        <MaxRawScore>100</MaxRawScore>
        <AssessmentPerformanceLevel>
            <PerformanceLevel>
                <CodeValue>pld0</CodeValue>
                <PerformanceLevelMet>true</PerformanceLevelMet>
            </PerformanceLevel>
            <AssessmentReportingMethod>Adaptive scale score</AssessmentReportingMethod>
            <MinimumScore>0</MinimumScore>
            <MaximumScore>100</MaximumScore>
        </AssessmentPerformanceLevel>
        <PercentOfAssessment>50</PercentOfAssessment>
        <Nomenclature>Nomenclature</Nomenclature>
        <LearningStandardReference>
            <LearningStandardIdentity>
                <LearningStandardId ContentStandardName="lstd1Name">
                    <IdentificationCode>lstd1</IdentificationCode>
                </LearningStandardId>
            </LearningStandardIdentity>
        </LearningStandardReference>
    </ObjectiveAssessment>
    <AssessmentPeriodDescriptor>
        <CodeValue>apd0</CodeValue>
        <Description>Description</Description>
        <ShortDescription>ShortDescription</ShortDescription>
        <BeginDate>2012-01-12</BeginDate>
        <EndDate>2012-11-12</EndDate>
    </AssessmentPeriodDescriptor>
    <AssessmentFamily>
        <AssessmentFamilyTitle>asf0Title</AssessmentFamilyTitle>
        <AssessmentFamilyIdentificationCode AssigningOrganizationCode="AssigningOrganizationCode" IdentificationSystem="Federal">
            <ID>asf0</ID>
        </AssessmentFamilyIdentificationCode>
        <AssessmentCategory>Achievement test</AssessmentCategory>
        <AcademicSubject>English</AcademicSubject>
        <GradeLevelAssessed>Eighth grade</GradeLevelAssessed>
        <LowestGradeLevelAssessed>Eighth grade</LowestGradeLevelAssessed>
        <ContentStandard>Advanced Placement</ContentStandard>
        <Version>1</Version>
        <RevisionDate>2011-01-01</RevisionDate>
        <Nomenclature>Nomenclature</Nomenclature>
        <AssessmentPeriods>
            <CodeValue>apd0</CodeValue>
        </AssessmentPeriods>
    </AssessmentFamily>
    <Assessment>
        <AssessmentTitle>as0Title</AssessmentTitle>
        <AssessmentIdentificationCode IdentificationSystem="School">
            <ID>as0</ID>
        </AssessmentIdentificationCode>
        <AssessmentCategory>Achievement test</AssessmentCategory>
        <AcademicSubject>Agriculture, Food, and Natural Resources</AcademicSubject>
        <GradeLevelAssessed>Adult Education</GradeLevelAssessed>
        <LowestGradeLevelAssessed>Adult Education</LowestGradeLevelAssessed>
        <AssessmentPerformanceLevel>
            <PerformanceLevel>
                <CodeValue>pld1</CodeValue>
                <PerformanceLevelMet>true</PerformanceLevelMet>
            </PerformanceLevel>
            <AssessmentReportingMethod>Scale score</AssessmentReportingMethod>
            <MinimumScore>0</MinimumScore>
            <MaximumScore>100</MaximumScore>
        </AssessmentPerformanceLevel>
        <ContentStandard>ACT</ContentStandard>
        <AssessmentForm>ThisAssessmentForm</AssessmentForm>
        <Version>1</Version>
        <RevisionDate>2012-03-24</RevisionDate>
        <MaxRawScore>100</MaxRawScore>
        <Nomenclature>Nomenclature</Nomenclature>
        <AssessmentPeriod>
            <CodeValue>apd0</CodeValue>
        </AssessmentPeriod>
        <ObjectiveAssessmentReference ref="objas0"/>
        <AssessmentFamilyReference>
            <AssessmentFamilyIdentity>
                <AssessmentFamilyIdentificationCode AssigningOrganizationCode="AssigningOrganizationCode" IdentificationSystem="Federal">
                    <ID>asf0</ID>
                </AssessmentFamilyIdentificationCode>
            </AssessmentFamilyIdentity>
        </AssessmentFamilyReference>
    </Assessment>
</InterchangeAssessmentMetadata>
