<?xml version="1.0" encoding="UTF-8" standalone="no"?><InterchangeEducationOrganization xmlns="http://ed-fi.org/0100" xmlns:xsi="http://www.w3.org/2001/XMLSchema-instance" xsi:schemaLocation="http://ed-fi.org/0100 Interchange-EducationOrganization.xsd">

  <StateEducationAgency>
    <StateOrganizationId>STANDARD-SEA</StateOrganizationId>
    <NameOfInstitution>Standard State Education Agency</NameOfInstitution>
    <OrganizationCategories>
      <OrganizationCategory>State Education Agency</OrganizationCategory>
    </OrganizationCategories>
    <Address>
      <StreetNumberName>123 Street</StreetNumberName>
      <City>Chicago</City>
      <StateAbbreviation>IL</StateAbbreviation>
      <PostalCode>00000</PostalCode>
    </Address>
  </StateEducationAgency>

  <LocalEducationAgency>
    <StateOrganizationId>IL-DAYBREAK</StateOrganizationId>
    <NameOfInstitution>Daybreak School District 4529</NameOfInstitution>
    <OrganizationCategories>
      <OrganizationCategory>Local Education Agency</OrganizationCategory>
    </OrganizationCategories>
    <Address>
      <StreetNumberName>123 Street</StreetNumberName>
      <City>Chicago</City>
      <StateAbbreviation>IL</StateAbbreviation>
      <PostalCode>00000</PostalCode>
    </Address>
    <LEACategory>Independent</LEACategory>
    <StateEducationAgencyReference>
      <EducationalOrgIdentity>
        <StateOrganizationId>STANDARD-SEA</StateOrganizationId>
      </EducationalOrgIdentity>
    </StateEducationAgencyReference>
  </LocalEducationAgency>

  <School>
    <StateOrganizationId>South Daybreak Elementary</StateOrganizationId>
    <EducationOrgIdentificationCode IdentificationSystem="School">
      <ID>South Daybreak Elementary</ID>
    </EducationOrgIdentificationCode>
    <NameOfInstitution>South Daybreak Elementary</NameOfInstitution>
    <OrganizationCategories>
      <OrganizationCategory>School</OrganizationCategory>
    </OrganizationCategories>
    <Address AddressType="Physical">
      <StreetNumberName>111 Ave A</StreetNumberName>
      <City>Chicago</City>
      <StateAbbreviation>IL</StateAbbreviation>
      <PostalCode>11011</PostalCode>
      <NameOfCounty>Wake</NameOfCounty>
    </Address>
    <Telephone InstitutionTelephoneNumberType="Main">
      <TelephoneNumber>(917)-555-0212</TelephoneNumber>
    </Telephone>
    <GradesOffered>
      <GradeLevel>Kindergarten</GradeLevel>
      <GradeLevel>First grade</GradeLevel>
      <GradeLevel>Second grade</GradeLevel>
      <GradeLevel>Third grade</GradeLevel>
      <GradeLevel>Fourth grade</GradeLevel>
      <GradeLevel>Fifth grade</GradeLevel>
    </GradesOffered>
    <SchoolCategories>
      <SchoolCategory>Elementary School</SchoolCategory>
    </SchoolCategories>
    <LocalEducationAgencyReference>
      <EducationalOrgIdentity>
        <StateOrganizationId>IL-DAYBREAK</StateOrganizationId>
      </EducationalOrgIdentity>
    </LocalEducationAgencyReference>
  </School>
  <School>
    <StateOrganizationId>East Daybreak Middle School</StateOrganizationId>
    <EducationOrgIdentificationCode IdentificationSystem="School">
      <ID>East Daybreak Middle School</ID>
    </EducationOrgIdentificationCode>
    <NameOfInstitution>East Daybreak Middle School</NameOfInstitution>
    <OrganizationCategories>
      <OrganizationCategory>School</OrganizationCategory>
    </OrganizationCategories>
    <Address AddressType="Physical">
      <StreetNumberName>111 Ave B</StreetNumberName>
      <City>Chicago</City>
      <StateAbbreviation>IL</StateAbbreviation>
      <PostalCode>10112</PostalCode>
      <NameOfCounty>Wake</NameOfCounty>
    </Address>
    <Telephone InstitutionTelephoneNumberType="Main">
      <TelephoneNumber>(917)-555-3312</TelephoneNumber>
    </Telephone>
    <GradesOffered>
      <GradeLevel>Fifth grade</GradeLevel>
      <GradeLevel>Sixth grade</GradeLevel>
      <GradeLevel>Seventh grade</GradeLevel>
      <GradeLevel>Eighth grade</GradeLevel>
    </GradesOffered>
    <SchoolCategories>
      <SchoolCategory>Middle School</SchoolCategory>
    </SchoolCategories>
    <LocalEducationAgencyReference>
      <EducationalOrgIdentity>
        <StateOrganizationId>IL-DAYBREAK</StateOrganizationId>
      </EducationalOrgIdentity>
    </LocalEducationAgencyReference>
  </School>
  <School>
    <StateOrganizationId>Daybreak Central High</StateOrganizationId>
    <EducationOrgIdentificationCode IdentificationSystem="School">
      <ID>Daybreak Central High</ID>
    </EducationOrgIdentificationCode>
    <NameOfInstitution>Daybreak Central High</NameOfInstitution>
    <OrganizationCategories>
      <OrganizationCategory>School</OrganizationCategory>
    </OrganizationCategories>
    <Address AddressType="Physical">
      <StreetNumberName>111 Ave C</StreetNumberName>
      <City>Chicago</City>
      <StateAbbreviation>IL</StateAbbreviation>
      <PostalCode>10098</PostalCode>
      <NameOfCounty>Wake</NameOfCounty>
    </Address>
    <Telephone InstitutionTelephoneNumberType="Main">
      <TelephoneNumber>(917)-555-0216</TelephoneNumber>
    </Telephone>
    <GradesOffered>
      <GradeLevel>Ninth grade</GradeLevel>
      <GradeLevel>Tenth grade</GradeLevel>
      <GradeLevel>Eleventh grade</GradeLevel>
      <GradeLevel>Twelfth grade</GradeLevel>
    </GradesOffered>
    <SchoolCategories>
      <SchoolCategory>High School</SchoolCategory>
    </SchoolCategories>
    <LocalEducationAgencyReference>
      <EducationalOrgIdentity>
        <StateOrganizationId>IL-DAYBREAK</StateOrganizationId>
      </EducationalOrgIdentity>
    </LocalEducationAgencyReference>
  </School>

  <Course>
    <CourseTitle>3rd Grade Homeroom</CourseTitle>
    <NumberOfParts>1</NumberOfParts>
    <CourseCode IdentificationSystem="CSSC course code">
      <ID>3rd Grade Homeroom</ID>
    </CourseCode>
    <DateCourseAdopted>2000-01-01</DateCourseAdopted>
    <HighSchoolCourseRequirement>false</HighSchoolCourseRequirement>
    <MinimumAvailableCredit>
      <Credit>1</Credit>
    </MinimumAvailableCredit>
    <MaximumAvailableCredit>
      <Credit>1</Credit>
    </MaximumAvailableCredit>
    <EducationOrganizationReference>
      <EducationalOrgIdentity>
        <StateOrganizationId>South Daybreak Elementary</StateOrganizationId>
      </EducationalOrgIdentity>
    </EducationOrganizationReference>
    <UniqueCourseId>3rd-Grade-Homeroom-1</UniqueCourseId>
  </Course>
  <Course>
    <CourseTitle>4th Grade Homeroom</CourseTitle>
    <NumberOfParts>1</NumberOfParts>
    <CourseCode IdentificationSystem="CSSC course code">
      <ID>4th Grade Homeroom</ID>
    </CourseCode>
    <DateCourseAdopted>2000-01-01</DateCourseAdopted>
    <HighSchoolCourseRequirement>false</HighSchoolCourseRequirement>
    <MinimumAvailableCredit>
      <Credit>1</Credit>
    </MinimumAvailableCredit>
    <MaximumAvailableCredit>
      <Credit>1</Credit>
    </MaximumAvailableCredit>
    <EducationOrganizationReference>
      <EducationalOrgIdentity>
        <StateOrganizationId>South Daybreak Elementary</StateOrganizationId>
      </EducationalOrgIdentity>
    </EducationOrganizationReference>
    <UniqueCourseId>4th-Grade-Homeroom-2</UniqueCourseId>
  </Course>
  <Course>
    <CourseTitle>5th Grade Homeroom</CourseTitle>
    <NumberOfParts>1</NumberOfParts>
    <CourseCode IdentificationSystem="CSSC course code">
      <ID>5th Grade Homeroom</ID>
    </CourseCode>
    <DateCourseAdopted>2000-01-01</DateCourseAdopted>
    <HighSchoolCourseRequirement>false</HighSchoolCourseRequirement>
    <MinimumAvailableCredit>
      <Credit>1</Credit>
    </MinimumAvailableCredit>
    <MaximumAvailableCredit>
      <Credit>1</Credit>
    </MaximumAvailableCredit>
    <EducationOrganizationReference>
      <EducationalOrgIdentity>
        <StateOrganizationId>South Daybreak Elementary</StateOrganizationId>
      </EducationalOrgIdentity>
    </EducationOrganizationReference>
    <UniqueCourseId>5th-Grade-Homeroom-3</UniqueCourseId>
  </Course>
  <Course>
    <CourseTitle>1st Grade Homeroom</CourseTitle>
    <NumberOfParts>1</NumberOfParts>
    <CourseCode IdentificationSystem="CSSC course code">
      <ID>1st Grade Homeroom</ID>
    </CourseCode>
    <DateCourseAdopted>2000-01-01</DateCourseAdopted>
    <HighSchoolCourseRequirement>false</HighSchoolCourseRequirement>
    <MinimumAvailableCredit>
      <Credit>1</Credit>
    </MinimumAvailableCredit>
    <MaximumAvailableCredit>
      <Credit>1</Credit>
    </MaximumAvailableCredit>
    <EducationOrganizationReference>
      <EducationalOrgIdentity>
        <StateOrganizationId>South Daybreak Elementary</StateOrganizationId>
      </EducationalOrgIdentity>
    </EducationOrganizationReference>
    <CompetencyLevels>
      <CodeValue>CL-G1-1</CodeValue>
      <!--<Description>Express complete thoughts.</Description>-->
    </CompetencyLevels>
    <CompetencyLevels>
      <CodeValue>CL-G1-2</CodeValue>
      <!--<Description>Write multiple sentences about the same topic.</Description>-->
    </CompetencyLevels>
    <CompetencyLevels>
      <CodeValue>CL-G1-3</CodeValue>
      <!--<Description>Add on to writing in response to questions.</Description>-->
    </CompetencyLevels>
    <CompetencyLevels>
      <CodeValue>CL-G1-4</CodeValue>
      <!--<Description>Write for a variety of purposes.</Description>-->
    </CompetencyLevels>
    <UniqueCourseId>1st-Grade-Homeroom-4</UniqueCourseId>
  </Course>
  
<!-- English -->  
  <Course>
    <CourseTitle>8th Grade English</CourseTitle>
    <NumberOfParts>1</NumberOfParts>
    <CourseCode IdentificationSystem="CSSC course code">
      <ID>8th Grade English</ID>
    </CourseCode>
    <SubjectArea>English Language and Literature</SubjectArea>
    <DateCourseAdopted>2000-01-01</DateCourseAdopted>
    <HighSchoolCourseRequirement>false</HighSchoolCourseRequirement>
    <MinimumAvailableCredit>
      <Credit>1</Credit>
    </MinimumAvailableCredit>
    <MaximumAvailableCredit>
      <Credit>1</Credit>
    </MaximumAvailableCredit>
    <EducationOrganizationReference>
      <EducationalOrgIdentity>
        <StateOrganizationId>East Daybreak Middle School</StateOrganizationId>
      </EducationalOrgIdentity>
    </EducationOrganizationReference>
    <UniqueCourseId>8th-Grade-English-5</UniqueCourseId>
  </Course>
  <Course>
    <CourseTitle>6th Grade English</CourseTitle>
    <NumberOfParts>1</NumberOfParts>
    <CourseCode IdentificationSystem="CSSC course code">
      <ID>6th Grade English</ID>
    </CourseCode>
    <SubjectArea>English Language and Literature</SubjectArea>
    <DateCourseAdopted>2000-01-01</DateCourseAdopted>
    <HighSchoolCourseRequirement>false</HighSchoolCourseRequirement>
    <MinimumAvailableCredit>
      <Credit>1</Credit>
    </MinimumAvailableCredit>
    <MaximumAvailableCredit>
      <Credit>1</Credit>
    </MaximumAvailableCredit>
    <EducationOrganizationReference>
      <EducationalOrgIdentity>
        <StateOrganizationId>East Daybreak Middle School</StateOrganizationId>
      </EducationalOrgIdentity>
    </EducationOrganizationReference>
    <UniqueCourseId>6th-Grade-English-6</UniqueCourseId>
  </Course>
  <Course>
    <CourseTitle>5th Grade English</CourseTitle>
    <NumberOfParts>1</NumberOfParts>
    <CourseCode IdentificationSystem="CSSC course code">
      <ID>5th Grade English</ID>
    </CourseCode>
    <SubjectArea>English Language and Literature</SubjectArea>
    <DateCourseAdopted>2000-01-01</DateCourseAdopted>
    <HighSchoolCourseRequirement>false</HighSchoolCourseRequirement>
    <MinimumAvailableCredit>
      <Credit>1</Credit>
    </MinimumAvailableCredit>
    <MaximumAvailableCredit>
      <Credit>1</Credit>
    </MaximumAvailableCredit>
    <EducationOrganizationReference>
      <EducationalOrgIdentity>
        <StateOrganizationId>East Daybreak Middle School</StateOrganizationId>
      </EducationalOrgIdentity>
    </EducationOrganizationReference>
    <UniqueCourseId>5th-Grade-English-5</UniqueCourseId>
  </Course>
  
  <!-- Math -->  
  <Course>
    <CourseTitle>8th Grade Algebra</CourseTitle>
    <NumberOfParts>1</NumberOfParts>
    <CourseCode IdentificationSystem="CSSC course code">
      <ID>8th Grade Algebra</ID>
    </CourseCode>
    <SubjectArea>Mathematics</SubjectArea>
    <DateCourseAdopted>2000-01-01</DateCourseAdopted>
    <HighSchoolCourseRequirement>false</HighSchoolCourseRequirement>
    <MinimumAvailableCredit>
      <Credit>1</Credit>
    </MinimumAvailableCredit>
    <MaximumAvailableCredit>
      <Credit>1</Credit>
    </MaximumAvailableCredit>
    <EducationOrganizationReference>
      <EducationalOrgIdentity>
        <StateOrganizationId>East Daybreak Middle School</StateOrganizationId>
      </EducationalOrgIdentity>
    </EducationOrganizationReference>
    <UniqueCourseId>8th-Grade-Algebra-5</UniqueCourseId>
  </Course>
  <Course>
    <CourseTitle>6th Grade Math</CourseTitle>
    <NumberOfParts>1</NumberOfParts>
    <CourseCode IdentificationSystem="CSSC course code">
      <ID>6th Grade Math</ID>
    </CourseCode>
    <SubjectArea>Mathematics</SubjectArea>
    <DateCourseAdopted>2000-01-01</DateCourseAdopted>
    <HighSchoolCourseRequirement>false</HighSchoolCourseRequirement>
    <MinimumAvailableCredit>
      <Credit>1</Credit>
    </MinimumAvailableCredit>
    <MaximumAvailableCredit>
      <Credit>1</Credit>
    </MaximumAvailableCredit>
    <EducationOrganizationReference>
      <EducationalOrgIdentity>
        <StateOrganizationId>East Daybreak Middle School</StateOrganizationId>
      </EducationalOrgIdentity>
    </EducationOrganizationReference>
    <UniqueCourseId>6th-Grade-Math-6</UniqueCourseId>
  </Course>
  <Course>
    <CourseTitle>5th Grade Math</CourseTitle>
    <NumberOfParts>1</NumberOfParts>
    <CourseCode IdentificationSystem="CSSC course code">
      <ID>5th Grade Math</ID>
    </CourseCode>
    <SubjectArea>Mathematics</SubjectArea>
    <DateCourseAdopted>2000-01-01</DateCourseAdopted>
    <HighSchoolCourseRequirement>false</HighSchoolCourseRequirement>
    <MinimumAvailableCredit>
      <Credit>1</Credit>
    </MinimumAvailableCredit>
    <MaximumAvailableCredit>
      <Credit>1</Credit>
    </MaximumAvailableCredit>
    <EducationOrganizationReference>
      <EducationalOrgIdentity>
        <StateOrganizationId>East Daybreak Middle School</StateOrganizationId>
      </EducationalOrgIdentity>
    </EducationOrganizationReference>
    <UniqueCourseId>5th-Grade-Math-5</UniqueCourseId>
  </Course>
  <Course>
    <CourseTitle>American Literature</CourseTitle>
    <NumberOfParts>1</NumberOfParts>
    <CourseCode IdentificationSystem="CSSC course code">
      <ID>American Literature</ID>
    </CourseCode>
    <SubjectArea>English Language and Literature</SubjectArea>
    <DateCourseAdopted>2000-01-01</DateCourseAdopted>
    <HighSchoolCourseRequirement>false</HighSchoolCourseRequirement>
    <MinimumAvailableCredit>
      <Credit>1</Credit>
    </MinimumAvailableCredit>
    <MaximumAvailableCredit>
      <Credit>1</Credit>
    </MaximumAvailableCredit>
    <EducationOrganizationReference>
      <EducationalOrgIdentity>
        <StateOrganizationId>Daybreak Central High</StateOrganizationId>
      </EducationalOrgIdentity>
    </EducationOrganizationReference>
    <UniqueCourseId>American-Literature-7</UniqueCourseId>
  </Course>
  <Course>
    <CourseTitle>Spec. Elective: Debate Clinic</CourseTitle>
    <NumberOfParts>1</NumberOfParts>
    <CourseCode IdentificationSystem="CSSC course code">
      <ID>Spec. Elective: Debate Clinic</ID>
    </CourseCode>
    <SubjectArea>English Language and Literature</SubjectArea>
    <DateCourseAdopted>2000-01-01</DateCourseAdopted>
    <HighSchoolCourseRequirement>false</HighSchoolCourseRequirement>
    <MinimumAvailableCredit>
      <Credit>1</Credit>
    </MinimumAvailableCredit>
    <MaximumAvailableCredit>
      <Credit>1</Credit>
    </MaximumAvailableCredit>
    <EducationOrganizationReference>
      <EducationalOrgIdentity>
        <StateOrganizationId>Daybreak Central High</StateOrganizationId>
      </EducationalOrgIdentity>
    </EducationOrganizationReference>
    <UniqueCourseId>Spec.-Elective:-Debate-Clinic-8</UniqueCourseId>
  </Course>

  <!-- courses for progress history -->
  <Course>
    <CourseTitle>7th Grade English</CourseTitle>
    <NumberOfParts>1</NumberOfParts>
    <CourseCode IdentificationSystem="CSSC course code">
      <ID>7th Grade English</ID>
    </CourseCode>
    <SubjectArea>English Language and Literature</SubjectArea>
    <DateCourseAdopted>2000-01-01</DateCourseAdopted>
    <HighSchoolCourseRequirement>false</HighSchoolCourseRequirement>
    <MinimumAvailableCredit>
      <Credit>1</Credit>
    </MinimumAvailableCredit>
    <MaximumAvailableCredit>
      <Credit>1</Credit>
    </MaximumAvailableCredit>
    <EducationOrganizationReference>
      <EducationalOrgIdentity>
        <StateOrganizationId>East Daybreak Middle School</StateOrganizationId>
      </EducationalOrgIdentity>
    </EducationOrganizationReference>
    <UniqueCourseId>7th-Grade-English-9</UniqueCourseId>
  </Course>
  <Course>
    <CourseTitle>7th Grade Composition</CourseTitle>
    <NumberOfParts>1</NumberOfParts>
    <CourseCode IdentificationSystem="CSSC course code">
      <ID>7th Grade Composition</ID>
    </CourseCode>
    <SubjectArea>English Language and Literature</SubjectArea>
    <DateCourseAdopted>2000-01-01</DateCourseAdopted>
    <HighSchoolCourseRequirement>false</HighSchoolCourseRequirement>
    <MinimumAvailableCredit>
      <Credit>1</Credit>
    </MinimumAvailableCredit>
    <MaximumAvailableCredit>
      <Credit>1</Credit>
    </MaximumAvailableCredit>
    <EducationOrganizationReference>
      <EducationalOrgIdentity>
        <StateOrganizationId>East Daybreak Middle School</StateOrganizationId>
      </EducationalOrgIdentity>
    </EducationOrganizationReference>
    <UniqueCourseId>7th-Grade-Composition-10</UniqueCourseId>
  </Course>
  <Course>
    <CourseTitle>Kindergarten Homeroom</CourseTitle>
    <NumberOfParts>1</NumberOfParts>
    <CourseCode IdentificationSystem="CSSC course code">
      <ID>Kindergarten Homeroom</ID>
    </CourseCode>
    <DateCourseAdopted>2000-01-01</DateCourseAdopted>
    <HighSchoolCourseRequirement>false</HighSchoolCourseRequirement>
    <MinimumAvailableCredit>
      <Credit>1</Credit>
    </MinimumAvailableCredit>
    <MaximumAvailableCredit>
      <Credit>1</Credit>
    </MaximumAvailableCredit>
    <EducationOrganizationReference>
      <EducationalOrgIdentity>
        <StateOrganizationId>South Daybreak Elementary</StateOrganizationId>
      </EducationalOrgIdentity>
    </EducationOrganizationReference>
    <UniqueCourseId>Kindergarten-Homeroom-11</UniqueCourseId>
  </Course>
  <Course>
    <CourseTitle>10th Grade Writing</CourseTitle>
    <NumberOfParts>1</NumberOfParts>
    <CourseCode IdentificationSystem="CSSC course code">
      <ID>10th Grade Writing</ID>
    </CourseCode>
    <SubjectArea>English Language and Literature</SubjectArea>
    <DateCourseAdopted>2000-01-01</DateCourseAdopted>
    <HighSchoolCourseRequirement>true</HighSchoolCourseRequirement>
    <MinimumAvailableCredit>
      <Credit>1</Credit>
    </MinimumAvailableCredit>
    <MaximumAvailableCredit>
      <Credit>1</Credit>
    </MaximumAvailableCredit>
    <EducationOrganizationReference>
      <EducationalOrgIdentity>
        <StateOrganizationId>Daybreak Central High</StateOrganizationId>
      </EducationalOrgIdentity>
    </EducationOrganizationReference>
    <UniqueCourseId>10th-Grade-Writing-12</UniqueCourseId>
  </Course>
  <Course>
    <CourseTitle>10th Grade English</CourseTitle>
    <NumberOfParts>1</NumberOfParts>
    <CourseCode IdentificationSystem="CSSC course code">
      <ID>10th Grade English</ID>
    </CourseCode>
    <SubjectArea>English Language and Literature</SubjectArea>
    <DateCourseAdopted>2000-01-01</DateCourseAdopted>
    <HighSchoolCourseRequirement>true</HighSchoolCourseRequirement>
    <MinimumAvailableCredit>
      <Credit>1</Credit>
    </MinimumAvailableCredit>
    <MaximumAvailableCredit>
      <Credit>1</Credit>
    </MaximumAvailableCredit>
    <EducationOrganizationReference>
      <EducationalOrgIdentity>
        <StateOrganizationId>Daybreak Central High</StateOrganizationId>
      </EducationalOrgIdentity>
    </EducationOrganizationReference>
    <UniqueCourseId>10th-Grade-English-13</UniqueCourseId>
  </Course>
  
  <!-- courses used for report cards for Carmen Ortiz -->
  <Course>
    <CourseTitle>Algebra II</CourseTitle>
    <NumberOfParts>1</NumberOfParts>
    <CourseCode IdentificationSystem="CSSC course code">
      <ID>Algebra II</ID>
    </CourseCode>
    <SubjectArea>Mathematics</SubjectArea>
    <DateCourseAdopted>2000-01-01</DateCourseAdopted>
    <HighSchoolCourseRequirement>true</HighSchoolCourseRequirement>
    <MinimumAvailableCredit>
      <Credit>1</Credit>
    </MinimumAvailableCredit>
    <MaximumAvailableCredit>
      <Credit>1</Credit>
    </MaximumAvailableCredit>
    <EducationOrganizationReference>
      <EducationalOrgIdentity>
        <StateOrganizationId>Daybreak Central High</StateOrganizationId>
      </EducationalOrgIdentity>
    </EducationOrganizationReference>
    <UniqueCourseId>Algebra-II-14</UniqueCourseId>
  </Course>
  <Course>
    <CourseTitle>State History II</CourseTitle>
    <NumberOfParts>1</NumberOfParts>
    <CourseCode IdentificationSystem="CSSC course code">
      <ID>State History II</ID>
    </CourseCode>
    <SubjectArea>Social Studies</SubjectArea>
    <DateCourseAdopted>2000-01-01</DateCourseAdopted>
    <HighSchoolCourseRequirement>true</HighSchoolCourseRequirement>
    <MinimumAvailableCredit>
      <Credit>1</Credit>
    </MinimumAvailableCredit>
    <MaximumAvailableCredit>
      <Credit>1</Credit>
    </MaximumAvailableCredit>
    <EducationOrganizationReference>
      <EducationalOrgIdentity>
        <StateOrganizationId>Daybreak Central High</StateOrganizationId>
      </EducationalOrgIdentity>
    </EducationOrganizationReference>
    <UniqueCourseId>State-History-II-15</UniqueCourseId>
  </Course>
  <Course>
    <CourseTitle>Earth Sciences II</CourseTitle>
    <NumberOfParts>1</NumberOfParts>
    <CourseCode IdentificationSystem="CSSC course code">
      <ID>Earth Sciences II</ID>
    </CourseCode>
    <SubjectArea>Science</SubjectArea>
    <DateCourseAdopted>2000-01-01</DateCourseAdopted>
    <HighSchoolCourseRequirement>true</HighSchoolCourseRequirement>
    <MinimumAvailableCredit>
      <Credit>1</Credit>
    </MinimumAvailableCredit>
    <MaximumAvailableCredit>
      <Credit>1</Credit>
    </MaximumAvailableCredit>
    <EducationOrganizationReference>
      <EducationalOrgIdentity>
        <StateOrganizationId>Daybreak Central High</StateOrganizationId>
      </EducationalOrgIdentity>
    </EducationOrganizationReference>
    <UniqueCourseId>Earth-Sciences-II-16</UniqueCourseId>
  </Course>
  <Course>
    <CourseTitle>Vocal Performance II</CourseTitle>
    <NumberOfParts>1</NumberOfParts>
    <CourseCode IdentificationSystem="CSSC course code">
      <ID>Vocal Performance II</ID>
    </CourseCode>
    <SubjectArea>Fine and Performing Arts</SubjectArea>
    <DateCourseAdopted>2000-01-01</DateCourseAdopted>
    <HighSchoolCourseRequirement>true</HighSchoolCourseRequirement>
    <MinimumAvailableCredit>
      <Credit>1</Credit>
    </MinimumAvailableCredit>
    <MaximumAvailableCredit>
      <Credit>1</Credit>
    </MaximumAvailableCredit>
    <EducationOrganizationReference>
      <EducationalOrgIdentity>
        <StateOrganizationId>Daybreak Central High</StateOrganizationId>
      </EducationalOrgIdentity>
    </EducationOrganizationReference>
    <UniqueCourseId>Vocal-Performance-II-17</UniqueCourseId>
  </Course>
  <Course>
    <CourseTitle>Algebra I</CourseTitle>
    <NumberOfParts>1</NumberOfParts>
    <CourseCode IdentificationSystem="CSSC course code">
      <ID>Algebra I</ID>
    </CourseCode>
    <SubjectArea>Mathematics</SubjectArea>
    <DateCourseAdopted>2000-01-01</DateCourseAdopted>
    <HighSchoolCourseRequirement>true</HighSchoolCourseRequirement>
    <MinimumAvailableCredit>
      <Credit>1</Credit>
    </MinimumAvailableCredit>
    <MaximumAvailableCredit>
      <Credit>1</Credit>
    </MaximumAvailableCredit>
    <EducationOrganizationReference>
      <EducationalOrgIdentity>
        <StateOrganizationId>Daybreak Central High</StateOrganizationId>
      </EducationalOrgIdentity>
    </EducationOrganizationReference>
    <UniqueCourseId>Algebra-I-18</UniqueCourseId>
  </Course>
  <Course>
    <CourseTitle>State History I</CourseTitle>
    <NumberOfParts>1</NumberOfParts>
    <CourseCode IdentificationSystem="CSSC course code">
      <ID>State History I</ID>
    </CourseCode>
    <SubjectArea>Social Studies</SubjectArea>
    <DateCourseAdopted>2000-01-01</DateCourseAdopted>
    <HighSchoolCourseRequirement>true</HighSchoolCourseRequirement>
    <MinimumAvailableCredit>
      <Credit>1</Credit>
    </MinimumAvailableCredit>
    <MaximumAvailableCredit>
      <Credit>1</Credit>
    </MaximumAvailableCredit>
    <EducationOrganizationReference>
      <EducationalOrgIdentity>
        <StateOrganizationId>Daybreak Central High</StateOrganizationId>
      </EducationalOrgIdentity>
    </EducationOrganizationReference>
    <UniqueCourseId>State-History-I-19</UniqueCourseId>
  </Course>
  <Course>
    <CourseTitle>Earth Sciences I</CourseTitle>
    <NumberOfParts>1</NumberOfParts>
    <CourseCode IdentificationSystem="CSSC course code">
      <ID>Earth Sciences I</ID>
    </CourseCode>
    <SubjectArea>Science</SubjectArea>
    <DateCourseAdopted>2000-01-01</DateCourseAdopted>
    <HighSchoolCourseRequirement>true</HighSchoolCourseRequirement>
    <MinimumAvailableCredit>
      <Credit>1</Credit>
    </MinimumAvailableCredit>
    <MaximumAvailableCredit>
      <Credit>1</Credit>
    </MaximumAvailableCredit>
    <EducationOrganizationReference>
      <EducationalOrgIdentity>
        <StateOrganizationId>Daybreak Central High</StateOrganizationId>
      </EducationalOrgIdentity>
    </EducationOrganizationReference>
    <UniqueCourseId>Earth-Sciences-I-20</UniqueCourseId>
  </Course>
  <Course>
    <CourseTitle>Vocal Performance I</CourseTitle>
    <NumberOfParts>1</NumberOfParts>
    <CourseCode IdentificationSystem="CSSC course code">
      <ID>Vocal Performance I</ID>
    </CourseCode>
    <SubjectArea>Fine and Performing Arts</SubjectArea>
    <DateCourseAdopted>2000-01-01</DateCourseAdopted>
    <HighSchoolCourseRequirement>true</HighSchoolCourseRequirement>
    <MinimumAvailableCredit>
      <Credit>1</Credit>
    </MinimumAvailableCredit>
    <MaximumAvailableCredit>
      <Credit>1</Credit>
    </MaximumAvailableCredit>
    <EducationOrganizationReference>
      <EducationalOrgIdentity>
        <StateOrganizationId>Daybreak Central High</StateOrganizationId>
      </EducationalOrgIdentity>
    </EducationOrganizationReference>
    <UniqueCourseId>Vocal-Performance-I-21</UniqueCourseId>
  </Course>
  <Course>
    <CourseTitle>Weight Training</CourseTitle>
    <NumberOfParts>1</NumberOfParts>
    <CourseCode IdentificationSystem="CSSC course code">
      <ID>Weight Training</ID>
    </CourseCode>
    <SubjectArea>Physical, Health, and Safety Education</SubjectArea>
    <DateCourseAdopted>2000-01-01</DateCourseAdopted>
    <HighSchoolCourseRequirement>true</HighSchoolCourseRequirement>
    <MinimumAvailableCredit>
      <Credit>1</Credit>
    </MinimumAvailableCredit>
    <MaximumAvailableCredit>
      <Credit>1</Credit>
    </MaximumAvailableCredit>
    <EducationOrganizationReference>
      <EducationalOrgIdentity>
        <StateOrganizationId>Daybreak Central High</StateOrganizationId>
      </EducationalOrgIdentity>
    </EducationOrganizationReference>
    <UniqueCourseId>Weight-Training-22</UniqueCourseId>
  </Course>
  <Course>
    <CourseTitle>English 9B ELL</CourseTitle>
    <NumberOfParts>1</NumberOfParts>
    <CourseCode IdentificationSystem="CSSC course code">
      <ID>English 9B ELL</ID>
    </CourseCode>
    <SubjectArea>English Language and Literature</SubjectArea>
    <DateCourseAdopted>2000-01-01</DateCourseAdopted>
    <HighSchoolCourseRequirement>true</HighSchoolCourseRequirement>
    <MinimumAvailableCredit>
      <Credit>1</Credit>
    </MinimumAvailableCredit>
    <MaximumAvailableCredit>
      <Credit>1</Credit>
    </MaximumAvailableCredit>
    <EducationOrganizationReference>
      <EducationalOrgIdentity>
        <StateOrganizationId>Daybreak Central High</StateOrganizationId>
      </EducationalOrgIdentity>
    </EducationOrganizationReference>
    <UniqueCourseId>English-9B-ELL-23</UniqueCourseId>
  </Course>
  <Course>
    <CourseTitle>Basic Math II</CourseTitle>
    <NumberOfParts>1</NumberOfParts>
    <CourseCode IdentificationSystem="CSSC course code">
      <ID>Basic Math II</ID>
    </CourseCode>
    <SubjectArea>Mathematics</SubjectArea>
    <DateCourseAdopted>2000-01-01</DateCourseAdopted>
    <HighSchoolCourseRequirement>true</HighSchoolCourseRequirement>
    <MinimumAvailableCredit>
      <Credit>1</Credit>
    </MinimumAvailableCredit>
    <MaximumAvailableCredit>
      <Credit>1</Credit>
    </MaximumAvailableCredit>
    <EducationOrganizationReference>
      <EducationalOrgIdentity>
        <StateOrganizationId>Daybreak Central High</StateOrganizationId>
      </EducationalOrgIdentity>
    </EducationOrganizationReference>
    <UniqueCourseId>Basic-Math-II-24</UniqueCourseId>
  </Course>
  <Course>
    <CourseTitle>World History II</CourseTitle>
    <NumberOfParts>1</NumberOfParts>
    <CourseCode IdentificationSystem="CSSC course code">
      <ID>World History II</ID>
    </CourseCode>
    <SubjectArea>Social Studies</SubjectArea>
    <DateCourseAdopted>2000-01-01</DateCourseAdopted>
    <HighSchoolCourseRequirement>true</HighSchoolCourseRequirement>
    <MinimumAvailableCredit>
      <Credit>1</Credit>
    </MinimumAvailableCredit>
    <MaximumAvailableCredit>
      <Credit>1</Credit>
    </MaximumAvailableCredit>
    <EducationOrganizationReference>
      <EducationalOrgIdentity>
        <StateOrganizationId>Daybreak Central High</StateOrganizationId>
      </EducationalOrgIdentity>
    </EducationOrganizationReference>
    <UniqueCourseId>World-History-II-25</UniqueCourseId>
  </Course>
  <Course>
    <CourseTitle>Environmental Studies II</CourseTitle>
    <NumberOfParts>1</NumberOfParts>
    <CourseCode IdentificationSystem="CSSC course code">
      <ID>Environmental Studies II</ID>
    </CourseCode>
    <SubjectArea>Science</SubjectArea>
    <DateCourseAdopted>2000-01-01</DateCourseAdopted>
    <HighSchoolCourseRequirement>true</HighSchoolCourseRequirement>
    <MinimumAvailableCredit>
      <Credit>1</Credit>
    </MinimumAvailableCredit>
    <MaximumAvailableCredit>
      <Credit>1</Credit>
    </MaximumAvailableCredit>
    <EducationOrganizationReference>
      <EducationalOrgIdentity>
        <StateOrganizationId>Daybreak Central High</StateOrganizationId>
      </EducationalOrgIdentity>
    </EducationOrganizationReference>
    <UniqueCourseId>Environmental-Studies-II-26</UniqueCourseId>
  </Course>
  <Course>
    <CourseTitle>Vocal Ensemble II</CourseTitle>
    <NumberOfParts>1</NumberOfParts>
    <CourseCode IdentificationSystem="CSSC course code">
      <ID>Vocal Ensemble II</ID>
    </CourseCode>
    <SubjectArea>Fine and Performing Arts</SubjectArea>
    <DateCourseAdopted>2000-01-01</DateCourseAdopted>
    <HighSchoolCourseRequirement>true</HighSchoolCourseRequirement>
    <MinimumAvailableCredit>
      <Credit>1</Credit>
    </MinimumAvailableCredit>
    <MaximumAvailableCredit>
      <Credit>1</Credit>
    </MaximumAvailableCredit>
    <EducationOrganizationReference>
      <EducationalOrgIdentity>
        <StateOrganizationId>Daybreak Central High</StateOrganizationId>
      </EducationalOrgIdentity>
    </EducationOrganizationReference>
    <UniqueCourseId>Vocal-Ensemble-II-27</UniqueCourseId>
  </Course>
  <Course>
    <CourseTitle>Track and Field</CourseTitle>
    <NumberOfParts>1</NumberOfParts>
    <CourseCode IdentificationSystem="CSSC course code">
      <ID>Track and Field</ID>
    </CourseCode>
    <SubjectArea>Physical, Health, and Safety Education</SubjectArea>
    <DateCourseAdopted>2000-01-01</DateCourseAdopted>
    <HighSchoolCourseRequirement>true</HighSchoolCourseRequirement>
    <MinimumAvailableCredit>
      <Credit>1</Credit>
    </MinimumAvailableCredit>
    <MaximumAvailableCredit>
      <Credit>1</Credit>
    </MaximumAvailableCredit>
    <EducationOrganizationReference>
      <EducationalOrgIdentity>
        <StateOrganizationId>Daybreak Central High</StateOrganizationId>
      </EducationalOrgIdentity>
    </EducationOrganizationReference>
    <UniqueCourseId>Track-and-Field-28</UniqueCourseId>
  </Course>
  <Course>
    <CourseTitle>English 9A ELL</CourseTitle>
    <NumberOfParts>1</NumberOfParts>
    <CourseCode IdentificationSystem="CSSC course code">
      <ID>English 9A ELL</ID>
    </CourseCode>
    <SubjectArea>English Language and Literature</SubjectArea>
    <DateCourseAdopted>2000-01-01</DateCourseAdopted>
    <HighSchoolCourseRequirement>true</HighSchoolCourseRequirement>
    <MinimumAvailableCredit>
      <Credit>1</Credit>
    </MinimumAvailableCredit>
    <MaximumAvailableCredit>
      <Credit>1</Credit>
    </MaximumAvailableCredit>
    <EducationOrganizationReference>
      <EducationalOrgIdentity>
        <StateOrganizationId>Daybreak Central High</StateOrganizationId>
      </EducationalOrgIdentity>
    </EducationOrganizationReference>
    <UniqueCourseId>English-9A-ELL-29</UniqueCourseId>
  </Course>
  <Course>
    <CourseTitle>Basic Math I</CourseTitle>
    <NumberOfParts>1</NumberOfParts>
    <CourseCode IdentificationSystem="CSSC course code">
      <ID>Basic Math I</ID>
    </CourseCode>
    <SubjectArea>Mathematics</SubjectArea>
    <DateCourseAdopted>2000-01-01</DateCourseAdopted>
    <HighSchoolCourseRequirement>true</HighSchoolCourseRequirement>
    <MinimumAvailableCredit>
      <Credit>1</Credit>
    </MinimumAvailableCredit>
    <MaximumAvailableCredit>
      <Credit>1</Credit>
    </MaximumAvailableCredit>
    <EducationOrganizationReference>
      <EducationalOrgIdentity>
        <StateOrganizationId>Daybreak Central High</StateOrganizationId>
      </EducationalOrgIdentity>
    </EducationOrganizationReference>
    <UniqueCourseId>Basic-Math-I-30</UniqueCourseId>
  </Course>
  <Course>
    <CourseTitle>World History I</CourseTitle>
    <NumberOfParts>1</NumberOfParts>
    <CourseCode IdentificationSystem="CSSC course code">
      <ID>World History I</ID>
    </CourseCode>
    <SubjectArea>Social Studies</SubjectArea>
    <DateCourseAdopted>2000-01-01</DateCourseAdopted>
    <HighSchoolCourseRequirement>true</HighSchoolCourseRequirement>
    <MinimumAvailableCredit>
      <Credit>1</Credit>
    </MinimumAvailableCredit>
    <MaximumAvailableCredit>
      <Credit>1</Credit>
    </MaximumAvailableCredit>
    <EducationOrganizationReference>
      <EducationalOrgIdentity>
        <StateOrganizationId>Daybreak Central High</StateOrganizationId>
      </EducationalOrgIdentity>
    </EducationOrganizationReference>
    <UniqueCourseId>World-History-I-31</UniqueCourseId>
  </Course>
  <Course>
    <CourseTitle>Environmental Studies I</CourseTitle>
    <NumberOfParts>1</NumberOfParts>
    <CourseCode IdentificationSystem="CSSC course code">
      <ID>Environmental Studies I</ID>
    </CourseCode>
    <SubjectArea>Science</SubjectArea>
    <DateCourseAdopted>2000-01-01</DateCourseAdopted>
    <HighSchoolCourseRequirement>true</HighSchoolCourseRequirement>
    <MinimumAvailableCredit>
      <Credit>1</Credit>
    </MinimumAvailableCredit>
    <MaximumAvailableCredit>
      <Credit>1</Credit>
    </MaximumAvailableCredit>
    <EducationOrganizationReference>
      <EducationalOrgIdentity>
        <StateOrganizationId>Daybreak Central High</StateOrganizationId>
      </EducationalOrgIdentity>
    </EducationOrganizationReference>
    <UniqueCourseId>Environmental-Studies-I-32</UniqueCourseId>
  </Course>
  <Course>
    <CourseTitle>Vocal Ensemble I</CourseTitle>
    <NumberOfParts>1</NumberOfParts>
    <CourseCode IdentificationSystem="CSSC course code">
      <ID>Vocal Ensemble I</ID>
    </CourseCode>
    <SubjectArea>Fine and Performing Arts</SubjectArea>
    <DateCourseAdopted>2000-01-01</DateCourseAdopted>
    <HighSchoolCourseRequirement>true</HighSchoolCourseRequirement>
    <MinimumAvailableCredit>
      <Credit>1</Credit>
    </MinimumAvailableCredit>
    <MaximumAvailableCredit>
      <Credit>1</Credit>
    </MaximumAvailableCredit>
    <EducationOrganizationReference>
      <EducationalOrgIdentity>
        <StateOrganizationId>Daybreak Central High</StateOrganizationId>
      </EducationalOrgIdentity>
    </EducationOrganizationReference>
    <UniqueCourseId>Vocal-Ensemble-I-33</UniqueCourseId>
  </Course>
  <Course>
    <CourseTitle>Yoga and Fitness</CourseTitle>
    <NumberOfParts>1</NumberOfParts>
    <CourseCode IdentificationSystem="CSSC course code">
      <ID>Yoga and Fitness</ID>
    </CourseCode>
    <SubjectArea>Physical, Health, and Safety Education</SubjectArea>
    <DateCourseAdopted>2000-01-01</DateCourseAdopted>
    <HighSchoolCourseRequirement>true</HighSchoolCourseRequirement>
    <MinimumAvailableCredit>
      <Credit>1</Credit>
    </MinimumAvailableCredit>
    <MaximumAvailableCredit>
      <Credit>1</Credit>
    </MaximumAvailableCredit>
    <EducationOrganizationReference>
      <EducationalOrgIdentity>
        <StateOrganizationId>Daybreak Central High</StateOrganizationId>
      </EducationalOrgIdentity>
    </EducationOrganizationReference>
    <UniqueCourseId>Yoga-and-Fitness-34</UniqueCourseId>
  </Course>
  <Course>
    <CourseTitle>ELA 8B</CourseTitle>
    <NumberOfParts>1</NumberOfParts>
    <CourseCode IdentificationSystem="CSSC course code">
      <ID>ELA 8B</ID>
    </CourseCode>
    <SubjectArea>English Language and Literature</SubjectArea>
    <DateCourseAdopted>2000-01-01</DateCourseAdopted>
    <HighSchoolCourseRequirement>true</HighSchoolCourseRequirement>
    <MinimumAvailableCredit>
      <Credit>1</Credit>
    </MinimumAvailableCredit>
    <MaximumAvailableCredit>
      <Credit>1</Credit>
    </MaximumAvailableCredit>
    <EducationOrganizationReference>
      <EducationalOrgIdentity>
        <StateOrganizationId>East Daybreak Middle School</StateOrganizationId>
      </EducationalOrgIdentity>
    </EducationOrganizationReference>
    <UniqueCourseId>ELA-8B-35</UniqueCourseId>
  </Course>
  <Course>
    <CourseTitle>Pre-Algebra II</CourseTitle>
    <NumberOfParts>1</NumberOfParts>
    <CourseCode IdentificationSystem="CSSC course code">
      <ID>Pre-Algebra II</ID>
    </CourseCode>
    <SubjectArea>Mathematics</SubjectArea>
    <DateCourseAdopted>2000-01-01</DateCourseAdopted>
    <HighSchoolCourseRequirement>false</HighSchoolCourseRequirement>
    <MinimumAvailableCredit>
      <Credit>1</Credit>
    </MinimumAvailableCredit>
    <MaximumAvailableCredit>
      <Credit>1</Credit>
    </MaximumAvailableCredit>
    <EducationOrganizationReference>
      <EducationalOrgIdentity>
        <StateOrganizationId>East Daybreak Middle School</StateOrganizationId>
      </EducationalOrgIdentity>
    </EducationOrganizationReference>
    <UniqueCourseId>Pre-Algebra-II-36</UniqueCourseId>
  </Course>
  <Course>
    <CourseTitle>U.S. History II</CourseTitle>
    <NumberOfParts>1</NumberOfParts>
    <CourseCode IdentificationSystem="CSSC course code">
      <ID>U.S. History II</ID>
    </CourseCode>
    <SubjectArea>Social Studies</SubjectArea>
    <DateCourseAdopted>2000-01-01</DateCourseAdopted>
    <HighSchoolCourseRequirement>false</HighSchoolCourseRequirement>
    <MinimumAvailableCredit>
      <Credit>1</Credit>
    </MinimumAvailableCredit>
    <MaximumAvailableCredit>
      <Credit>1</Credit>
    </MaximumAvailableCredit>
    <EducationOrganizationReference>
      <EducationalOrgIdentity>
        <StateOrganizationId>East Daybreak Middle School</StateOrganizationId>
      </EducationalOrgIdentity>
    </EducationOrganizationReference>
    <UniqueCourseId>U.S.-History-II-37</UniqueCourseId>
  </Course>
  <Course>
    <CourseTitle>6th Grade Math</CourseTitle>
    <NumberOfParts>1</NumberOfParts>
    <CourseCode IdentificationSystem="CSSC course code">
      <ID>6th Grade Math</ID>
    </CourseCode>
    <SubjectArea>Mathematics</SubjectArea>
    <DateCourseAdopted>2000-01-01</DateCourseAdopted>
    <HighSchoolCourseRequirement>false</HighSchoolCourseRequirement>
    <MinimumAvailableCredit>
      <Credit>1</Credit>
    </MinimumAvailableCredit>
    <MaximumAvailableCredit>
      <Credit>1</Credit>
    </MaximumAvailableCredit>
    <EducationOrganizationReference>
      <EducationalOrgIdentity>
        <StateOrganizationId>East Daybreak Middle School</StateOrganizationId>
      </EducationalOrgIdentity>
    </EducationOrganizationReference>
    <UniqueCourseId>6th-Grade-Math-38</UniqueCourseId>
  </Course>    
  <Course>
    <CourseTitle>7th Grade Math</CourseTitle>
    <NumberOfParts>1</NumberOfParts>
    <CourseCode IdentificationSystem="CSSC course code">
      <ID>7th Grade Math</ID>
    </CourseCode>
    <SubjectArea>Mathematics</SubjectArea>
    <DateCourseAdopted>2000-01-01</DateCourseAdopted>
    <HighSchoolCourseRequirement>false</HighSchoolCourseRequirement>
    <MinimumAvailableCredit>
      <Credit>1</Credit>
    </MinimumAvailableCredit>
    <MaximumAvailableCredit>
      <Credit>1</Credit>
    </MaximumAvailableCredit>
    <EducationOrganizationReference>
      <EducationalOrgIdentity>
        <StateOrganizationId>East Daybreak Middle School</StateOrganizationId>
      </EducationalOrgIdentity>
    </EducationOrganizationReference>
    <UniqueCourseId>7th-Grade-Math-39</UniqueCourseId>
  </Course>  
  <Course>
    <CourseTitle>Science 8B</CourseTitle>
    <NumberOfParts>1</NumberOfParts>
    <CourseCode IdentificationSystem="CSSC course code">
      <ID>Science 8B</ID>
    </CourseCode>
    <SubjectArea>Science</SubjectArea>
    <DateCourseAdopted>2000-01-01</DateCourseAdopted>
    <HighSchoolCourseRequirement>false</HighSchoolCourseRequirement>
    <MinimumAvailableCredit>
      <Credit>1</Credit>
    </MinimumAvailableCredit>
    <MaximumAvailableCredit>
      <Credit>1</Credit>
    </MaximumAvailableCredit>
    <EducationOrganizationReference>
      <EducationalOrgIdentity>
        <StateOrganizationId>East Daybreak Middle School</StateOrganizationId>
      </EducationalOrgIdentity>
    </EducationOrganizationReference>
    <UniqueCourseId>Science-8B-40</UniqueCourseId>
  </Course>
  <Course>
    <CourseTitle>Choir B</CourseTitle>
    <NumberOfParts>1</NumberOfParts>
    <CourseCode IdentificationSystem="CSSC course code">
      <ID>Choir B</ID>
    </CourseCode>
    <SubjectArea>Fine and Performing Arts</SubjectArea>
    <DateCourseAdopted>2000-01-01</DateCourseAdopted>
    <HighSchoolCourseRequirement>false</HighSchoolCourseRequirement>
    <MinimumAvailableCredit>
      <Credit>1</Credit>
    </MinimumAvailableCredit>
    <MaximumAvailableCredit>
      <Credit>1</Credit>
    </MaximumAvailableCredit>
    <EducationOrganizationReference>
      <EducationalOrgIdentity>
        <StateOrganizationId>East Daybreak Middle School</StateOrganizationId>
      </EducationalOrgIdentity>
    </EducationOrganizationReference>
    <UniqueCourseId>Choir-B-41</UniqueCourseId>
  </Course>
  <Course>
    <CourseTitle>Phys-Ed 8B</CourseTitle>
    <NumberOfParts>1</NumberOfParts>
    <CourseCode IdentificationSystem="CSSC course code">
      <ID>Phys-Ed 8B</ID>
    </CourseCode>
    <SubjectArea>Physical, Health, and Safety Education</SubjectArea>
    <DateCourseAdopted>2000-01-01</DateCourseAdopted>
    <HighSchoolCourseRequirement>false</HighSchoolCourseRequirement>
    <MinimumAvailableCredit>
      <Credit>1</Credit>
    </MinimumAvailableCredit>
    <MaximumAvailableCredit>
      <Credit>1</Credit>
    </MaximumAvailableCredit>
    <EducationOrganizationReference>
      <EducationalOrgIdentity>
        <StateOrganizationId>East Daybreak Middle School</StateOrganizationId>
      </EducationalOrgIdentity>
    </EducationOrganizationReference>
    <UniqueCourseId>Phys-Ed-8B-42</UniqueCourseId>
  </Course>
  <Course>
    <CourseTitle>ELA 8A</CourseTitle>
    <NumberOfParts>1</NumberOfParts>
    <CourseCode IdentificationSystem="CSSC course code">
      <ID>ELA 8A</ID>
    </CourseCode>
    <SubjectArea>English Language and Literature</SubjectArea>
    <DateCourseAdopted>2000-01-01</DateCourseAdopted>
    <HighSchoolCourseRequirement>true</HighSchoolCourseRequirement>
    <MinimumAvailableCredit>
      <Credit>1</Credit>
    </MinimumAvailableCredit>
    <MaximumAvailableCredit>
      <Credit>1</Credit>
    </MaximumAvailableCredit>
    <EducationOrganizationReference>
      <EducationalOrgIdentity>
        <StateOrganizationId>East Daybreak Middle School</StateOrganizationId>
      </EducationalOrgIdentity>
    </EducationOrganizationReference>
    <UniqueCourseId>ELA-8A-43</UniqueCourseId>
  </Course>
  <Course>
    <CourseTitle>Pre-Algebra I</CourseTitle>
    <NumberOfParts>1</NumberOfParts>
    <CourseCode IdentificationSystem="CSSC course code">
      <ID>Pre-Algebra I</ID>
    </CourseCode>
    <SubjectArea>Mathematics</SubjectArea>
    <DateCourseAdopted>2000-01-01</DateCourseAdopted>
    <HighSchoolCourseRequirement>false</HighSchoolCourseRequirement>
    <MinimumAvailableCredit>
      <Credit>1</Credit>
    </MinimumAvailableCredit>
    <MaximumAvailableCredit>
      <Credit>1</Credit>
    </MaximumAvailableCredit>
    <EducationOrganizationReference>
      <EducationalOrgIdentity>
        <StateOrganizationId>East Daybreak Middle School</StateOrganizationId>
      </EducationalOrgIdentity>
    </EducationOrganizationReference>
    <UniqueCourseId>Pre-Algebra-I-44</UniqueCourseId>
  </Course>
  <Course>
    <CourseTitle>U.S. History I</CourseTitle>
    <NumberOfParts>1</NumberOfParts>
    <CourseCode IdentificationSystem="CSSC course code">
      <ID>U.S. History I</ID>
    </CourseCode>
    <SubjectArea>Social Studies</SubjectArea>
    <DateCourseAdopted>2000-01-01</DateCourseAdopted>
    <HighSchoolCourseRequirement>false</HighSchoolCourseRequirement>
    <MinimumAvailableCredit>
      <Credit>1</Credit>
    </MinimumAvailableCredit>
    <MaximumAvailableCredit>
      <Credit>1</Credit>
    </MaximumAvailableCredit>
    <EducationOrganizationReference>
      <EducationalOrgIdentity>
        <StateOrganizationId>East Daybreak Middle School</StateOrganizationId>
      </EducationalOrgIdentity>
    </EducationOrganizationReference>
    <UniqueCourseId>U.S.-History-I-45</UniqueCourseId>
  </Course>
  <Course>
    <CourseTitle>Science 8A</CourseTitle>
    <NumberOfParts>1</NumberOfParts>
    <CourseCode IdentificationSystem="CSSC course code">
      <ID>Science 8A</ID>
    </CourseCode>
    <SubjectArea>Science</SubjectArea>
    <DateCourseAdopted>2000-01-01</DateCourseAdopted>
    <HighSchoolCourseRequirement>false</HighSchoolCourseRequirement>
    <MinimumAvailableCredit>
      <Credit>1</Credit>
    </MinimumAvailableCredit>
    <MaximumAvailableCredit>
      <Credit>1</Credit>
    </MaximumAvailableCredit>
    <EducationOrganizationReference>
      <EducationalOrgIdentity>
        <StateOrganizationId>East Daybreak Middle School</StateOrganizationId>
      </EducationalOrgIdentity>
    </EducationOrganizationReference>
    <UniqueCourseId>Science-8A-46</UniqueCourseId>
  </Course>
  <Course>
    <CourseTitle>Choir A</CourseTitle>
    <NumberOfParts>1</NumberOfParts>
    <CourseCode IdentificationSystem="CSSC course code">
      <ID>Choir A</ID>
    </CourseCode>
    <SubjectArea>Fine and Performing Arts</SubjectArea>
    <DateCourseAdopted>2000-01-01</DateCourseAdopted>
    <HighSchoolCourseRequirement>false</HighSchoolCourseRequirement>
    <MinimumAvailableCredit>
      <Credit>1</Credit>
    </MinimumAvailableCredit>
    <MaximumAvailableCredit>
      <Credit>1</Credit>
    </MaximumAvailableCredit>
    <EducationOrganizationReference>
      <EducationalOrgIdentity>
        <StateOrganizationId>East Daybreak Middle School</StateOrganizationId>
      </EducationalOrgIdentity>
    </EducationOrganizationReference>
    <UniqueCourseId>Choir-A-47</UniqueCourseId>
  </Course>
  <Course>
    <CourseTitle>Phys-Ed 8A</CourseTitle>
    <NumberOfParts>1</NumberOfParts>
    <CourseCode IdentificationSystem="CSSC course code">
      <ID>Phys-Ed 8A</ID>
    </CourseCode>
    <SubjectArea>Physical, Health, and Safety Education</SubjectArea>
    <DateCourseAdopted>2000-01-01</DateCourseAdopted>
    <HighSchoolCourseRequirement>false</HighSchoolCourseRequirement>
    <MinimumAvailableCredit>
      <Credit>1</Credit>
    </MinimumAvailableCredit>
    <MaximumAvailableCredit>
      <Credit>1</Credit>
    </MaximumAvailableCredit>
    <EducationOrganizationReference>
      <EducationalOrgIdentity>
        <StateOrganizationId>East Daybreak Middle School</StateOrganizationId>
      </EducationalOrgIdentity>
    </EducationOrganizationReference>
    <UniqueCourseId>Phys-Ed-8A-48</UniqueCourseId>
  </Course>

  <!-- courses used for report cards for Matt Sollars.
       Note that 7th Grade English and 7th Grade Composition have already been defined. -->
  <Course>
    <CourseTitle>Math 7B</CourseTitle>
    <NumberOfParts>1</NumberOfParts>
    <CourseCode IdentificationSystem="CSSC course code">
      <ID>Math 7B</ID>
    </CourseCode>
    <SubjectArea>Mathematics</SubjectArea>
    <DateCourseAdopted>2000-01-01</DateCourseAdopted>
    <HighSchoolCourseRequirement>false</HighSchoolCourseRequirement>
    <MinimumAvailableCredit>
      <Credit>1</Credit>
    </MinimumAvailableCredit>
    <MaximumAvailableCredit>
      <Credit>1</Credit>
    </MaximumAvailableCredit>
    <EducationOrganizationReference>
      <EducationalOrgIdentity>
        <StateOrganizationId>East Daybreak Middle School</StateOrganizationId>
      </EducationalOrgIdentity>
    </EducationOrganizationReference>
    <UniqueCourseId>Math-7B-49</UniqueCourseId>
  </Course>
  <Course>
    <CourseTitle>State History II-G7</CourseTitle>
    <NumberOfParts>1</NumberOfParts>
    <CourseCode IdentificationSystem="CSSC course code">
      <ID>State History II-G7</ID>
    </CourseCode>
    <SubjectArea>Social Studies</SubjectArea>
    <DateCourseAdopted>2000-01-01</DateCourseAdopted>
    <HighSchoolCourseRequirement>false</HighSchoolCourseRequirement>
    <MinimumAvailableCredit>
      <Credit>1</Credit>
    </MinimumAvailableCredit>
    <MaximumAvailableCredit>
      <Credit>1</Credit>
    </MaximumAvailableCredit>
    <EducationOrganizationReference>
      <EducationalOrgIdentity>
        <StateOrganizationId>East Daybreak Middle School</StateOrganizationId>
      </EducationalOrgIdentity>
    </EducationOrganizationReference>
    <UniqueCourseId>State-History-II-G7-50</UniqueCourseId>
  </Course>
  <Course>
    <CourseTitle>Science 7B</CourseTitle>
    <NumberOfParts>1</NumberOfParts>
    <CourseCode IdentificationSystem="CSSC course code">
      <ID>Science 7B</ID>
    </CourseCode>
    <SubjectArea>Science</SubjectArea>
    <DateCourseAdopted>2000-01-01</DateCourseAdopted>
    <HighSchoolCourseRequirement>false</HighSchoolCourseRequirement>
    <MinimumAvailableCredit>
      <Credit>1</Credit>
    </MinimumAvailableCredit>
    <MaximumAvailableCredit>
      <Credit>1</Credit>
    </MaximumAvailableCredit>
    <EducationOrganizationReference>
      <EducationalOrgIdentity>
        <StateOrganizationId>East Daybreak Middle School</StateOrganizationId>
      </EducationalOrgIdentity>
    </EducationOrganizationReference>
    <UniqueCourseId>Science-7B-51</UniqueCourseId>
  </Course>
  <Course>
    <CourseTitle>Spanish II</CourseTitle>
    <NumberOfParts>1</NumberOfParts>
    <CourseCode IdentificationSystem="CSSC course code">
      <ID>Spanish II</ID>
    </CourseCode>
    <SubjectArea>Foreign Language and Literature</SubjectArea>
    <DateCourseAdopted>2000-01-01</DateCourseAdopted>
    <HighSchoolCourseRequirement>false</HighSchoolCourseRequirement>
    <MinimumAvailableCredit>
      <Credit>1</Credit>
    </MinimumAvailableCredit>
    <MaximumAvailableCredit>
      <Credit>1</Credit>
    </MaximumAvailableCredit>
    <EducationOrganizationReference>
      <EducationalOrgIdentity>
        <StateOrganizationId>East Daybreak Middle School</StateOrganizationId>
      </EducationalOrgIdentity>
    </EducationOrganizationReference>
    <UniqueCourseId>Spanish-II-52</UniqueCourseId>
  </Course>
  <Course>
    <CourseTitle>Jazz Band</CourseTitle>
    <NumberOfParts>1</NumberOfParts>
    <CourseCode IdentificationSystem="CSSC course code">
      <ID>Jazz Band</ID>
    </CourseCode>
    <SubjectArea>Fine and Performing Arts</SubjectArea>
    <DateCourseAdopted>2000-01-01</DateCourseAdopted>
    <HighSchoolCourseRequirement>false</HighSchoolCourseRequirement>
    <MinimumAvailableCredit>
      <Credit>1</Credit>
    </MinimumAvailableCredit>
    <MaximumAvailableCredit>
      <Credit>1</Credit>
    </MaximumAvailableCredit>
    <EducationOrganizationReference>
      <EducationalOrgIdentity>
        <StateOrganizationId>East Daybreak Middle School</StateOrganizationId>
      </EducationalOrgIdentity>
    </EducationOrganizationReference>
    <UniqueCourseId>Jazz-Band-53</UniqueCourseId>
  </Course>
  <Course>
    <CourseTitle>Math 7A</CourseTitle>
    <NumberOfParts>1</NumberOfParts>
    <CourseCode IdentificationSystem="CSSC course code">
      <ID>Math 7A</ID>
    </CourseCode>
    <SubjectArea>Mathematics</SubjectArea>
    <DateCourseAdopted>2000-01-01</DateCourseAdopted>
    <HighSchoolCourseRequirement>false</HighSchoolCourseRequirement>
    <MinimumAvailableCredit>
      <Credit>1</Credit>
    </MinimumAvailableCredit>
    <MaximumAvailableCredit>
      <Credit>1</Credit>
    </MaximumAvailableCredit>
    <EducationOrganizationReference>
      <EducationalOrgIdentity>
        <StateOrganizationId>East Daybreak Middle School</StateOrganizationId>
      </EducationalOrgIdentity>
    </EducationOrganizationReference>
    <UniqueCourseId>Math-7A-54</UniqueCourseId>
  </Course>
  <Course>
    <CourseTitle>State History I-G7</CourseTitle>
    <NumberOfParts>1</NumberOfParts>
    <CourseCode IdentificationSystem="CSSC course code">
      <ID>State History I-G7</ID>
    </CourseCode>
    <SubjectArea>Social Studies</SubjectArea>
    <DateCourseAdopted>2000-01-01</DateCourseAdopted>
    <HighSchoolCourseRequirement>false</HighSchoolCourseRequirement>
    <MinimumAvailableCredit>
      <Credit>1</Credit>
    </MinimumAvailableCredit>
    <MaximumAvailableCredit>
      <Credit>1</Credit>
    </MaximumAvailableCredit>
    <EducationOrganizationReference>
      <EducationalOrgIdentity>
        <StateOrganizationId>East Daybreak Middle School</StateOrganizationId>
      </EducationalOrgIdentity>
    </EducationOrganizationReference>
    <UniqueCourseId>State-History-I-G7-55</UniqueCourseId>
  </Course>
  <Course>
    <CourseTitle>Science 7A</CourseTitle>
    <NumberOfParts>1</NumberOfParts>
    <CourseCode IdentificationSystem="CSSC course code">
      <ID>Science 7A</ID>
    </CourseCode>
    <SubjectArea>Science</SubjectArea>
    <DateCourseAdopted>2000-01-01</DateCourseAdopted>
    <HighSchoolCourseRequirement>false</HighSchoolCourseRequirement>
    <MinimumAvailableCredit>
      <Credit>1</Credit>
    </MinimumAvailableCredit>
    <MaximumAvailableCredit>
      <Credit>1</Credit>
    </MaximumAvailableCredit>
    <EducationOrganizationReference>
      <EducationalOrgIdentity>
        <StateOrganizationId>East Daybreak Middle School</StateOrganizationId>
      </EducationalOrgIdentity>
    </EducationOrganizationReference>
    <UniqueCourseId>Science-7A-56</UniqueCourseId>
  </Course>
  <Course>
    <CourseTitle>Spanish I</CourseTitle>
    <NumberOfParts>1</NumberOfParts>
    <CourseCode IdentificationSystem="CSSC course code">
      <ID>Spanish I</ID>
    </CourseCode>
    <SubjectArea>Foreign Language and Literature</SubjectArea>
    <DateCourseAdopted>2000-01-01</DateCourseAdopted>
    <HighSchoolCourseRequirement>false</HighSchoolCourseRequirement>
    <MinimumAvailableCredit>
      <Credit>1</Credit>
    </MinimumAvailableCredit>
    <MaximumAvailableCredit>
      <Credit>1</Credit>
    </MaximumAvailableCredit>
    <EducationOrganizationReference>
      <EducationalOrgIdentity>
        <StateOrganizationId>East Daybreak Middle School</StateOrganizationId>
      </EducationalOrgIdentity>
    </EducationOrganizationReference>
    <UniqueCourseId>Spanish-I-57</UniqueCourseId>
  </Course>
  <Course>
    <CourseTitle>Conditioning</CourseTitle>
    <NumberOfParts>1</NumberOfParts>
    <CourseCode IdentificationSystem="CSSC course code">
      <ID>Conditioning</ID>
    </CourseCode>
    <SubjectArea>Physical, Health, and Safety Education</SubjectArea>
    <DateCourseAdopted>2000-01-01</DateCourseAdopted>
    <HighSchoolCourseRequirement>false</HighSchoolCourseRequirement>
    <MinimumAvailableCredit>
      <Credit>1</Credit>
    </MinimumAvailableCredit>
    <MaximumAvailableCredit>
      <Credit>1</Credit>
    </MaximumAvailableCredit>
    <EducationOrganizationReference>
      <EducationalOrgIdentity>
        <StateOrganizationId>East Daybreak Middle School</StateOrganizationId>
      </EducationalOrgIdentity>
    </EducationOrganizationReference>
    <UniqueCourseId>Conditioning-58</UniqueCourseId>
  </Course>
  <Course>
    <CourseTitle>ELA 6B</CourseTitle>
    <NumberOfParts>1</NumberOfParts>
    <CourseCode IdentificationSystem="CSSC course code">
      <ID>ELA 6B</ID>
    </CourseCode>
    <SubjectArea>English Language and Literature</SubjectArea>
    <DateCourseAdopted>2000-01-01</DateCourseAdopted>
    <HighSchoolCourseRequirement>true</HighSchoolCourseRequirement>
    <MinimumAvailableCredit>
      <Credit>1</Credit>
    </MinimumAvailableCredit>
    <MaximumAvailableCredit>
      <Credit>1</Credit>
    </MaximumAvailableCredit>
    <EducationOrganizationReference>
      <EducationalOrgIdentity>
        <StateOrganizationId>East Daybreak Middle School</StateOrganizationId>
      </EducationalOrgIdentity>
    </EducationOrganizationReference>
    <UniqueCourseId>ELA-6B-59</UniqueCourseId>
  </Course>
  <Course>
    <CourseTitle>Math 6B</CourseTitle>
    <NumberOfParts>1</NumberOfParts>
    <CourseCode IdentificationSystem="CSSC course code">
      <ID>Math 6B</ID>
    </CourseCode>
    <SubjectArea>Mathematics</SubjectArea>
    <DateCourseAdopted>2000-01-01</DateCourseAdopted>
    <HighSchoolCourseRequirement>false</HighSchoolCourseRequirement>
    <MinimumAvailableCredit>
      <Credit>1</Credit>
    </MinimumAvailableCredit>
    <MaximumAvailableCredit>
      <Credit>1</Credit>
    </MaximumAvailableCredit>
    <EducationOrganizationReference>
      <EducationalOrgIdentity>
        <StateOrganizationId>East Daybreak Middle School</StateOrganizationId>
      </EducationalOrgIdentity>
    </EducationOrganizationReference>
    <UniqueCourseId>Math-6B-60</UniqueCourseId>
  </Course>
  <Course>
    <CourseTitle>World History II-G6</CourseTitle>
    <NumberOfParts>1</NumberOfParts>
    <CourseCode IdentificationSystem="CSSC course code">
      <ID>World History II-G6</ID>
    </CourseCode>
    <SubjectArea>Social Studies</SubjectArea>
    <DateCourseAdopted>2000-01-01</DateCourseAdopted>
    <HighSchoolCourseRequirement>false</HighSchoolCourseRequirement>
    <MinimumAvailableCredit>
      <Credit>1</Credit>
    </MinimumAvailableCredit>
    <MaximumAvailableCredit>
      <Credit>1</Credit>
    </MaximumAvailableCredit>
    <EducationOrganizationReference>
      <EducationalOrgIdentity>
        <StateOrganizationId>East Daybreak Middle School</StateOrganizationId>
      </EducationalOrgIdentity>
    </EducationOrganizationReference>
    <UniqueCourseId>World-History-II-G6-61</UniqueCourseId>
  </Course>
  <Course>
    <CourseTitle>Science 6B</CourseTitle>
    <NumberOfParts>1</NumberOfParts>
    <CourseCode IdentificationSystem="CSSC course code">
      <ID>Science 6B</ID>
    </CourseCode>
    <SubjectArea>Science</SubjectArea>
    <DateCourseAdopted>2000-01-01</DateCourseAdopted>
    <HighSchoolCourseRequirement>false</HighSchoolCourseRequirement>
    <MinimumAvailableCredit>
      <Credit>1</Credit>
    </MinimumAvailableCredit>
    <MaximumAvailableCredit>
      <Credit>1</Credit>
    </MaximumAvailableCredit>
    <EducationOrganizationReference>
      <EducationalOrgIdentity>
        <StateOrganizationId>East Daybreak Middle School</StateOrganizationId>
      </EducationalOrgIdentity>
    </EducationOrganizationReference>
    <UniqueCourseId>Science-6B-62</UniqueCourseId>
  </Course>
  <Course>
    <CourseTitle>Drama II</CourseTitle>
    <NumberOfParts>1</NumberOfParts>
    <CourseCode IdentificationSystem="CSSC course code">
      <ID>Drama II</ID>
    </CourseCode>
    <SubjectArea>Fine and Performing Arts</SubjectArea>
    <DateCourseAdopted>2000-01-01</DateCourseAdopted>
    <HighSchoolCourseRequirement>false</HighSchoolCourseRequirement>
    <MinimumAvailableCredit>
      <Credit>1</Credit>
    </MinimumAvailableCredit>
    <MaximumAvailableCredit>
      <Credit>1</Credit>
    </MaximumAvailableCredit>
    <EducationOrganizationReference>
      <EducationalOrgIdentity>
        <StateOrganizationId>East Daybreak Middle School</StateOrganizationId>
      </EducationalOrgIdentity>
    </EducationOrganizationReference>
    <UniqueCourseId>Drama-II-63</UniqueCourseId>
  </Course>
  <Course>
    <CourseTitle>Nutrition</CourseTitle>
    <NumberOfParts>1</NumberOfParts>
    <CourseCode IdentificationSystem="CSSC course code">
      <ID>Nutrition</ID>
    </CourseCode>
    <SubjectArea>Physical, Health, and Safety Education</SubjectArea>
    <DateCourseAdopted>2000-01-01</DateCourseAdopted>
    <HighSchoolCourseRequirement>false</HighSchoolCourseRequirement>
    <MinimumAvailableCredit>
      <Credit>1</Credit>
    </MinimumAvailableCredit>
    <MaximumAvailableCredit>
      <Credit>1</Credit>
    </MaximumAvailableCredit>
    <EducationOrganizationReference>
      <EducationalOrgIdentity>
        <StateOrganizationId>East Daybreak Middle School</StateOrganizationId>
      </EducationalOrgIdentity>
    </EducationOrganizationReference>
    <UniqueCourseId>Nutrition-64</UniqueCourseId>
  </Course>
  <Course>
    <CourseTitle>ELA 6A</CourseTitle>
    <NumberOfParts>1</NumberOfParts>
    <CourseCode IdentificationSystem="CSSC course code">
      <ID>ELA 6A</ID>
    </CourseCode>
    <SubjectArea>English Language and Literature</SubjectArea>
    <DateCourseAdopted>2000-01-01</DateCourseAdopted>
    <HighSchoolCourseRequirement>true</HighSchoolCourseRequirement>
    <MinimumAvailableCredit>
      <Credit>1</Credit>
    </MinimumAvailableCredit>
    <MaximumAvailableCredit>
      <Credit>1</Credit>
    </MaximumAvailableCredit>
    <EducationOrganizationReference>
      <EducationalOrgIdentity>
        <StateOrganizationId>East Daybreak Middle School</StateOrganizationId>
      </EducationalOrgIdentity>
    </EducationOrganizationReference>
    <UniqueCourseId>ELA-6A-65</UniqueCourseId>
  </Course>
  <Course>
    <CourseTitle>Math 6A</CourseTitle>
    <NumberOfParts>1</NumberOfParts>
    <CourseCode IdentificationSystem="CSSC course code">
      <ID>Math 6A</ID>
    </CourseCode>
    <SubjectArea>Mathematics</SubjectArea>
    <DateCourseAdopted>2000-01-01</DateCourseAdopted>
    <HighSchoolCourseRequirement>false</HighSchoolCourseRequirement>
    <MinimumAvailableCredit>
      <Credit>1</Credit>
    </MinimumAvailableCredit>
    <MaximumAvailableCredit>
      <Credit>1</Credit>
    </MaximumAvailableCredit>
    <EducationOrganizationReference>
      <EducationalOrgIdentity>
        <StateOrganizationId>East Daybreak Middle School</StateOrganizationId>
      </EducationalOrgIdentity>
    </EducationOrganizationReference>
    <UniqueCourseId>Math-6A-66</UniqueCourseId>
  </Course>
  <Course>
    <CourseTitle>World History I-G6</CourseTitle>
    <NumberOfParts>1</NumberOfParts>
    <CourseCode IdentificationSystem="CSSC course code">
      <ID>World History I-G6</ID>
    </CourseCode>
    <SubjectArea>Social Studies</SubjectArea>
    <DateCourseAdopted>2000-01-01</DateCourseAdopted>
    <HighSchoolCourseRequirement>false</HighSchoolCourseRequirement>
    <MinimumAvailableCredit>
      <Credit>1</Credit>
    </MinimumAvailableCredit>
    <MaximumAvailableCredit>
      <Credit>1</Credit>
    </MaximumAvailableCredit>
    <EducationOrganizationReference>
      <EducationalOrgIdentity>
        <StateOrganizationId>East Daybreak Middle School</StateOrganizationId>
      </EducationalOrgIdentity>
    </EducationOrganizationReference>
    <UniqueCourseId>World-History-I-G6-67</UniqueCourseId>
  </Course>
  <Course>
    <CourseTitle>Science 6A</CourseTitle>
    <NumberOfParts>1</NumberOfParts>
    <CourseCode IdentificationSystem="CSSC course code">
      <ID>Science 6A</ID>
    </CourseCode>
    <SubjectArea>Science</SubjectArea>
    <DateCourseAdopted>2000-01-01</DateCourseAdopted>
    <HighSchoolCourseRequirement>false</HighSchoolCourseRequirement>
    <MinimumAvailableCredit>
      <Credit>1</Credit>
    </MinimumAvailableCredit>
    <MaximumAvailableCredit>
      <Credit>1</Credit>
    </MaximumAvailableCredit>
    <EducationOrganizationReference>
      <EducationalOrgIdentity>
        <StateOrganizationId>East Daybreak Middle School</StateOrganizationId>
      </EducationalOrgIdentity>
    </EducationOrganizationReference>
    <UniqueCourseId>Science-6A-68</UniqueCourseId>
  </Course>
  <Course>
    <CourseTitle>Drama I</CourseTitle>
    <NumberOfParts>1</NumberOfParts>
    <CourseCode IdentificationSystem="CSSC course code">
      <ID>Drama I</ID>
    </CourseCode>
    <SubjectArea>Fine and Performing Arts</SubjectArea>
    <DateCourseAdopted>2000-01-01</DateCourseAdopted>
    <HighSchoolCourseRequirement>false</HighSchoolCourseRequirement>
    <MinimumAvailableCredit>
      <Credit>1</Credit>
    </MinimumAvailableCredit>
    <MaximumAvailableCredit>
      <Credit>1</Credit>
    </MaximumAvailableCredit>
    <EducationOrganizationReference>
      <EducationalOrgIdentity>
        <StateOrganizationId>East Daybreak Middle School</StateOrganizationId>
      </EducationalOrgIdentity>
    </EducationOrganizationReference>
    <UniqueCourseId>Drama-I-69</UniqueCourseId>
  </Course>
  <Course>
    <CourseTitle>Team Sports</CourseTitle>
    <NumberOfParts>1</NumberOfParts>
    <CourseCode IdentificationSystem="CSSC course code">
      <ID>Team Sports</ID>
    </CourseCode>
    <SubjectArea>Physical, Health, and Safety Education</SubjectArea>
    <DateCourseAdopted>2000-01-01</DateCourseAdopted>
    <HighSchoolCourseRequirement>false</HighSchoolCourseRequirement>
    <MinimumAvailableCredit>
      <Credit>1</Credit>
    </MinimumAvailableCredit>
    <MaximumAvailableCredit>
      <Credit>1</Credit>
    </MaximumAvailableCredit>
    <EducationOrganizationReference>
      <EducationalOrgIdentity>
        <StateOrganizationId>East Daybreak Middle School</StateOrganizationId>
      </EducationalOrgIdentity>
    </EducationOrganizationReference>
    <UniqueCourseId>Team-Sports-70</UniqueCourseId>
  </Course>
  <Course>
    <CourseTitle>Reading 5B</CourseTitle>
    <NumberOfParts>1</NumberOfParts>
    <CourseCode IdentificationSystem="CSSC course code">
      <ID>Reading 5B</ID>
    </CourseCode>
    <SubjectArea>Reading</SubjectArea>
    <DateCourseAdopted>2000-01-01</DateCourseAdopted>
    <HighSchoolCourseRequirement>false</HighSchoolCourseRequirement>
    <MinimumAvailableCredit>
      <Credit>1</Credit>
    </MinimumAvailableCredit>
    <MaximumAvailableCredit>
      <Credit>1</Credit>
    </MaximumAvailableCredit>
    <EducationOrganizationReference>
      <EducationalOrgIdentity>
        <StateOrganizationId>South Daybreak Elementary</StateOrganizationId>
      </EducationalOrgIdentity>
    </EducationOrganizationReference>
    <UniqueCourseId>Reading-5B-71</UniqueCourseId>
  </Course>
  <Course>
    <CourseTitle>Writing 5B</CourseTitle>
    <NumberOfParts>1</NumberOfParts>
    <CourseCode IdentificationSystem="CSSC course code">
      <ID>Writing 5B</ID>
    </CourseCode>
    <SubjectArea>Writing</SubjectArea>
    <DateCourseAdopted>2000-01-01</DateCourseAdopted>
    <HighSchoolCourseRequirement>false</HighSchoolCourseRequirement>
    <MinimumAvailableCredit>
      <Credit>1</Credit>
    </MinimumAvailableCredit>
    <MaximumAvailableCredit>
      <Credit>1</Credit>
    </MaximumAvailableCredit>
    <EducationOrganizationReference>
      <EducationalOrgIdentity>
        <StateOrganizationId>South Daybreak Elementary</StateOrganizationId>
      </EducationalOrgIdentity>
    </EducationOrganizationReference>
    <UniqueCourseId>Writing-5B-72</UniqueCourseId>
  </Course>
  <Course>
    <CourseTitle>Math 5B</CourseTitle>
    <NumberOfParts>1</NumberOfParts>
    <CourseCode IdentificationSystem="CSSC course code">
      <ID>Math 5B</ID>
    </CourseCode>
    <SubjectArea>Mathematics</SubjectArea>
    <DateCourseAdopted>2000-01-01</DateCourseAdopted>
    <HighSchoolCourseRequirement>false</HighSchoolCourseRequirement>
    <MinimumAvailableCredit>
      <Credit>1</Credit>
    </MinimumAvailableCredit>
    <MaximumAvailableCredit>
      <Credit>1</Credit>
    </MaximumAvailableCredit>
    <EducationOrganizationReference>
      <EducationalOrgIdentity>
        <StateOrganizationId>South Daybreak Elementary</StateOrganizationId>
      </EducationalOrgIdentity>
    </EducationOrganizationReference>
    <UniqueCourseId>Math-5B-73</UniqueCourseId>
  </Course>

  <Course>
    <CourseTitle>Geography-5</CourseTitle>
    <NumberOfParts>1</NumberOfParts>
    <CourseCode IdentificationSystem="CSSC course code">
      <ID>Geography-5</ID>
    </CourseCode>
    <SubjectArea>Social Studies</SubjectArea>
    <DateCourseAdopted>2000-01-01</DateCourseAdopted>
    <HighSchoolCourseRequirement>false</HighSchoolCourseRequirement>
    <MinimumAvailableCredit>
      <Credit>1</Credit>
    </MinimumAvailableCredit>
    <MaximumAvailableCredit>
      <Credit>1</Credit>
    </MaximumAvailableCredit>
    <EducationOrganizationReference>
      <EducationalOrgIdentity>
        <StateOrganizationId>South Daybreak Elementary</StateOrganizationId>
      </EducationalOrgIdentity>
    </EducationOrganizationReference>
    <UniqueCourseId>Geography-5-74</UniqueCourseId>
  </Course>
  <Course>
    <CourseTitle>Science 5B</CourseTitle>
    <NumberOfParts>1</NumberOfParts>
    <CourseCode IdentificationSystem="CSSC course code">
      <ID>Science 5B</ID>
    </CourseCode>
    <SubjectArea>Science</SubjectArea>
    <DateCourseAdopted>2000-01-01</DateCourseAdopted>
    <HighSchoolCourseRequirement>false</HighSchoolCourseRequirement>
    <MinimumAvailableCredit>
      <Credit>1</Credit>
    </MinimumAvailableCredit>
    <MaximumAvailableCredit>
      <Credit>1</Credit>
    </MaximumAvailableCredit>
    <EducationOrganizationReference>
      <EducationalOrgIdentity>
        <StateOrganizationId>South Daybreak Elementary</StateOrganizationId>
      </EducationalOrgIdentity>
    </EducationOrganizationReference>
    <UniqueCourseId>Science-5B-75</UniqueCourseId>
  </Course>
  <Course>
    <CourseTitle>Phys-Ed 5B</CourseTitle>
    <NumberOfParts>1</NumberOfParts>
    <CourseCode IdentificationSystem="CSSC course code">
      <ID>Phys-Ed 5B</ID>
    </CourseCode>
    <SubjectArea>Physical, Health, and Safety Education</SubjectArea>
    <DateCourseAdopted>2000-01-01</DateCourseAdopted>
    <HighSchoolCourseRequirement>false</HighSchoolCourseRequirement>
    <MinimumAvailableCredit>
      <Credit>1</Credit>
    </MinimumAvailableCredit>
    <MaximumAvailableCredit>
      <Credit>1</Credit>
    </MaximumAvailableCredit>
    <EducationOrganizationReference>
      <EducationalOrgIdentity>
        <StateOrganizationId>South Daybreak Elementary</StateOrganizationId>
      </EducationalOrgIdentity>
    </EducationOrganizationReference>
    <UniqueCourseId>Phys-Ed-5B-76</UniqueCourseId>
  </Course>
  <Course>
    <CourseTitle>Reading 5A</CourseTitle>
    <NumberOfParts>1</NumberOfParts>
    <CourseCode IdentificationSystem="CSSC course code">
      <ID>Reading 5A</ID>
    </CourseCode>
    <SubjectArea>Reading</SubjectArea>
    <DateCourseAdopted>2000-01-01</DateCourseAdopted>
    <HighSchoolCourseRequirement>false</HighSchoolCourseRequirement>
    <MinimumAvailableCredit>
      <Credit>1</Credit>
    </MinimumAvailableCredit>
    <MaximumAvailableCredit>
      <Credit>1</Credit>
    </MaximumAvailableCredit>
    <EducationOrganizationReference>
      <EducationalOrgIdentity>
        <StateOrganizationId>South Daybreak Elementary</StateOrganizationId>
      </EducationalOrgIdentity>
    </EducationOrganizationReference>
    <UniqueCourseId>Reading-5A-77</UniqueCourseId>
  </Course>
  <Course>
    <CourseTitle>Writing 5A</CourseTitle>
    <NumberOfParts>1</NumberOfParts>
    <CourseCode IdentificationSystem="CSSC course code">
      <ID>Writing 5A</ID>
    </CourseCode>
    <SubjectArea>Writing</SubjectArea>
    <DateCourseAdopted>2000-01-01</DateCourseAdopted>
    <HighSchoolCourseRequirement>false</HighSchoolCourseRequirement>
    <MinimumAvailableCredit>
      <Credit>1</Credit>
    </MinimumAvailableCredit>
    <MaximumAvailableCredit>
      <Credit>1</Credit>
    </MaximumAvailableCredit>
    <EducationOrganizationReference>
      <EducationalOrgIdentity>
        <StateOrganizationId>South Daybreak Elementary</StateOrganizationId>
      </EducationalOrgIdentity>
    </EducationOrganizationReference>
    <UniqueCourseId>Writing-5A-78</UniqueCourseId>
  </Course>
  <Course>
    <CourseTitle>Math 5A</CourseTitle>
    <NumberOfParts>1</NumberOfParts>
    <CourseCode IdentificationSystem="CSSC course code">
      <ID>Math 5A</ID>
    </CourseCode>
    <SubjectArea>Mathematics</SubjectArea>
    <DateCourseAdopted>2000-01-01</DateCourseAdopted>
    <HighSchoolCourseRequirement>false</HighSchoolCourseRequirement>
    <MinimumAvailableCredit>
      <Credit>1</Credit>
    </MinimumAvailableCredit>
    <MaximumAvailableCredit>
      <Credit>1</Credit>
    </MaximumAvailableCredit>
    <EducationOrganizationReference>
      <EducationalOrgIdentity>
        <StateOrganizationId>South Daybreak Elementary</StateOrganizationId>
      </EducationalOrgIdentity>
    </EducationOrganizationReference>
    <UniqueCourseId>Math-5A-79</UniqueCourseId>
  </Course>
  <Course>
    <CourseTitle>Math 4A</CourseTitle>
    <NumberOfParts>1</NumberOfParts>
    <CourseCode IdentificationSystem="CSSC course code">
      <ID>Math 4A</ID>
    </CourseCode>
    <SubjectArea>Mathematics</SubjectArea>
    <DateCourseAdopted>2000-01-01</DateCourseAdopted>
    <HighSchoolCourseRequirement>false</HighSchoolCourseRequirement>
    <MinimumAvailableCredit>
      <Credit>1</Credit>
    </MinimumAvailableCredit>
    <MaximumAvailableCredit>
      <Credit>1</Credit>
    </MaximumAvailableCredit>
    <EducationOrganizationReference>
      <EducationalOrgIdentity>
        <StateOrganizationId>South Daybreak Elementary</StateOrganizationId>
      </EducationalOrgIdentity>
    </EducationOrganizationReference>
    <UniqueCourseId>Math-4A-80</UniqueCourseId>
  </Course>
  <Course>
    <CourseTitle>Math 3A</CourseTitle>
    <NumberOfParts>1</NumberOfParts>
    <CourseCode IdentificationSystem="CSSC course code">
      <ID>Math 3A</ID>
    </CourseCode>
    <SubjectArea>Mathematics</SubjectArea>
    <DateCourseAdopted>2000-01-01</DateCourseAdopted>
    <HighSchoolCourseRequirement>false</HighSchoolCourseRequirement>
    <MinimumAvailableCredit>
      <Credit>1</Credit>
    </MinimumAvailableCredit>
    <MaximumAvailableCredit>
      <Credit>1</Credit>
    </MaximumAvailableCredit>
    <EducationOrganizationReference>
      <EducationalOrgIdentity>
        <StateOrganizationId>South Daybreak Elementary</StateOrganizationId>
      </EducationalOrgIdentity>
    </EducationOrganizationReference>
    <UniqueCourseId>Math-3A-81</UniqueCourseId>
  </Course>
  <Course>
    <CourseTitle>Government-5</CourseTitle>
    <NumberOfParts>1</NumberOfParts>
    <CourseCode IdentificationSystem="CSSC course code">
      <ID>Government-5</ID>
    </CourseCode>
    <SubjectArea>Social Studies</SubjectArea>
    <DateCourseAdopted>2000-01-01</DateCourseAdopted>
    <HighSchoolCourseRequirement>false</HighSchoolCourseRequirement>
    <MinimumAvailableCredit>
      <Credit>1</Credit>
    </MinimumAvailableCredit>
    <MaximumAvailableCredit>
      <Credit>1</Credit>
    </MaximumAvailableCredit>
    <EducationOrganizationReference>
      <EducationalOrgIdentity>
        <StateOrganizationId>South Daybreak Elementary</StateOrganizationId>
      </EducationalOrgIdentity>
    </EducationOrganizationReference>
    <UniqueCourseId>Government-5-82</UniqueCourseId>
  </Course>
  <Course>
    <CourseTitle>Science 5A</CourseTitle>
    <NumberOfParts>1</NumberOfParts>
    <CourseCode IdentificationSystem="CSSC course code">
      <ID>Science 5A</ID>
    </CourseCode>
    <SubjectArea>Science</SubjectArea>
    <DateCourseAdopted>2000-01-01</DateCourseAdopted>
    <HighSchoolCourseRequirement>false</HighSchoolCourseRequirement>
    <MinimumAvailableCredit>
      <Credit>1</Credit>
    </MinimumAvailableCredit>
    <MaximumAvailableCredit>
      <Credit>1</Credit>
    </MaximumAvailableCredit>
    <EducationOrganizationReference>
      <EducationalOrgIdentity>
        <StateOrganizationId>South Daybreak Elementary</StateOrganizationId>
      </EducationalOrgIdentity>
    </EducationOrganizationReference>
    <UniqueCourseId>Science-5A-83</UniqueCourseId>
  </Course>
  <Course>
    <CourseTitle>Phys-Ed 5A</CourseTitle>
    <NumberOfParts>1</NumberOfParts>
    <CourseCode IdentificationSystem="CSSC course code">
      <ID>Phys-Ed 5A</ID>
    </CourseCode>
    <SubjectArea>Physical, Health, and Safety Education</SubjectArea>
    <DateCourseAdopted>2000-01-01</DateCourseAdopted>
    <HighSchoolCourseRequirement>false</HighSchoolCourseRequirement>
    <MinimumAvailableCredit>
      <Credit>1</Credit>
    </MinimumAvailableCredit>
    <MaximumAvailableCredit>
      <Credit>1</Credit>
    </MaximumAvailableCredit>
    <EducationOrganizationReference>
      <EducationalOrgIdentity>
        <StateOrganizationId>South Daybreak Elementary</StateOrganizationId>
      </EducationalOrgIdentity>
    </EducationOrganizationReference>
    <UniqueCourseId>Phys-Ed-5A-84</UniqueCourseId>
  </Course>
  <Course>
    <CourseTitle>Reading 4B</CourseTitle>
    <NumberOfParts>1</NumberOfParts>
    <CourseCode IdentificationSystem="CSSC course code">
      <ID>Reading 4B</ID>
    </CourseCode>
    <SubjectArea>Reading</SubjectArea>
    <DateCourseAdopted>2000-01-01</DateCourseAdopted>
    <HighSchoolCourseRequirement>false</HighSchoolCourseRequirement>
    <MinimumAvailableCredit>
      <Credit>1</Credit>
    </MinimumAvailableCredit>
    <MaximumAvailableCredit>
      <Credit>1</Credit>
    </MaximumAvailableCredit>
    <EducationOrganizationReference>
      <EducationalOrgIdentity>
        <StateOrganizationId>South Daybreak Elementary</StateOrganizationId>
      </EducationalOrgIdentity>
    </EducationOrganizationReference>
    <UniqueCourseId>Reading-4B-85</UniqueCourseId>
  </Course>
  <Course>
    <CourseTitle>Writing 4B</CourseTitle>
    <NumberOfParts>1</NumberOfParts>
    <CourseCode IdentificationSystem="CSSC course code">
      <ID>Writing 4B</ID>
    </CourseCode>
    <SubjectArea>Writing</SubjectArea>
    <DateCourseAdopted>2000-01-01</DateCourseAdopted>
    <HighSchoolCourseRequirement>false</HighSchoolCourseRequirement>
    <MinimumAvailableCredit>
      <Credit>1</Credit>
    </MinimumAvailableCredit>
    <MaximumAvailableCredit>
      <Credit>1</Credit>
    </MaximumAvailableCredit>
    <EducationOrganizationReference>
      <EducationalOrgIdentity>
        <StateOrganizationId>South Daybreak Elementary</StateOrganizationId>
      </EducationalOrgIdentity>
    </EducationOrganizationReference>
    <UniqueCourseId>Writing-4B-86</UniqueCourseId>
  </Course>
  <Course>
    <CourseTitle>Math 4B</CourseTitle>
    <NumberOfParts>1</NumberOfParts>
    <CourseCode IdentificationSystem="CSSC course code">
      <ID>Math 4B</ID>
    </CourseCode>
    <SubjectArea>Mathematics</SubjectArea>
    <DateCourseAdopted>2000-01-01</DateCourseAdopted>
    <HighSchoolCourseRequirement>false</HighSchoolCourseRequirement>
    <MinimumAvailableCredit>
      <Credit>1</Credit>
    </MinimumAvailableCredit>
    <MaximumAvailableCredit>
      <Credit>1</Credit>
    </MaximumAvailableCredit>
    <EducationOrganizationReference>
      <EducationalOrgIdentity>
        <StateOrganizationId>South Daybreak Elementary</StateOrganizationId>
      </EducationalOrgIdentity>
    </EducationOrganizationReference>
    <UniqueCourseId>Math-4B-87</UniqueCourseId>
  </Course>
  <Course>
    <CourseTitle>Geography-4</CourseTitle>
    <NumberOfParts>1</NumberOfParts>
    <CourseCode IdentificationSystem="CSSC course code">
      <ID>Geography-4</ID>
    </CourseCode>
    <SubjectArea>Social Studies</SubjectArea>
    <DateCourseAdopted>2000-01-01</DateCourseAdopted>
    <HighSchoolCourseRequirement>false</HighSchoolCourseRequirement>
    <MinimumAvailableCredit>
      <Credit>1</Credit>
    </MinimumAvailableCredit>
    <MaximumAvailableCredit>
      <Credit>1</Credit>
    </MaximumAvailableCredit>
    <EducationOrganizationReference>
      <EducationalOrgIdentity>
        <StateOrganizationId>South Daybreak Elementary</StateOrganizationId>
      </EducationalOrgIdentity>
    </EducationOrganizationReference>
    <UniqueCourseId>Geography-4-88</UniqueCourseId>
  </Course>
  <Course>
    <CourseTitle>Science 4B</CourseTitle>
    <NumberOfParts>1</NumberOfParts>
    <CourseCode IdentificationSystem="CSSC course code">
      <ID>Science 4B</ID>
    </CourseCode>
    <SubjectArea>Science</SubjectArea>
    <DateCourseAdopted>2000-01-01</DateCourseAdopted>
    <HighSchoolCourseRequirement>false</HighSchoolCourseRequirement>
    <MinimumAvailableCredit>
      <Credit>1</Credit>
    </MinimumAvailableCredit>
    <MaximumAvailableCredit>
      <Credit>1</Credit>
    </MaximumAvailableCredit>
    <EducationOrganizationReference>
      <EducationalOrgIdentity>
        <StateOrganizationId>South Daybreak Elementary</StateOrganizationId>
      </EducationalOrgIdentity>
    </EducationOrganizationReference>
    <UniqueCourseId>Science-4B-89</UniqueCourseId>
  </Course>
  <Course>
    <CourseTitle>Phys-Ed 4B</CourseTitle>
    <NumberOfParts>1</NumberOfParts>
    <CourseCode IdentificationSystem="CSSC course code">
      <ID>Phys-Ed 4B</ID>
    </CourseCode>
    <SubjectArea>Physical, Health, and Safety Education</SubjectArea>
    <DateCourseAdopted>2000-01-01</DateCourseAdopted>
    <HighSchoolCourseRequirement>false</HighSchoolCourseRequirement>
    <MinimumAvailableCredit>
      <Credit>1</Credit>
    </MinimumAvailableCredit>
    <MaximumAvailableCredit>
      <Credit>1</Credit>
    </MaximumAvailableCredit>
    <EducationOrganizationReference>
      <EducationalOrgIdentity>
        <StateOrganizationId>South Daybreak Elementary</StateOrganizationId>
      </EducationalOrgIdentity>
    </EducationOrganizationReference>
    <UniqueCourseId>Phys-Ed-4B-90</UniqueCourseId>
  </Course>
  <Course>
    <CourseTitle>Reading 4A</CourseTitle>
    <NumberOfParts>1</NumberOfParts>
    <CourseCode IdentificationSystem="CSSC course code">
      <ID>Reading 4A</ID>
    </CourseCode>
    <SubjectArea>Reading</SubjectArea>
    <DateCourseAdopted>2000-01-01</DateCourseAdopted>
    <HighSchoolCourseRequirement>false</HighSchoolCourseRequirement>
    <MinimumAvailableCredit>
      <Credit>1</Credit>
    </MinimumAvailableCredit>
    <MaximumAvailableCredit>
      <Credit>1</Credit>
    </MaximumAvailableCredit>
    <EducationOrganizationReference>
      <EducationalOrgIdentity>
        <StateOrganizationId>South Daybreak Elementary</StateOrganizationId>
      </EducationalOrgIdentity>
    </EducationOrganizationReference>
    <UniqueCourseId>Reading-4A-91</UniqueCourseId>
  </Course>
  <Course>
    <CourseTitle>Writing 4A</CourseTitle>
    <NumberOfParts>1</NumberOfParts>
    <CourseCode IdentificationSystem="CSSC course code">
      <ID>Writing 4A</ID>
    </CourseCode>
    <SubjectArea>Writing</SubjectArea>
    <DateCourseAdopted>2000-01-01</DateCourseAdopted>
    <HighSchoolCourseRequirement>false</HighSchoolCourseRequirement>
    <MinimumAvailableCredit>
      <Credit>1</Credit>
    </MinimumAvailableCredit>
    <MaximumAvailableCredit>
      <Credit>1</Credit>
    </MaximumAvailableCredit>
    <EducationOrganizationReference>
      <EducationalOrgIdentity>
        <StateOrganizationId>South Daybreak Elementary</StateOrganizationId>
      </EducationalOrgIdentity>
    </EducationOrganizationReference>
    <UniqueCourseId>Writing-4A-92</UniqueCourseId>
  </Course>
  <Course>
    <CourseTitle>Government-4</CourseTitle>
    <NumberOfParts>1</NumberOfParts>
    <CourseCode IdentificationSystem="CSSC course code">
      <ID>Government-4</ID>
    </CourseCode>
    <SubjectArea>Social Studies</SubjectArea>
    <DateCourseAdopted>2000-01-01</DateCourseAdopted>
    <HighSchoolCourseRequirement>false</HighSchoolCourseRequirement>
    <MinimumAvailableCredit>
      <Credit>1</Credit>
    </MinimumAvailableCredit>
    <MaximumAvailableCredit>
      <Credit>1</Credit>
    </MaximumAvailableCredit>
    <EducationOrganizationReference>
      <EducationalOrgIdentity>
        <StateOrganizationId>South Daybreak Elementary</StateOrganizationId>
      </EducationalOrgIdentity>
    </EducationOrganizationReference>
    <UniqueCourseId>Government-4-93</UniqueCourseId>
  </Course>
  <Course>
    <CourseTitle>Science 4A</CourseTitle>
    <NumberOfParts>1</NumberOfParts>
    <CourseCode IdentificationSystem="CSSC course code">
      <ID>Science 4A</ID>
    </CourseCode>
    <SubjectArea>Science</SubjectArea>
    <DateCourseAdopted>2000-01-01</DateCourseAdopted>
    <HighSchoolCourseRequirement>false</HighSchoolCourseRequirement>
    <MinimumAvailableCredit>
      <Credit>1</Credit>
    </MinimumAvailableCredit>
    <MaximumAvailableCredit>
      <Credit>1</Credit>
    </MaximumAvailableCredit>
    <EducationOrganizationReference>
      <EducationalOrgIdentity>
        <StateOrganizationId>South Daybreak Elementary</StateOrganizationId>
      </EducationalOrgIdentity>
    </EducationOrganizationReference>
    <UniqueCourseId>Science-4A-94</UniqueCourseId>
  </Course>
  <Course>
    <CourseTitle>Phys-Ed 4A</CourseTitle>
    <NumberOfParts>1</NumberOfParts>
    <CourseCode IdentificationSystem="CSSC course code">
      <ID>Phys-Ed 4A</ID>
    </CourseCode>
    <SubjectArea>Physical, Health, and Safety Education</SubjectArea>
    <DateCourseAdopted>2000-01-01</DateCourseAdopted>
    <HighSchoolCourseRequirement>false</HighSchoolCourseRequirement>
    <MinimumAvailableCredit>
      <Credit>1</Credit>
    </MinimumAvailableCredit>
    <MaximumAvailableCredit>
      <Credit>1</Credit>
    </MaximumAvailableCredit>
    <EducationOrganizationReference>
      <EducationalOrgIdentity>
        <StateOrganizationId>South Daybreak Elementary</StateOrganizationId>
      </EducationalOrgIdentity>
    </EducationOrganizationReference>
    <UniqueCourseId>Phys-Ed-4A-95</UniqueCourseId>
  </Course>

  <Program>
    <ProgramId>ACC-TEST-PROG-1</ProgramId>
	<ProgramType>Regular Education</ProgramType>
	<ProgramSponsor>State Education Agency</ProgramSponsor>
	<Services>
	  <CodeValue>Test service 1</CodeValue>
	  <!--<ShortDescription>Short description for acceptance test program 1</ShortDescription>
	  <Description>This is a longer description of the services provided by acceptance test program 1. More detail could be provided here.</Description>-->
	</Services>
  </Program>
  <Program>
    <ProgramId>ACC-TEST-PROG-2</ProgramId>
	<ProgramType>Remedial Education</ProgramType>
	<ProgramSponsor>Local Education Agency</ProgramSponsor>
	<Services>
	  <CodeValue>Test service 2</CodeValue>
	  <!--<ShortDescription>Short description for acceptance test program 2</ShortDescription>
	  <Description>This is a longer description of the services provided by acceptance test program 2. More detail could be provided here.</Description>-->
	</Services>
  </Program>
</InterchangeEducationOrganization>