<?xml version="1.0"?>
<InterchangeStudentParent xmlns:xsi="http://www.w3.org/2001/XMLSchema-instance" xmlns="http://ed-fi.org/0100"
  xsi:schemaLocation="http://ed-fi.org/0100 ../../../../../../domain/src/main/resources/edfiXsd/Interchange-StudentParent.xsd">

  	<!--  5th graders (repurposed) -->
    <Student>
        <StudentUniqueStateId>500000000</StudentUniqueStateId>
        <Name>
            <FirstName>Matthew</FirstName>
            <LastSurname>Corker</LastSurname>
        </Name>
        <Sex>Male</Sex>
        <BirthData>
            <BirthDate>2005-07-02</BirthDate>
        </BirthData>
        <Address AddressType="Home">
            <StreetNumberName>3655 Brighton 2nd Lane</StreetNumberName>
            <ApartmentRoomSuiteNumber>APT 4221</ApartmentRoomSuiteNumber>
            <BuildingSiteNumber>351</BuildingSiteNumber>
            <City>Chicago</City>
            <StateAbbreviation>IL</StateAbbreviation>
            <PostalCode>60908-1028</PostalCode>
            <NameOfCounty>Cook</NameOfCounty>
            
        </Address>
        <Address AddressType="Work">
            <StreetNumberName>9857 Kingsborough 2nd Walk</StreetNumberName>
            <City>Seattle</City>
            <StateAbbreviation>WA</StateAbbreviation>
            <PostalCode>98115</PostalCode>
        </Address>
        <ElectronicMail EmailAddressType="Other">
            <EmailAddress>Matt.C@gmail.com</EmailAddress>
        </ElectronicMail>
        <ElectronicMail EmailAddressType="Organization">
        	<EmailAddress>mcorker@edms.district4529.org</EmailAddress>
        </ElectronicMail>
        <ElectronicMail EmailAddressType="Home/Personal">
        	<EmailAddress>Matt.Corker@gmail.com</EmailAddress>
        </ElectronicMail>
        <HispanicLatinoEthnicity>false</HispanicLatinoEthnicity>
        <Race/>
        <EconomicDisadvantaged>false</EconomicDisadvantaged>
        <SchoolFoodServicesEligibility>Reduced price</SchoolFoodServicesEligibility>
        <LimitedEnglishProficiency>NotLimited</LimitedEnglishProficiency>
        <Section504Disabilities/>
    </Student>
	<Student>
		<StudentUniqueStateId>500000001</StudentUniqueStateId>
		<Name>
			<FirstName>Rafaela</FirstName>
			<LastSurname>Coleson</LastSurname>
		</Name>
		<Sex>Female</Sex>
		<BirthData>
			<BirthDate>2005-03-25</BirthDate>
		</BirthData>
        <Address AddressType="Home">
            <StreetNumberName>2038 Pearson Street</StreetNumberName>
            <ApartmentRoomSuiteNumber>APT 8121</ApartmentRoomSuiteNumber>
            <City>Chicago</City>
            <StateAbbreviation>IL</StateAbbreviation>
            <PostalCode>60057-5477</PostalCode>
            <NameOfCounty>Cook</NameOfCounty>
            
        </Address>
        <Address AddressType="Physical">
            <StreetNumberName>8523 Lester Court</StreetNumberName>
            <City>New York</City>
            <StateAbbreviation>NY</StateAbbreviation>
            <PostalCode>10062-3727</PostalCode>
            <NameOfCounty>Queens</NameOfCounty>
            
        </Address>
        <Telephone TelephoneNumberType="Work" PrimaryTelephoneNumberIndicator="true">
            <TelephoneNumber>331-703-1951</TelephoneNumber>
        </Telephone>
        <ElectronicMail EmailAddressType="Home/Personal">
            <EmailAddress>Rafaela.Coleson@yahoo.com</EmailAddress>
        </ElectronicMail>
        <ElectronicMail EmailAddressType="Organization">
            <EmailAddress>rcoleson@edms.district4529.org</EmailAddress>
        </ElectronicMail>
        <ElectronicMail EmailAddressType="Other">
            <EmailAddress>rafaela_coleson@yahoo.com</EmailAddress>
        </ElectronicMail>
        <HispanicLatinoEthnicity>true</HispanicLatinoEthnicity>
        <Race/>
        <EconomicDisadvantaged>false</EconomicDisadvantaged>
        <SchoolFoodServicesEligibility>Full price</SchoolFoodServicesEligibility>
        <LimitedEnglishProficiency>NotLimited</LimitedEnglishProficiency>
        <Section504Disabilities/>
	</Student>
    <Student>
        <StudentUniqueStateId>500000002</StudentUniqueStateId>
        <Name>
            <FirstName>Archie</FirstName>
            <LastSurname>Forker</LastSurname>
        </Name>
        <Sex>Male</Sex>
        <BirthData>
            <BirthDate>2005-10-14</BirthDate>
        </BirthData>
        <Telephone TelephoneNumberType="Emergency 1" PrimaryTelephoneNumberIndicator="true">
            <TelephoneNumber>630-504-5490</TelephoneNumber>
        </Telephone>
        <ElectronicMail EmailAddressType="Organization">
            <EmailAddress>aforker@edms.district4529.org</EmailAddress>
        </ElectronicMail>
        <HispanicLatinoEthnicity>true</HispanicLatinoEthnicity>
        <Race/>
        <EconomicDisadvantaged>true</EconomicDisadvantaged>
        <SchoolFoodServicesEligibility>Reduced price</SchoolFoodServicesEligibility>
        <LimitedEnglishProficiency>Limited</LimitedEnglishProficiency>
        <Section504Disabilities>
            <Section504Disability>Motor Impairment</Section504Disability>
        </Section504Disabilities>
    </Student>
    <Student>
        <StudentUniqueStateId>500000003</StudentUniqueStateId>
        <Name>
            <FirstName>Gerardo</FirstName>
            <LastSurname>Gayer</LastSurname>
        </Name>
        <Sex>Male</Sex>
        <BirthData>
            <BirthDate>2006-01-14</BirthDate>
        </BirthData>
        <Address AddressType="Home">
            <StreetNumberName>8455 Ferris Street</StreetNumberName>
            <ApartmentRoomSuiteNumber>APT 9365</ApartmentRoomSuiteNumber>
            <City>Chicago</City>
            <StateAbbreviation>IL</StateAbbreviation>
            <PostalCode>60863-4143</PostalCode>
            <NameOfCounty>Cook</NameOfCounty>
            
        </Address>
        <Telephone TelephoneNumberType="Emergency 2" PrimaryTelephoneNumberIndicator="false">
            <TelephoneNumber>847-977-0907</TelephoneNumber>
        </Telephone>
        <Telephone TelephoneNumberType="Emergency 1" PrimaryTelephoneNumberIndicator="false">
            <TelephoneNumber>224-509-7276</TelephoneNumber>
        </Telephone>
        <Telephone TelephoneNumberType="Other" PrimaryTelephoneNumberIndicator="false">
            <TelephoneNumber>847-547-2424</TelephoneNumber>
        </Telephone>
        <Telephone TelephoneNumberType="Home" PrimaryTelephoneNumberIndicator="true">
            <TelephoneNumber>847-724-9091</TelephoneNumber>
        </Telephone>
		<ElectronicMail EmailAddressType="Organization">
            <EmailAddress>ggayer@edms.district4529.org</EmailAddress>
        </ElectronicMail>
        <HispanicLatinoEthnicity>true</HispanicLatinoEthnicity>
        <Race/>
        <EconomicDisadvantaged>false</EconomicDisadvantaged>
        <SchoolFoodServicesEligibility>Free</SchoolFoodServicesEligibility>
        <LimitedEnglishProficiency>NotLimited</LimitedEnglishProficiency>
        <Section504Disabilities/>
    </Student>
    <Student>
        <StudentUniqueStateId>500000004</StudentUniqueStateId>
        <Name>
            <FirstName>Malcolm</FirstName>
            <LastSurname>Haehn</LastSurname>
        </Name>
        <Sex>Male</Sex>
        <BirthData>
            <BirthDate>2005-07-24</BirthDate>
        </BirthData>
        <Address AddressType="Home">
            <StreetNumberName>498 Dorchester Road</StreetNumberName>
            <City>Chicago</City>
            <StateAbbreviation>IL</StateAbbreviation>
            <PostalCode>60447-1536</PostalCode>
            <NameOfCounty>Cook</NameOfCounty>
            
        </Address>
        <Address AddressType="Mailing">
            <StreetNumberName>7472 Ross Street</StreetNumberName>
            <City>New York</City>
            <StateAbbreviation>NY</StateAbbreviation>
            <PostalCode>10180-7445</PostalCode>
            <NameOfCounty>Queens</NameOfCounty>
            
        </Address>
        <Telephone TelephoneNumberType="Unlisted" PrimaryTelephoneNumberIndicator="false">
            <TelephoneNumber>262-298-8577</TelephoneNumber>
        </Telephone>
        <Telephone TelephoneNumberType="Unlisted" PrimaryTelephoneNumberIndicator="true">
            <TelephoneNumber>219-608-1144</TelephoneNumber>
        </Telephone>
        <ElectronicMail EmailAddressType="Organization">
            <EmailAddress>mhaehn@edms.district4529.org</EmailAddress>
        </ElectronicMail>
        <ElectronicMail EmailAddressType="Home/Personal">
            <EmailAddress>malcolm.haehn@gmail.com</EmailAddress>
        </ElectronicMail>
        <HispanicLatinoEthnicity>false</HispanicLatinoEthnicity>
        <Race/>
        <EconomicDisadvantaged>false</EconomicDisadvantaged>
        <SchoolFoodServicesEligibility>Free</SchoolFoodServicesEligibility>
        <LimitedEnglishProficiency>Limited</LimitedEnglishProficiency>
        <Section504Disabilities/>
    </Student>
    <Student>
        <StudentUniqueStateId>500000005</StudentUniqueStateId>
        <Name>
            <FirstName>Garry</FirstName>
            <LastSurname>Kinsel</LastSurname>
        </Name>
        <Sex>Male</Sex>
        <BirthData>
            <BirthDate>2005-02-24</BirthDate>
        </BirthData>
        <Address AddressType="Work">
            <StreetNumberName>8823 Blake Court</StreetNumberName>
            <ApartmentRoomSuiteNumber>APT 8027</ApartmentRoomSuiteNumber>
            <City>Chicago</City>
            <StateAbbreviation>IL</StateAbbreviation>
            <PostalCode>60267-4406</PostalCode>
            <NameOfCounty>Cook</NameOfCounty>
            
        </Address>
        <Telephone TelephoneNumberType="Unlisted" PrimaryTelephoneNumberIndicator="true">
            <TelephoneNumber>224-167-3247</TelephoneNumber>
        </Telephone>
        <ElectronicMail EmailAddressType="Organization">
            <EmailAddress>gkinsel@yahoo.com</EmailAddress>
        </ElectronicMail>
        <ElectronicMail EmailAddressType="Home/Personal">
            <EmailAddress>garry.kinsel@gmail.com</EmailAddress>
        </ElectronicMail>
        <HispanicLatinoEthnicity>false</HispanicLatinoEthnicity>
        <Race/>
        <EconomicDisadvantaged>false</EconomicDisadvantaged>
        <SchoolFoodServicesEligibility>Reduced price</SchoolFoodServicesEligibility>
        <LimitedEnglishProficiency>NotLimited</LimitedEnglishProficiency>
        <Section504Disabilities/>
    </Student>
    <Student>
        <StudentUniqueStateId>500000006</StudentUniqueStateId>
        <Name>
            <FirstName>Preston</FirstName>
            <LastSurname>Lynds</LastSurname>
        </Name>
        <Sex>Male</Sex>
        <BirthData>
            <BirthDate>2006-02-14</BirthDate>
        </BirthData>
        <Address AddressType="Temporary">
            <StreetNumberName>3836 Clermont Avenue</StreetNumberName>
            <ApartmentRoomSuiteNumber>APT 7595</ApartmentRoomSuiteNumber>
            <City>Chicago</City>
            <StateAbbreviation>IL</StateAbbreviation>
            <PostalCode>60813-4537</PostalCode>
            <NameOfCounty>Cook</NameOfCounty>
            
        </Address>
        <Address AddressType="Physical">
            <StreetNumberName>6248 Livonia Avenue</StreetNumberName>
            <ApartmentRoomSuiteNumber>APT 6345</ApartmentRoomSuiteNumber>
            <City>New York</City>
            <StateAbbreviation>NY</StateAbbreviation>
            <PostalCode>10639-1170</PostalCode>
            <NameOfCounty>Kings</NameOfCounty>
            
        </Address>
        <Telephone TelephoneNumberType="Home" PrimaryTelephoneNumberIndicator="false">
            <TelephoneNumber>708-028-5573</TelephoneNumber>
        </Telephone>
        <Telephone TelephoneNumberType="Work" PrimaryTelephoneNumberIndicator="false">
            <TelephoneNumber>262-315-3477</TelephoneNumber>
        </Telephone>
        <Telephone TelephoneNumberType="Emergency 1" PrimaryTelephoneNumberIndicator="true">
            <TelephoneNumber>262-073-2981</TelephoneNumber>
        </Telephone>
        <ElectronicMail EmailAddressType="Organization">
            <EmailAddress>plynds@edms.district4529.org</EmailAddress>
        </ElectronicMail>
        <HispanicLatinoEthnicity>false</HispanicLatinoEthnicity>
        <Race/>
        <EconomicDisadvantaged>false</EconomicDisadvantaged>
        <SchoolFoodServicesEligibility>Full price</SchoolFoodServicesEligibility>
        <LimitedEnglishProficiency>NotLimited</LimitedEnglishProficiency>
        <Section504Disabilities/>
    </Student>
    <Student>
        <StudentUniqueStateId>500000007</StudentUniqueStateId>
        <Name>
            <FirstName>Jayme</FirstName>
            <LastSurname>Mabee</LastSurname>
        </Name>
        <Sex>Male</Sex>
        <BirthData>
            <BirthDate>2005-05-01</BirthDate>
        </BirthData>
        <Address AddressType="Home">
            <StreetNumberName>4212 Martense Street</StreetNumberName>
            <City>Chicago</City>
            <StateAbbreviation>IL</StateAbbreviation>
            <PostalCode>60991-2644</PostalCode>
            <NameOfCounty>Cook</NameOfCounty>
            
        </Address>
        <Telephone TelephoneNumberType="Home" PrimaryTelephoneNumberIndicator="false">
            <TelephoneNumber>262-583-8809</TelephoneNumber>
        </Telephone>
        <Telephone TelephoneNumberType="Other" PrimaryTelephoneNumberIndicator="false">
            <TelephoneNumber>312-574-6646</TelephoneNumber>
        </Telephone>
        <Telephone TelephoneNumberType="Work" PrimaryTelephoneNumberIndicator="false">
            <TelephoneNumber>779-715-2876</TelephoneNumber>
        </Telephone>
        <Telephone TelephoneNumberType="Work" PrimaryTelephoneNumberIndicator="true">
            <TelephoneNumber>815-657-5475</TelephoneNumber>
        </Telephone>
        <ElectronicMail EmailAddressType="Work">
            <EmailAddress>JMabee@gmail.com</EmailAddress>
        </ElectronicMail>
        <ElectronicMail EmailAddressType="Organization">
            <EmailAddress>jmabee@edms.district4529.org</EmailAddress>
        </ElectronicMail>
        <ElectronicMail EmailAddressType="Other">
            <EmailAddress>Jayme_Mabee@gmail.com</EmailAddress>
        </ElectronicMail>
        <HispanicLatinoEthnicity>false</HispanicLatinoEthnicity>
        <Race/>
        <EconomicDisadvantaged>false</EconomicDisadvantaged>
        <SchoolFoodServicesEligibility>Full price</SchoolFoodServicesEligibility>
        <LimitedEnglishProficiency>NotLimited</LimitedEnglishProficiency>
        <Section504Disabilities/>
    </Student>
    <Student>
        <StudentUniqueStateId>500000008</StudentUniqueStateId>
        <Name>
            <FirstName>Larissa</FirstName>
            <LastSurname>Marney</LastSurname>
        </Name>
        <Sex>Female</Sex>
        <BirthData>
            <BirthDate>2005-10-14</BirthDate>
        </BirthData>
        <Address AddressType="Home">
            <StreetNumberName>7687 Albemarle Terrace</StreetNumberName>
            <ApartmentRoomSuiteNumber>APT 1951</ApartmentRoomSuiteNumber>
            <City>Chicago</City>
            <StateAbbreviation>IL</StateAbbreviation>
            <PostalCode>60013-2084</PostalCode>
            <NameOfCounty>Cook</NameOfCounty>
            
        </Address>
        <Address AddressType="Other">
            <StreetNumberName>4692 Hutchinson Court</StreetNumberName>
            <City>New York</City>
            <StateAbbreviation>NY</StateAbbreviation>
            <PostalCode>10751-7708</PostalCode>
            <NameOfCounty>Queens</NameOfCounty>
            
        </Address>
        <Telephone TelephoneNumberType="Work" PrimaryTelephoneNumberIndicator="false">
            <TelephoneNumber>815-380-7412</TelephoneNumber>
        </Telephone>
        <Telephone TelephoneNumberType="Unlisted" PrimaryTelephoneNumberIndicator="true">
            <TelephoneNumber>847-333-9848</TelephoneNumber>
        </Telephone>
		<ElectronicMail EmailAddressType="Organization">
            <EmailAddress>lmarney@edms.district4529.org</EmailAddress>
        </ElectronicMail>
        <HispanicLatinoEthnicity>true</HispanicLatinoEthnicity>
        <Race/>
        <EconomicDisadvantaged>false</EconomicDisadvantaged>
        <SchoolFoodServicesEligibility>Full price</SchoolFoodServicesEligibility>
        <LimitedEnglishProficiency>NotLimited</LimitedEnglishProficiency>
        <Section504Disabilities/>
    </Student>
    <Student>
        <StudentUniqueStateId>500000009</StudentUniqueStateId>
        <Name>
            <FirstName>Alecia</FirstName>
            <LastSurname>Nakken</LastSurname>
        </Name>
        <Sex>Female</Sex>
        <BirthData>
            <BirthDate>2005-11-27</BirthDate>
        </BirthData>
        <Address AddressType="Mailing">
            <StreetNumberName>2923 Bleecker Street</StreetNumberName>
            <ApartmentRoomSuiteNumber>APT 2052</ApartmentRoomSuiteNumber>
            <City>Chicago</City>
            <StateAbbreviation>IL</StateAbbreviation>
            <PostalCode>60727-9444</PostalCode>
            <NameOfCounty>Cook</NameOfCounty>
            
        </Address>
        <Address AddressType="Billing">
            <StreetNumberName>2886 Front Street</StreetNumberName>
            <City>New York</City>
            <StateAbbreviation>NY</StateAbbreviation>
            <PostalCode>10668-8353</PostalCode>
            <NameOfCounty>Queens</NameOfCounty>
            
        </Address>
        <Telephone TelephoneNumberType="Mobile" PrimaryTelephoneNumberIndicator="false">
            <TelephoneNumber>779-857-5369</TelephoneNumber>
        </Telephone>
        <Telephone TelephoneNumberType="Mobile" PrimaryTelephoneNumberIndicator="true">
            <TelephoneNumber>708-359-9620</TelephoneNumber>
        </Telephone>
        <ElectronicMail EmailAddressType="Organization">
            <EmailAddress>anakken@edms.district4529.org</EmailAddress>
        </ElectronicMail>
        <ElectronicMail EmailAddressType="Home/Personal">
            <EmailAddress>Alecia.Nakken@gmail.com</EmailAddress>
        </ElectronicMail>
        <HispanicLatinoEthnicity>false</HispanicLatinoEthnicity>
        <Race/>
        <EconomicDisadvantaged>false</EconomicDisadvantaged>
        <SchoolFoodServicesEligibility>Full price</SchoolFoodServicesEligibility>
        <LimitedEnglishProficiency>NotLimited</LimitedEnglishProficiency>
        <Section504Disabilities/>
    </Student>
    <Student>
        <StudentUniqueStateId>500000010</StudentUniqueStateId>
        <Name>
            <FirstName>Dara</FirstName>
            <LastSurname>Nemecek</LastSurname>
        </Name>
        <Sex>Female</Sex>
        <BirthData>
            <BirthDate>2005-09-11</BirthDate>
        </BirthData>
        <Address AddressType="Temporary">
            <StreetNumberName>4606 Albemarle Road</StreetNumberName>
            <ApartmentRoomSuiteNumber>APT 5760</ApartmentRoomSuiteNumber>
            <City>Chicago</City>
            <StateAbbreviation>IL</StateAbbreviation>
            <PostalCode>60457-1957</PostalCode>
            <NameOfCounty>Cook</NameOfCounty>
            
        </Address>
        <Address AddressType="Home">
            <StreetNumberName>4256 Wyckoff Street</StreetNumberName>
            <City>New York</City>
            <StateAbbreviation>NY</StateAbbreviation>
            <PostalCode>10473-1436</PostalCode>
            <NameOfCounty>Kings</NameOfCounty>
            
        </Address>
        <Telephone TelephoneNumberType="Mobile" PrimaryTelephoneNumberIndicator="false">
            <TelephoneNumber>773-549-3782</TelephoneNumber>
        </Telephone>
        <Telephone TelephoneNumberType="Work" PrimaryTelephoneNumberIndicator="false">
            <TelephoneNumber>779-911-6597</TelephoneNumber>
        </Telephone>
        <Telephone TelephoneNumberType="Other" PrimaryTelephoneNumberIndicator="false">
            <TelephoneNumber>847-279-6758</TelephoneNumber>
        </Telephone>
        <Telephone TelephoneNumberType="Fax" PrimaryTelephoneNumberIndicator="false">
            <TelephoneNumber>773-504-6501</TelephoneNumber>
        </Telephone>
        <Telephone TelephoneNumberType="Mobile" PrimaryTelephoneNumberIndicator="true">
            <TelephoneNumber>574-277-5271</TelephoneNumber>
        </Telephone>
        <ElectronicMail EmailAddressType="Organization">
            <EmailAddress>dnemecek@edms.district4529.org</EmailAddress>
        </ElectronicMail>
        <HispanicLatinoEthnicity>false</HispanicLatinoEthnicity>
        <Race/>
        <EconomicDisadvantaged>false</EconomicDisadvantaged>
        <SchoolFoodServicesEligibility>Free</SchoolFoodServicesEligibility>
        <LimitedEnglishProficiency>Limited</LimitedEnglishProficiency>
        <Section504Disabilities/>
    </Student>
    <Student>
        <StudentUniqueStateId>500000011</StudentUniqueStateId>
        <Name>
            <FirstName>Dalia</FirstName>
            <LastSurname>Pingel</LastSurname>
        </Name>
        <Sex>Female</Sex>
        <BirthData>
            <BirthDate>2005-02-12</BirthDate>
        </BirthData>
        <Address AddressType="Home">
            <StreetNumberName>1558 4th Street</StreetNumberName>
            <ApartmentRoomSuiteNumber>APT 7776</ApartmentRoomSuiteNumber>
            <City>Chicago</City>
            <StateAbbreviation>IL</StateAbbreviation>
            <PostalCode>60139-2152</PostalCode>
            <NameOfCounty>Cook</NameOfCounty>
            
        </Address>
        <Telephone TelephoneNumberType="Unlisted" PrimaryTelephoneNumberIndicator="true">
            <TelephoneNumber>708-432-9033</TelephoneNumber>
        </Telephone>
        <ElectronicMail EmailAddressType="Organization">
            <EmailAddress>dpingel@edms.district4529.org</EmailAddress>
        </ElectronicMail>
        <HispanicLatinoEthnicity>false</HispanicLatinoEthnicity>
        <Race/>
        <EconomicDisadvantaged>false</EconomicDisadvantaged>
        <SchoolFoodServicesEligibility>Reduced price</SchoolFoodServicesEligibility>
        <LimitedEnglishProficiency>NotLimited</LimitedEnglishProficiency>
        <Section504Disabilities/>
    </Student>
    <Student>
        <StudentUniqueStateId>500000012</StudentUniqueStateId>
        <Name>
            <FirstName>Felipe</FirstName>
            <LastSurname>Rafalski</LastSurname>
        </Name>
        <Sex>Male</Sex>
        <BirthData>
            <BirthDate>2005-12-24</BirthDate>
        </BirthData>
        <Address AddressType="Home">
            <StreetNumberName>8124 Brighton 3 Place</StreetNumberName>
            <City>Chicago</City>
            <StateAbbreviation>IL</StateAbbreviation>
            <PostalCode>60848-7633</PostalCode>
            <NameOfCounty>Cook</NameOfCounty>
            
        </Address>
        <Address AddressType="Physical">
            <StreetNumberName>1537 Steuben Street</StreetNumberName>
            <ApartmentRoomSuiteNumber>APT 330</ApartmentRoomSuiteNumber>
            <City>New York</City>
            <StateAbbreviation>NY</StateAbbreviation>
            <PostalCode>10753-2389</PostalCode>
            <NameOfCounty>New York</NameOfCounty>
            
        </Address>
        <Telephone TelephoneNumberType="Mobile" PrimaryTelephoneNumberIndicator="false">
            <TelephoneNumber>630-667-8063</TelephoneNumber>
        </Telephone>
        <Telephone TelephoneNumberType="Mobile" PrimaryTelephoneNumberIndicator="true">
            <TelephoneNumber>773-445-2464</TelephoneNumber>
        </Telephone>
        <ElectronicMail EmailAddressType="Other">
            <EmailAddress>Felipe_Rafalski@gmail.com</EmailAddress>
        </ElectronicMail>
        <ElectronicMail EmailAddressType="Organization">
            <EmailAddress>frafalski@edms.district4529.org</EmailAddress>
        </ElectronicMail>
        <ElectronicMail EmailAddressType="Home/Personal">
            <EmailAddress>felipe.rafalski@yahoo.com</EmailAddress>
        </ElectronicMail>
        <HispanicLatinoEthnicity>true</HispanicLatinoEthnicity>
        <Race/>
        <EconomicDisadvantaged>false</EconomicDisadvantaged>
        <SchoolFoodServicesEligibility>Reduced price</SchoolFoodServicesEligibility>
        <LimitedEnglishProficiency>Limited</LimitedEnglishProficiency>
        <Section504Disabilities/>
    </Student>
    <Student>
        <StudentUniqueStateId>500000013</StudentUniqueStateId>
        <Name>
            <FirstName>Lauretta</FirstName>
            <LastSurname>Seip</LastSurname>
        </Name>
        <Sex>Female</Sex>
        <BirthData>
            <BirthDate>2005-04-14</BirthDate>
        </BirthData>
        <Telephone TelephoneNumberType="Work" PrimaryTelephoneNumberIndicator="false">
            <TelephoneNumber>219-230-7571</TelephoneNumber>
        </Telephone>
        <Telephone TelephoneNumberType="Unlisted" PrimaryTelephoneNumberIndicator="false">
            <TelephoneNumber>773-335-3718</TelephoneNumber>
        </Telephone>
        <Telephone TelephoneNumberType="Work" PrimaryTelephoneNumberIndicator="false">
            <TelephoneNumber>630-021-0458</TelephoneNumber>
        </Telephone>
        <Telephone TelephoneNumberType="Work" PrimaryTelephoneNumberIndicator="false">
            <TelephoneNumber>779-269-4969</TelephoneNumber>
        </Telephone>
        <Telephone TelephoneNumberType="Emergency 1" PrimaryTelephoneNumberIndicator="true">
            <TelephoneNumber>779-470-3291</TelephoneNumber>
        </Telephone>
        <ElectronicMail EmailAddressType="Home/Personal">
            <EmailAddress>lauretta.seip@yahoo.com</EmailAddress>
        </ElectronicMail>
        <ElectronicMail EmailAddressType="Organization">
            <EmailAddress>lseip@edms.district4529.org</EmailAddress>
        </ElectronicMail>
        <HispanicLatinoEthnicity>false</HispanicLatinoEthnicity>
        <Race/>
        <EconomicDisadvantaged>false</EconomicDisadvantaged>
        <SchoolFoodServicesEligibility>Unknown</SchoolFoodServicesEligibility>
        <LimitedEnglishProficiency>Limited</LimitedEnglishProficiency>
        <Section504Disabilities/>
    </Student>
    <Student>
        <StudentUniqueStateId>500000014</StudentUniqueStateId>
        <Name>
            <FirstName>Rudolph</FirstName>
            <LastSurname>Sennett</LastSurname>
        </Name>
        <Sex>Male</Sex>
        <BirthData>
            <BirthDate>2004-11-21</BirthDate>
        </BirthData>
        <Telephone TelephoneNumberType="Unlisted" PrimaryTelephoneNumberIndicator="false">
            <TelephoneNumber>815-243-8536</TelephoneNumber>
        </Telephone>
        <Telephone TelephoneNumberType="Other" PrimaryTelephoneNumberIndicator="false">
            <TelephoneNumber>708-330-7758</TelephoneNumber>
        </Telephone>
        <Telephone TelephoneNumberType="Other" PrimaryTelephoneNumberIndicator="false">
            <TelephoneNumber>262-877-2085</TelephoneNumber>
        </Telephone>
        <Telephone TelephoneNumberType="Mobile" PrimaryTelephoneNumberIndicator="false">
            <TelephoneNumber>224-449-9923</TelephoneNumber>
        </Telephone>
        <Telephone TelephoneNumberType="Mobile" PrimaryTelephoneNumberIndicator="true">
            <TelephoneNumber>779-019-4059</TelephoneNumber>
        </Telephone>
        <ElectronicMail EmailAddressType="Home/Personal">
            <EmailAddress>rudolph.sennett@gmail.com</EmailAddress>
        </ElectronicMail>
		<ElectronicMail EmailAddressType="Organization">
            <EmailAddress>rsennett@edms.district4529.org</EmailAddress>
        </ElectronicMail>
        <HispanicLatinoEthnicity>false</HispanicLatinoEthnicity>
        <Race/>
        <EconomicDisadvantaged>false</EconomicDisadvantaged>
        <SchoolFoodServicesEligibility>Reduced price</SchoolFoodServicesEligibility>
        <LimitedEnglishProficiency>NotLimited</LimitedEnglishProficiency>
        <Section504Disabilities/>
    </Student>
    <Student>
        <StudentUniqueStateId>500000015</StudentUniqueStateId>
        <Name>
            <FirstName>Vesta</FirstName>
            <LastSurname>Smay</LastSurname>
        </Name>
        <Sex>Female</Sex>
        <BirthData>
            <BirthDate>2005-07-09</BirthDate>
        </BirthData>
        <Address AddressType="Other">
            <StreetNumberName>8690 Gaylord Drive</StreetNumberName>
            <City>Chicago</City>
            <StateAbbreviation>IL</StateAbbreviation>
            <PostalCode>60053-4640</PostalCode>
            <NameOfCounty>Cook</NameOfCounty>
            
        </Address>
        <Telephone TelephoneNumberType="Fax" PrimaryTelephoneNumberIndicator="true">
            <TelephoneNumber>779-512-3391</TelephoneNumber>
        </Telephone>
        <ElectronicMail EmailAddressType="Other">
            <EmailAddress>besta_smay@yahoo.com</EmailAddress>
        </ElectronicMail>
        <ElectronicMail EmailAddressType="Organization">
            <EmailAddress>vsmay@edms.district4529.org</EmailAddress>
        </ElectronicMail>
        <ElectronicMail EmailAddressType="Home/Personal">
            <EmailAddress>vesta.smay@gmail.com</EmailAddress>
        </ElectronicMail>
        <HispanicLatinoEthnicity>false</HispanicLatinoEthnicity>
        <Race/>
        <EconomicDisadvantaged>false</EconomicDisadvantaged>
        <SchoolFoodServicesEligibility>Reduced price</SchoolFoodServicesEligibility>
        <LimitedEnglishProficiency>NotLimited</LimitedEnglishProficiency>
        <Section504Disabilities/>
    </Student>
    <Student>
        <StudentUniqueStateId>500000016</StudentUniqueStateId>
        <Name>
            <FirstName>Dominic</FirstName>
            <LastSurname>Smolka</LastSurname>
        </Name>
        <Sex>Male</Sex>
        <BirthData>
            <BirthDate>2006-01-16</BirthDate>
        </BirthData>
        <Address AddressType="Home">
            <StreetNumberName>3427 Park Avenue</StreetNumberName>
            <ApartmentRoomSuiteNumber>APT 8224</ApartmentRoomSuiteNumber>
            <City>Chicago</City>
            <StateAbbreviation>IL</StateAbbreviation>
            <PostalCode>60620-0477</PostalCode>
            <NameOfCounty>Cook</NameOfCounty>
            
        </Address>
        <Telephone TelephoneNumberType="Mobile" PrimaryTelephoneNumberIndicator="false">
            <TelephoneNumber>847-208-3627</TelephoneNumber>
        </Telephone>
        <Telephone TelephoneNumberType="Other" PrimaryTelephoneNumberIndicator="false">
            <TelephoneNumber>815-573-2778</TelephoneNumber>
        </Telephone>
        <Telephone TelephoneNumberType="Emergency 1" PrimaryTelephoneNumberIndicator="false">
            <TelephoneNumber>773-341-0525</TelephoneNumber>
        </Telephone>
        <Telephone TelephoneNumberType="Emergency 2" PrimaryTelephoneNumberIndicator="false">
            <TelephoneNumber>779-668-5605</TelephoneNumber>
        </Telephone>
        <Telephone TelephoneNumberType="Unlisted" PrimaryTelephoneNumberIndicator="true">
            <TelephoneNumber>331-602-4116</TelephoneNumber>
        </Telephone>
        <ElectronicMail EmailAddressType="Work">
            <EmailAddress>smolka@yahoo.com</EmailAddress>
        </ElectronicMail>
        <ElectronicMail EmailAddressType="Organization">
            <EmailAddress>dsmolka@edms.district4529.org</EmailAddress>
        </ElectronicMail>
        <ElectronicMail EmailAddressType="Other">
            <EmailAddress>domsmolka@gmail.com</EmailAddress>
        </ElectronicMail>
        <HispanicLatinoEthnicity>false</HispanicLatinoEthnicity>
        <Race/>
        <EconomicDisadvantaged>false</EconomicDisadvantaged>
        <SchoolFoodServicesEligibility>Free</SchoolFoodServicesEligibility>
        <LimitedEnglishProficiency>NotLimited</LimitedEnglishProficiency>
        <Section504Disabilities/>
    </Student>
    <Student>
        <StudentUniqueStateId>500000017</StudentUniqueStateId>
        <Name>
            <FirstName>Mi-Ha</FirstName>
            <LastSurname>Tran</LastSurname>
        </Name>
        <Sex>Female</Sex>
        <BirthData>
            <BirthDate>2005-08-17</BirthDate>
        </BirthData>
        <Address AddressType="Home">
            <StreetNumberName>34 Northshore Ave</StreetNumberName>
            <ApartmentRoomSuiteNumber>Apt 9B</ApartmentRoomSuiteNumber>
            <City>Daybreak</City>
            <StateAbbreviation>IL</StateAbbreviation>
            <PostalCode>75229</PostalCode>
            
        </Address>
        <Address AddressType="Work">
            <StreetNumberName>82 N. Central Pkwy.</StreetNumberName>
            <ApartmentRoomSuiteNumber>Suite B</ApartmentRoomSuiteNumber>
            <City>Daybreak</City>
            <StateAbbreviation>IL</StateAbbreviation>
            <PostalCode>75229</PostalCode>
            
        </Address>
        <Telephone TelephoneNumberType="Unlisted" PrimaryTelephoneNumberIndicator="true">
            <TelephoneNumber>309-555-5210</TelephoneNumber>
        </Telephone>
        <Telephone TelephoneNumberType="Unlisted" PrimaryTelephoneNumberIndicator="false">
            <TelephoneNumber>309-555-5341</TelephoneNumber>
        </Telephone>
        <ElectronicMail EmailAddressType="Home/Personal">
            <EmailAddress>ti.troung@gmail.com</EmailAddress>
        </ElectronicMail>
		<ElectronicMail EmailAddressType="Organization">
            <EmailAddress>mtran@edms.district4529.org</EmailAddress>
        </ElectronicMail>
        <ElectronicMail EmailAddressType="Work">
            <EmailAddress>ti.troung@unicef.com</EmailAddress>
        </ElectronicMail>
        <ElectronicMail EmailAddressType="Other">
            <EmailAddress>ti.troung@yahoo.com</EmailAddress>
        </ElectronicMail>
        <HispanicLatinoEthnicity>false</HispanicLatinoEthnicity>
        <Race/>
    </Student>
    <Student>
        <StudentUniqueStateId>500000018</StudentUniqueStateId>
        <Name>
            <FirstName>Lauretta</FirstName>
            <LastSurname>Virga</LastSurname>
        </Name>
        <Sex>Female</Sex>
        <BirthData>
            <BirthDate>2005-03-11</BirthDate>
        </BirthData>
        <Address AddressType="Home">
            <StreetNumberName>7540 Huntington Street</StreetNumberName>
            <ApartmentRoomSuiteNumber>APT 495</ApartmentRoomSuiteNumber>
            <City>Chicago</City>
            <StateAbbreviation>IL</StateAbbreviation>
            <PostalCode>60499-8718</PostalCode>
            <NameOfCounty>Cook</NameOfCounty>
            
        </Address>
        <ElectronicMail EmailAddressType="Other">
            <EmailAddress>lauretta_virga@gmail.com</EmailAddress>
        </ElectronicMail>
        <ElectronicMail EmailAddressType="Home/Personal">
            <EmailAddress>l.virga@gmail.com</EmailAddress>
        </ElectronicMail>
        <ElectronicMail EmailAddressType="Organization">
            <EmailAddress>lvirga@edms.district4529.org</EmailAddress>
        </ElectronicMail>
        <HispanicLatinoEthnicity>true</HispanicLatinoEthnicity>
        <Race/>
        <EconomicDisadvantaged>false</EconomicDisadvantaged>
        <SchoolFoodServicesEligibility>Reduced price</SchoolFoodServicesEligibility>
        <LimitedEnglishProficiency>NotLimited</LimitedEnglishProficiency>
        <Section504Disabilities/>
    </Student>
    <Student>
        <StudentUniqueStateId>500000019</StudentUniqueStateId>
        <Name>
            <FirstName>Maria</FirstName>
            <LastSurname>Werner</LastSurname>
        </Name>
        <Sex>Female</Sex>
        <BirthData>
            <BirthDate>2005-08-11</BirthDate>
        </BirthData>
        <Telephone TelephoneNumberType="Home" PrimaryTelephoneNumberIndicator="false">
            <TelephoneNumber>219-142-2682</TelephoneNumber>
        </Telephone>
        <Telephone TelephoneNumberType="Home" PrimaryTelephoneNumberIndicator="false">
            <TelephoneNumber>331-140-4235</TelephoneNumber>
        </Telephone>
        <Telephone TelephoneNumberType="Emergency 1" PrimaryTelephoneNumberIndicator="false">
            <TelephoneNumber>574-194-5932</TelephoneNumber>
        </Telephone>
        <Telephone TelephoneNumberType="Other" PrimaryTelephoneNumberIndicator="true">
            <TelephoneNumber>312-591-8324</TelephoneNumber>
        </Telephone>
        <ElectronicMail EmailAddressType="Home/Personal">
            <EmailAddress>Maria.werner@yahoo.com</EmailAddress>
        </ElectronicMail>
		<ElectronicMail EmailAddressType="Organization">
            <EmailAddress>mwerner@edms.district4529.org</EmailAddress>
        </ElectronicMail>
        <ElectronicMail EmailAddressType="Other">
            <EmailAddress>maria_werner@gmail.com</EmailAddress>
        </ElectronicMail>
        <HispanicLatinoEthnicity>true</HispanicLatinoEthnicity>
        <Race/>
        <EconomicDisadvantaged>false</EconomicDisadvantaged>
        <SchoolFoodServicesEligibility>Reduced price</SchoolFoodServicesEligibility>
        <LimitedEnglishProficiency>NotLimited</LimitedEnglishProficiency>
        <Section504Disabilities/>
    </Student>
    <Student>
        <StudentUniqueStateId>500000020</StudentUniqueStateId>
        <Name>
            <FirstName>Smouse</FirstName>
            <LastSurname>Zhou</LastSurname>
        </Name>
        <Sex>Male</Sex>
        <BirthData>
            <BirthDate>2005-06-26</BirthDate>
        </BirthData>
        <Address AddressType="Other">
            <StreetNumberName>9755 Radde Place</StreetNumberName>
            <City>Chicago</City>
            <StateAbbreviation>IL</StateAbbreviation>
            <PostalCode>60978-5182</PostalCode>
            <NameOfCounty>Cook</NameOfCounty>
            
        </Address>
        <Address AddressType="Work">
            <StreetNumberName>5537 Guider Avenue</StreetNumberName>
            <City>New York</City>
            <StateAbbreviation>NY</StateAbbreviation>
            <PostalCode>10663-9072</PostalCode>
            <NameOfCounty>Queens</NameOfCounty>
            
        </Address>
        <Telephone TelephoneNumberType="Other" PrimaryTelephoneNumberIndicator="false">
            <TelephoneNumber>224-199-2969</TelephoneNumber>
        </Telephone>
        <Telephone TelephoneNumberType="Emergency 1" PrimaryTelephoneNumberIndicator="false">
            <TelephoneNumber>815-725-5500</TelephoneNumber>
        </Telephone>
        <Telephone TelephoneNumberType="Emergency 2" PrimaryTelephoneNumberIndicator="true">
            <TelephoneNumber>574-874-1864</TelephoneNumber>
        </Telephone>
        <ElectronicMail EmailAddressType="Home/Personal">
            <EmailAddress>smouse.zhou@gmail.com</EmailAddress>
        </ElectronicMail>
		<ElectronicMail EmailAddressType="Organization">
            <EmailAddress>szhou@edms.district4529.org</EmailAddress>
        </ElectronicMail>
        <ElectronicMail EmailAddressType="Work">
            <EmailAddress>szhou@gmail.com</EmailAddress>
        </ElectronicMail>
        <ElectronicMail EmailAddressType="Other">
            <EmailAddress>s_zhou@gmail.com</EmailAddress>
        </ElectronicMail>
        <HispanicLatinoEthnicity>false</HispanicLatinoEthnicity>
        <Race/>
        <EconomicDisadvantaged>false</EconomicDisadvantaged>
        <SchoolFoodServicesEligibility>Full price</SchoolFoodServicesEligibility>
        <LimitedEnglishProficiency>NotLimited</LimitedEnglishProficiency>
        <Section504Disabilities/>
    </Student>
    <Student>
        <StudentUniqueStateId>500000021</StudentUniqueStateId>
        <Name>
            <FirstName>Rod</FirstName>
            <LastSurname>Zwolinski</LastSurname>
        </Name>
        <Sex>Male</Sex>
        <BirthData>
            <BirthDate>2005-03-27</BirthDate>
        </BirthData>
        <Address AddressType="Home">
            <StreetNumberName>1725 Meadow Street</StreetNumberName>
            <City>Chicago</City>
            <StateAbbreviation>IL</StateAbbreviation>
            <PostalCode>60683-4656</PostalCode>
            <NameOfCounty>Cook</NameOfCounty>
            
        </Address>
        <Address AddressType="Billing">
            <StreetNumberName>318 Ocean Avenue</StreetNumberName>
            <ApartmentRoomSuiteNumber>APT 1721</ApartmentRoomSuiteNumber>
            <City>New York</City>
            <StateAbbreviation>NY</StateAbbreviation>
            <PostalCode>10078-7909</PostalCode>
            <NameOfCounty>Queens</NameOfCounty>
            
        </Address>
        <Telephone TelephoneNumberType="Work" PrimaryTelephoneNumberIndicator="false">
            <TelephoneNumber>312-265-8668</TelephoneNumber>
        </Telephone>
        <Telephone TelephoneNumberType="Mobile" PrimaryTelephoneNumberIndicator="false">
            <TelephoneNumber>708-741-0568</TelephoneNumber>
        </Telephone>
        <Telephone TelephoneNumberType="Emergency 2" PrimaryTelephoneNumberIndicator="false">
            <TelephoneNumber>708-212-6213</TelephoneNumber>
        </Telephone>
        <Telephone TelephoneNumberType="Fax" PrimaryTelephoneNumberIndicator="false">
            <TelephoneNumber>262-360-8911</TelephoneNumber>
        </Telephone>
        <Telephone TelephoneNumberType="Emergency 1" PrimaryTelephoneNumberIndicator="true">
            <TelephoneNumber>224-666-4990</TelephoneNumber>
        </Telephone>
		<ElectronicMail EmailAddressType="Organization">
            <EmailAddress>rzwolinski@edms.district4529.org</EmailAddress>
        </ElectronicMail>
        <ElectronicMail EmailAddressType="Other">
            <EmailAddress>rod_zwolinski@gmail.com</EmailAddress>
        </ElectronicMail>
        <HispanicLatinoEthnicity>false</HispanicLatinoEthnicity>
        <Race/>
        <EconomicDisadvantaged>true</EconomicDisadvantaged>
        <SchoolFoodServicesEligibility>Free</SchoolFoodServicesEligibility>
        <LimitedEnglishProficiency>NotLimited</LimitedEnglishProficiency>
        <Section504Disabilities/>
    </Student>
    <Student>
        <StudentUniqueStateId>500000022</StudentUniqueStateId>
        <Name>
            <FirstName>Brandon</FirstName>
            <LastSurname>Suzuki</LastSurname>
        </Name>
        <Sex>Male</Sex>
        <BirthData>
            <BirthDate>2005-03-27</BirthDate>
        </BirthData>
        <Address AddressType="Home">
            <StreetNumberName>1725 Meadow Street</StreetNumberName>
            <City>Chicago</City>
            <StateAbbreviation>IL</StateAbbreviation>
            <PostalCode>60683-4656</PostalCode>
            <NameOfCounty>Cook</NameOfCounty>
            
        </Address>
        <Address AddressType="Billing">
            <StreetNumberName>318 Ocean Avenue</StreetNumberName>
            <ApartmentRoomSuiteNumber>APT 1721</ApartmentRoomSuiteNumber>
            <City>New York</City>
            <StateAbbreviation>NY</StateAbbreviation>
            <PostalCode>10078-7909</PostalCode>
            <NameOfCounty>Queens</NameOfCounty>
            
        </Address>
        <Telephone TelephoneNumberType="Work" PrimaryTelephoneNumberIndicator="false">
            <TelephoneNumber>312-265-8668</TelephoneNumber>
        </Telephone>
        <Telephone TelephoneNumberType="Mobile" PrimaryTelephoneNumberIndicator="false">
            <TelephoneNumber>708-741-0568</TelephoneNumber>
        </Telephone>
        <Telephone TelephoneNumberType="Emergency 2" PrimaryTelephoneNumberIndicator="false">
            <TelephoneNumber>708-212-6213</TelephoneNumber>
        </Telephone>
        <Telephone TelephoneNumberType="Fax" PrimaryTelephoneNumberIndicator="false">
            <TelephoneNumber>262-360-8911</TelephoneNumber>
        </Telephone>
        <Telephone TelephoneNumberType="Emergency 1" PrimaryTelephoneNumberIndicator="true">
            <TelephoneNumber>224-666-4990</TelephoneNumber>
        </Telephone>
		<ElectronicMail EmailAddressType="Organization">
            <EmailAddress>bsuzuki@edms.district4529.org</EmailAddress>
        </ElectronicMail>
        <ElectronicMail EmailAddressType="Other">
            <EmailAddress>bsuzuki@gmail.com</EmailAddress>
        </ElectronicMail>
        <HispanicLatinoEthnicity>false</HispanicLatinoEthnicity>
        <Race/>
        <EconomicDisadvantaged>true</EconomicDisadvantaged>
        <SchoolFoodServicesEligibility>Free</SchoolFoodServicesEligibility>
        <LimitedEnglishProficiency>NotLimited</LimitedEnglishProficiency>
        <Section504Disabilities/>
    </Student>
    <Student>
        <StudentUniqueStateId>500000023</StudentUniqueStateId>
        <Name>
            <FirstName>Daniel</FirstName>
            <LastSurname>Shaw</LastSurname>
        </Name>
        <Sex>Male</Sex>
        <BirthData>
            <BirthDate>2005-03-27</BirthDate>
        </BirthData>
        <Address AddressType="Home">
            <StreetNumberName>1725 Meadow Street</StreetNumberName>
            <City>Chicago</City>
            <StateAbbreviation>IL</StateAbbreviation>
            <PostalCode>60683-4656</PostalCode>
            <NameOfCounty>Cook</NameOfCounty>
            
        </Address>
        <Address AddressType="Billing">
            <StreetNumberName>318 Ocean Avenue</StreetNumberName>
            <ApartmentRoomSuiteNumber>APT 1721</ApartmentRoomSuiteNumber>
            <City>New York</City>
            <StateAbbreviation>NY</StateAbbreviation>
            <PostalCode>10078-7909</PostalCode>
            <NameOfCounty>Queens</NameOfCounty>
            
        </Address>
        <Telephone TelephoneNumberType="Work" PrimaryTelephoneNumberIndicator="false">
            <TelephoneNumber>312-265-8668</TelephoneNumber>
        </Telephone>
        <Telephone TelephoneNumberType="Mobile" PrimaryTelephoneNumberIndicator="false">
            <TelephoneNumber>708-741-0568</TelephoneNumber>
        </Telephone>
        <Telephone TelephoneNumberType="Emergency 2" PrimaryTelephoneNumberIndicator="false">
            <TelephoneNumber>708-212-6213</TelephoneNumber>
        </Telephone>
        <Telephone TelephoneNumberType="Fax" PrimaryTelephoneNumberIndicator="false">
            <TelephoneNumber>262-360-8911</TelephoneNumber>
        </Telephone>
        <Telephone TelephoneNumberType="Emergency 1" PrimaryTelephoneNumberIndicator="true">
            <TelephoneNumber>224-666-4990</TelephoneNumber>
        </Telephone>
		<ElectronicMail EmailAddressType="Organization">
            <EmailAddress>dshaw@edms.district4529.org</EmailAddress>
        </ElectronicMail>
        <ElectronicMail EmailAddressType="Other">
            <EmailAddress>dshaw@gmail.com</EmailAddress>
        </ElectronicMail>
        <HispanicLatinoEthnicity>false</HispanicLatinoEthnicity>
        <Race/>
        <EconomicDisadvantaged>true</EconomicDisadvantaged>
        <SchoolFoodServicesEligibility>Free</SchoolFoodServicesEligibility>
        <LimitedEnglishProficiency>NotLimited</LimitedEnglishProficiency>
        <Section504Disabilities/>
    </Student>
    <Student>
        <StudentUniqueStateId>500000024</StudentUniqueStateId>
        <Name>
            <FirstName>Danilo</FirstName>
            <LastSurname>Duran</LastSurname>
        </Name>
        <Sex>Male</Sex>
        <BirthData>
            <BirthDate>2005-03-27</BirthDate>
        </BirthData>
        <Address AddressType="Home">
            <StreetNumberName>1725 Meadow Street</StreetNumberName>
            <City>Chicago</City>
            <StateAbbreviation>IL</StateAbbreviation>
            <PostalCode>60683-4656</PostalCode>
            <NameOfCounty>Cook</NameOfCounty>
            
        </Address>
        <Address AddressType="Billing">
            <StreetNumberName>318 Ocean Avenue</StreetNumberName>
            <ApartmentRoomSuiteNumber>APT 1721</ApartmentRoomSuiteNumber>
            <City>New York</City>
            <StateAbbreviation>NY</StateAbbreviation>
            <PostalCode>10078-7909</PostalCode>
            <NameOfCounty>Queens</NameOfCounty>
            
        </Address>
        <Telephone TelephoneNumberType="Work" PrimaryTelephoneNumberIndicator="false">
            <TelephoneNumber>312-265-8668</TelephoneNumber>
        </Telephone>
        <Telephone TelephoneNumberType="Mobile" PrimaryTelephoneNumberIndicator="false">
            <TelephoneNumber>708-741-0568</TelephoneNumber>
        </Telephone>
        <Telephone TelephoneNumberType="Emergency 2" PrimaryTelephoneNumberIndicator="false">
            <TelephoneNumber>708-212-6213</TelephoneNumber>
        </Telephone>
        <Telephone TelephoneNumberType="Fax" PrimaryTelephoneNumberIndicator="false">
            <TelephoneNumber>262-360-8911</TelephoneNumber>
        </Telephone>
        <Telephone TelephoneNumberType="Emergency 1" PrimaryTelephoneNumberIndicator="true">
            <TelephoneNumber>224-666-4990</TelephoneNumber>
        </Telephone>
		<ElectronicMail EmailAddressType="Organization">
            <EmailAddress>dduran@edms.district4529.org</EmailAddress>
        </ElectronicMail>
        <ElectronicMail EmailAddressType="Other">
            <EmailAddress>dduran@gmail.com</EmailAddress>
        </ElectronicMail>
        <HispanicLatinoEthnicity>false</HispanicLatinoEthnicity>
        <Race/>
        <EconomicDisadvantaged>true</EconomicDisadvantaged>
        <SchoolFoodServicesEligibility>Free</SchoolFoodServicesEligibility>
        <LimitedEnglishProficiency>NotLimited</LimitedEnglishProficiency>
        <Section504Disabilities/>
    </Student>


	<!--  8th graders -->
	<Student>
		<StudentUniqueStateId>800000000</StudentUniqueStateId>
		<Name>
			<FirstName>Lashawn</FirstName>
			<LastSurname>Aldama</LastSurname>
		</Name>
		<Sex>Male</Sex>
		<BirthData>
			<BirthDate>2001-01-23</BirthDate>
		</BirthData>
		<Address AddressType="Home">
			<StreetNumberName>1313 Brighton 3rd Street</StreetNumberName>
			<City>Chicago</City>
			<StateAbbreviation>IL</StateAbbreviation>
			<PostalCode>60057-1857</PostalCode>
			<NameOfCounty>Cook</NameOfCounty>
			
		</Address>
		<Telephone TelephoneNumberType="Unlisted" PrimaryTelephoneNumberIndicator="false">
			<TelephoneNumber>708-471-5210</TelephoneNumber>
		</Telephone>
		<Telephone TelephoneNumberType="Unlisted" PrimaryTelephoneNumberIndicator="false">
			<TelephoneNumber>630-153-1787</TelephoneNumber>
		</Telephone>
		<Telephone TelephoneNumberType="Emergency 1" PrimaryTelephoneNumberIndicator="false">
			<TelephoneNumber>262-040-1709</TelephoneNumber>
		</Telephone>
		<Telephone TelephoneNumberType="Home" PrimaryTelephoneNumberIndicator="true">
			<TelephoneNumber>312-608-2213</TelephoneNumber>
		</Telephone>
		<ElectronicMail EmailAddressType="Organization">
            <EmailAddress>laldama@edms.district4529.org</EmailAddress>
        </ElectronicMail>
		<HispanicLatinoEthnicity>false</HispanicLatinoEthnicity>
		<Race/>
		<EconomicDisadvantaged>false</EconomicDisadvantaged>
		<SchoolFoodServicesEligibility>Free</SchoolFoodServicesEligibility>
		<LimitedEnglishProficiency>Limited</LimitedEnglishProficiency>
		<Section504Disabilities/>
	</Student>
	<Student>
		<StudentUniqueStateId>800000001</StudentUniqueStateId>
		<Name>
			<FirstName>Alton</FirstName>
			<LastSurname>Ausiello</LastSurname>
		</Name>
		<Sex>Male</Sex>
		<BirthData>
			<BirthDate>2002-07-05</BirthDate>
		</BirthData>
		<Address AddressType="Home">
			<StreetNumberName>6561 Front Street</StreetNumberName>
			<City>Chicago</City>
			<StateAbbreviation>IL</StateAbbreviation>
			<PostalCode>60927-8918</PostalCode>
			<NameOfCounty>Cook</NameOfCounty>
			
		</Address>
		<Telephone TelephoneNumberType="Fax" PrimaryTelephoneNumberIndicator="false">
			<TelephoneNumber>815-126-3941</TelephoneNumber>
		</Telephone>
		<Telephone TelephoneNumberType="Work" PrimaryTelephoneNumberIndicator="false">
			<TelephoneNumber>779-241-9753</TelephoneNumber>
		</Telephone>
		<Telephone TelephoneNumberType="Home" PrimaryTelephoneNumberIndicator="false">
			<TelephoneNumber>224-880-3309</TelephoneNumber>
		</Telephone>
		<Telephone TelephoneNumberType="Other" PrimaryTelephoneNumberIndicator="true">
			<TelephoneNumber>815-049-6452</TelephoneNumber>
		</Telephone>
		<ElectronicMail EmailAddressType="Organization">
			<EmailAddress>aausiello@edms.district4529.org</EmailAddress>
		</ElectronicMail>
		<HispanicLatinoEthnicity>false</HispanicLatinoEthnicity>
		<Race/>
		<EconomicDisadvantaged>true</EconomicDisadvantaged>
		<SchoolFoodServicesEligibility>Free</SchoolFoodServicesEligibility>
		<LimitedEnglishProficiency>NotLimited</LimitedEnglishProficiency>
		<Section504Disabilities/>
	</Student>
	<Student>
		<StudentUniqueStateId>800000002</StudentUniqueStateId>
		<Name>
			<FirstName>Dominic</FirstName>
			<LastSurname>Bavinon</LastSurname>
		</Name>
		<Sex>Male</Sex>
		<BirthData>
			<BirthDate>1999-11-15</BirthDate>
		</BirthData>
		<Address AddressType="Home">
			<StreetNumberName>3372 Montague Terrace</StreetNumberName>
			<City>Chicago</City>
			<StateAbbreviation>IL</StateAbbreviation>
			<PostalCode>60605-1327</PostalCode>
			<NameOfCounty>Cook</NameOfCounty>
			
		</Address>
		<Telephone TelephoneNumberType="Unlisted" PrimaryTelephoneNumberIndicator="false">
			<TelephoneNumber>630-115-0626</TelephoneNumber>
		</Telephone>
		<Telephone TelephoneNumberType="Fax" PrimaryTelephoneNumberIndicator="false">
			<TelephoneNumber>815-462-0519</TelephoneNumber>
		</Telephone>
		<Telephone TelephoneNumberType="Mobile" PrimaryTelephoneNumberIndicator="true">
			<TelephoneNumber>312-230-0970</TelephoneNumber>
		</Telephone>
		<ElectronicMail EmailAddressType="Organization">
            <EmailAddress>dbavinon@edms.district4529.org</EmailAddress>
        </ElectronicMail>
		<HispanicLatinoEthnicity>false</HispanicLatinoEthnicity>
		<Race/>
		<EconomicDisadvantaged>false</EconomicDisadvantaged>
		<SchoolFoodServicesEligibility>Reduced price</SchoolFoodServicesEligibility>
		<LimitedEnglishProficiency>NotLimited</LimitedEnglishProficiency>
		<Section504Disabilities/>
	</Student>
	<Student>
		<StudentUniqueStateId>800000003</StudentUniqueStateId>
		<Name>
			<FirstName>Rudy</FirstName>
			<LastSurname>Bedoya</LastSurname>
			<GenerationCodeSuffix>Jr</GenerationCodeSuffix>
		</Name>
		<Sex>Male</Sex>
		<BirthData>
			<BirthDate>1994-05-17</BirthDate>
		</BirthData>
		<Address AddressType="Mailing">
			<StreetNumberName>6243 98th Street</StreetNumberName>
			<City>Chicago</City>
			<StateAbbreviation>IL</StateAbbreviation>
			<PostalCode>60248-9017</PostalCode>
			<NameOfCounty>Cook</NameOfCounty>
			
		</Address>
		<Address AddressType="Home">
			<StreetNumberName>2738 Duryea Place</StreetNumberName>
			<ApartmentRoomSuiteNumber>APT 878</ApartmentRoomSuiteNumber>
			<City>New York</City>
			<StateAbbreviation>NY</StateAbbreviation>
			<PostalCode>10395-8698</PostalCode>
			<NameOfCounty>Bronx</NameOfCounty>
			
		</Address>
		<Telephone TelephoneNumberType="Fax" PrimaryTelephoneNumberIndicator="false">
			<TelephoneNumber>224-531-2436</TelephoneNumber>
		</Telephone>
		<Telephone TelephoneNumberType="Work" PrimaryTelephoneNumberIndicator="false">
			<TelephoneNumber>574-500-6964</TelephoneNumber>
		</Telephone>
		<Telephone TelephoneNumberType="Other" PrimaryTelephoneNumberIndicator="false">
			<TelephoneNumber>219-782-8585</TelephoneNumber>
		</Telephone>
		<Telephone TelephoneNumberType="Home" PrimaryTelephoneNumberIndicator="true">
			<TelephoneNumber>331-747-1945</TelephoneNumber>
		</Telephone>
		<ElectronicMail EmailAddressType="Organization">
            <EmailAddress>rbedoya@edms.district4529.org</EmailAddress>
        </ElectronicMail>
		<ElectronicMail EmailAddressType="Other">
			<EmailAddress>Rudy_Bedoya@yahoo.com</EmailAddress>
		</ElectronicMail>
		<HispanicLatinoEthnicity>false</HispanicLatinoEthnicity>
		<Race/>
		<EconomicDisadvantaged>true</EconomicDisadvantaged>
		<SchoolFoodServicesEligibility>Reduced price</SchoolFoodServicesEligibility>
		<LimitedEnglishProficiency>Limited</LimitedEnglishProficiency>
		<Section504Disabilities/>
	</Student>
	<Student>
		<StudentUniqueStateId>800000004</StudentUniqueStateId>
		<Name>
			<FirstName>Mayme</FirstName>
			<MiddleName>A</MiddleName>
			<LastSurname>Borc</LastSurname>
		</Name>
		<Sex>Male</Sex>
		<BirthData>
			<BirthDate>1999-12-17</BirthDate>
		</BirthData>
		<Telephone TelephoneNumberType="Other" PrimaryTelephoneNumberIndicator="false">
			<TelephoneNumber>708-929-8507</TelephoneNumber>
		</Telephone>
		<ElectronicMail EmailAddressType="Organization">
            <EmailAddress>mborc@edms.district4529.org</EmailAddress>
        </ElectronicMail>
		<HispanicLatinoEthnicity>false</HispanicLatinoEthnicity>
		<Race/>
		<EconomicDisadvantaged>false</EconomicDisadvantaged>
		<SchoolFoodServicesEligibility>Free</SchoolFoodServicesEligibility>
		<LimitedEnglishProficiency>Limited</LimitedEnglishProficiency>
		<Section504Disabilities/>
	</Student>
	<Student>
		<StudentUniqueStateId>800000005</StudentUniqueStateId>
		<Name>
			<FirstName>Dominic</FirstName>
			<LastSurname>Brisendine</LastSurname>
			<GenerationCodeSuffix>Jr</GenerationCodeSuffix>
		</Name>
		<Sex>Male</Sex>
		<BirthData>
			<BirthDate>2002-07-05</BirthDate>
		</BirthData>
		<Telephone TelephoneNumberType="Fax" PrimaryTelephoneNumberIndicator="false">
			<TelephoneNumber>708-449-6315</TelephoneNumber>
		</Telephone>
		<Telephone TelephoneNumberType="Home" PrimaryTelephoneNumberIndicator="true">
			<TelephoneNumber>779-024-9453</TelephoneNumber>
		</Telephone>
		<Telephone TelephoneNumberType="Emergency 2" PrimaryTelephoneNumberIndicator="false">
			<TelephoneNumber>574-623-2533</TelephoneNumber>
		</Telephone>
		<Telephone TelephoneNumberType="Fax" PrimaryTelephoneNumberIndicator="false">
			<TelephoneNumber>847-608-1367</TelephoneNumber>
		</Telephone>
		<Telephone TelephoneNumberType="Mobile" PrimaryTelephoneNumberIndicator="false">
			<TelephoneNumber>779-086-7712</TelephoneNumber>
		</Telephone>
		<Telephone TelephoneNumberType="Emergency 1" PrimaryTelephoneNumberIndicator="false">
			<TelephoneNumber>312-974-2746</TelephoneNumber>
		</Telephone>
		<ElectronicMail EmailAddressType="Work">
			<EmailAddress>Dominic_Brisendine@yahoo.com</EmailAddress>
		</ElectronicMail>
		<ElectronicMail EmailAddressType="Organization">
            <EmailAddress>dbrisendine@edms.district4529.org</EmailAddress>
        </ElectronicMail>
		<ElectronicMail EmailAddressType="Other">
			<EmailAddress>Dominic_Brisendine@yahoo.com</EmailAddress>
		</ElectronicMail>
		<ElectronicMail EmailAddressType="Organization">
			<EmailAddress>D.Brisendine@gmail.com</EmailAddress>
		</ElectronicMail>
		<HispanicLatinoEthnicity>false</HispanicLatinoEthnicity>
		<Race/>
		<EconomicDisadvantaged>true</EconomicDisadvantaged>
		<SchoolFoodServicesEligibility>Unknown</SchoolFoodServicesEligibility>
		<LimitedEnglishProficiency>NotLimited</LimitedEnglishProficiency>
		<Section504Disabilities/>
	</Student>
	<Student>
		<StudentUniqueStateId>800000006</StudentUniqueStateId>
		<Name>
			<FirstName>Felipe</FirstName>
			<MiddleName>Melvin</MiddleName>
			<LastSurname>Cianciolo</LastSurname>
		</Name>
		<Sex>Male</Sex>
		<BirthData>
			<BirthDate>2002-04-10</BirthDate>
		</BirthData>
		<Address AddressType="Billing">
			<StreetNumberName>4447 Brighton 5th Street</StreetNumberName>
			<City>Chicago</City>
			<StateAbbreviation>IL</StateAbbreviation>
			<PostalCode>60886-1475</PostalCode>
			<NameOfCounty>Cook</NameOfCounty>
			
		</Address>
		<Address AddressType="Temporary">
			<StreetNumberName>9041 Scholes Street</StreetNumberName>
			<City>New York</City>
			<StateAbbreviation>NY</StateAbbreviation>
			<PostalCode>10798-3311</PostalCode>
			<NameOfCounty>Queens</NameOfCounty>
			
		</Address>
		<ElectronicMail EmailAddressType="Home/Personal">
			<EmailAddress>f.cianciolo@yahoo.com</EmailAddress>
		</ElectronicMail>
		<ElectronicMail EmailAddressType="Organization">
            <EmailAddress>fcianciolo@edms.district4529.org</EmailAddress>
        </ElectronicMail>
		<HispanicLatinoEthnicity>false</HispanicLatinoEthnicity>
		<Race/>
		<EconomicDisadvantaged>false</EconomicDisadvantaged>
		<SchoolFoodServicesEligibility>Reduced price</SchoolFoodServicesEligibility>
		<LimitedEnglishProficiency>Limited</LimitedEnglishProficiency>
		<Section504Disabilities/>
	</Student>
	<Student>
		<StudentUniqueStateId>800000007</StudentUniqueStateId>
		<Name>
			<FirstName>Tomasa</FirstName>
			<LastSurname>Cleaveland</LastSurname>
			<GenerationCodeSuffix>Jr</GenerationCodeSuffix>
		</Name>
		<Sex>Male</Sex>
		<BirthData>
			<BirthDate>2000-11-13</BirthDate>
		</BirthData>
		<Address AddressType="Home">
			<StreetNumberName>2348 37th Street</StreetNumberName>
			<ApartmentRoomSuiteNumber>APT 504</ApartmentRoomSuiteNumber>
			<City>Chicago</City>
			<StateAbbreviation>IL</StateAbbreviation>
			<PostalCode>60408-8581</PostalCode>
			<NameOfCounty>Cook</NameOfCounty>
			
		</Address>
		<Telephone TelephoneNumberType="Unlisted" PrimaryTelephoneNumberIndicator="false">
			<TelephoneNumber>779-742-5225</TelephoneNumber>
		</Telephone>
		<Telephone TelephoneNumberType="Fax" PrimaryTelephoneNumberIndicator="false">
			<TelephoneNumber>224-984-4651</TelephoneNumber>
		</Telephone>
		<Telephone TelephoneNumberType="Mobile" PrimaryTelephoneNumberIndicator="false">
			<TelephoneNumber>815-816-8509</TelephoneNumber>
		</Telephone>
		<Telephone TelephoneNumberType="Work" PrimaryTelephoneNumberIndicator="false">
			<TelephoneNumber>773-060-4579</TelephoneNumber>
		</Telephone>
		<Telephone TelephoneNumberType="Work" PrimaryTelephoneNumberIndicator="true">
			<TelephoneNumber>219-975-8426</TelephoneNumber>
		</Telephone>
		<ElectronicMail EmailAddressType="Organization">
            <EmailAddress>tcleaveland@edms.district4529.org</EmailAddress>
        </ElectronicMail>
		<HispanicLatinoEthnicity>false</HispanicLatinoEthnicity>
		<Race/>
		<EconomicDisadvantaged>false</EconomicDisadvantaged>
		<SchoolFoodServicesEligibility>Full price</SchoolFoodServicesEligibility>
		<LimitedEnglishProficiency>NotLimited</LimitedEnglishProficiency>
		<Section504Disabilities/>
	</Student>
	<Student>
		<StudentUniqueStateId>800000008</StudentUniqueStateId>
		<Name>
			<FirstName>Lyn</FirstName>
			<LastSurname>Consla</LastSurname>
		</Name>
		<Sex>Female</Sex>
		<BirthData>
			<BirthDate>2000-12-20</BirthDate>
		</BirthData>
		<Address AddressType="Home">
			<StreetNumberName>7538 Humboldt Street</StreetNumberName>
			<City>Chicago</City>
			<StateAbbreviation>IL</StateAbbreviation>
			<PostalCode>60836-2298</PostalCode>
			<NameOfCounty>Cook</NameOfCounty>
			
		</Address>
		<Telephone TelephoneNumberType="Home" PrimaryTelephoneNumberIndicator="false">
			<TelephoneNumber>630-196-0500</TelephoneNumber>
		</Telephone>
		<Telephone TelephoneNumberType="Emergency 1" PrimaryTelephoneNumberIndicator="false">
			<TelephoneNumber>779-503-8057</TelephoneNumber>
		</Telephone>
		<Telephone TelephoneNumberType="Emergency 2" PrimaryTelephoneNumberIndicator="false">
			<TelephoneNumber>219-470-5216</TelephoneNumber>
		</Telephone>
		<Telephone TelephoneNumberType="Unlisted" PrimaryTelephoneNumberIndicator="false">
			<TelephoneNumber>262-007-3326</TelephoneNumber>
		</Telephone>
		<Telephone TelephoneNumberType="Fax" PrimaryTelephoneNumberIndicator="false">
			<TelephoneNumber>630-971-1951</TelephoneNumber>
		</Telephone>
		<Telephone TelephoneNumberType="Work" PrimaryTelephoneNumberIndicator="true">
			<TelephoneNumber>219-828-9469</TelephoneNumber>
		</Telephone>
		<ElectronicMail EmailAddressType="Organization">
            <EmailAddress>lconsla@edms.district4529.org</EmailAddress>
        </ElectronicMail>
		<ElectronicMail EmailAddressType="Other">
			<EmailAddress>Lyn_Consla@yahoo.com</EmailAddress>
		</ElectronicMail>
		<HispanicLatinoEthnicity>false</HispanicLatinoEthnicity>
		<Race/>
		<EconomicDisadvantaged>false</EconomicDisadvantaged>
		<SchoolFoodServicesEligibility>Free</SchoolFoodServicesEligibility>
		<LimitedEnglishProficiency>Limited</LimitedEnglishProficiency>
		<Section504Disabilities/>
	</Student>
	<Student>
		<StudentUniqueStateId>800000009</StudentUniqueStateId>
		<Name>
			<FirstName>Malcolm</FirstName>
			<MiddleName>Eric</MiddleName>
			<LastSurname>Costillo</LastSurname>
		</Name>
		<Sex>Male</Sex>
		<BirthData>
			<BirthDate>1999-08-22</BirthDate>
		</BirthData>
		<Address AddressType="Work">
			<StreetNumberName>651 Banner 3rd Terrace</StreetNumberName>
			<City>Chicago</City>
			<StateAbbreviation>IL</StateAbbreviation>
			<PostalCode>60150-4290</PostalCode>
			<NameOfCounty>Cook</NameOfCounty>
			
		</Address>
		<Address AddressType="Home">
			<StreetNumberName>4656 India Street</StreetNumberName>
			<ApartmentRoomSuiteNumber>APT 8352</ApartmentRoomSuiteNumber>
			<City>New York</City>
			<StateAbbreviation>NY</StateAbbreviation>
			<PostalCode>10079-9386</PostalCode>
			<NameOfCounty>New York</NameOfCounty>
			
		</Address>
		<ElectronicMail EmailAddressType="Organization">
            <EmailAddress>mcostillo@edms.district4529.org</EmailAddress>
        </ElectronicMail>
		<ElectronicMail EmailAddressType="Other">
			<EmailAddress>Malcolm_Costillo@gmail.com</EmailAddress>
		</ElectronicMail>
		<ElectronicMail EmailAddressType="Home/Personal">
			<EmailAddress>Malcolm.Costillo@yahoo.com</EmailAddress>
		</ElectronicMail>
		<HispanicLatinoEthnicity>false</HispanicLatinoEthnicity>
		<Race/>
		<EconomicDisadvantaged>false</EconomicDisadvantaged>
		<SchoolFoodServicesEligibility>Reduced price</SchoolFoodServicesEligibility>
		<LimitedEnglishProficiency>Limited</LimitedEnglishProficiency>
		<Section504Disabilities/>
	</Student>
	<Student>
		<StudentUniqueStateId>800000010</StudentUniqueStateId>
		<Name>
			<FirstName>Marco</FirstName>
			<LastSurname>Daughenbaugh</LastSurname>
			<GenerationCodeSuffix>Jr</GenerationCodeSuffix>
		</Name>
		<Sex>Male</Sex>
		<BirthData>
			<BirthDate>1999-07-16</BirthDate>
		</BirthData>
		<Telephone TelephoneNumberType="Mobile" PrimaryTelephoneNumberIndicator="false">
			<TelephoneNumber>847-906-1829</TelephoneNumber>
		</Telephone>
		<Telephone TelephoneNumberType="Home" PrimaryTelephoneNumberIndicator="false">
			<TelephoneNumber>708-064-9347</TelephoneNumber>
		</Telephone>
		<Telephone TelephoneNumberType="Home" PrimaryTelephoneNumberIndicator="false">
			<TelephoneNumber>574-633-0146</TelephoneNumber>
		</Telephone>
		<Telephone TelephoneNumberType="Mobile" PrimaryTelephoneNumberIndicator="false">
			<TelephoneNumber>847-878-1429</TelephoneNumber>
		</Telephone>
		<Telephone TelephoneNumberType="Other" PrimaryTelephoneNumberIndicator="true">
			<TelephoneNumber>331-329-2538</TelephoneNumber>
		</Telephone>
		<ElectronicMail EmailAddressType="Home/Personal">
			<EmailAddress>Marco_Daughenbaugh@gmail.com</EmailAddress>
		</ElectronicMail>
		<ElectronicMail EmailAddressType="Organization">
            <EmailAddress>mdaughenbaugh@edms.district4529.org</EmailAddress>
        </ElectronicMail>
		<HispanicLatinoEthnicity>false</HispanicLatinoEthnicity>
		<Race/>
		<EconomicDisadvantaged>false</EconomicDisadvantaged>
		<SchoolFoodServicesEligibility>Full price</SchoolFoodServicesEligibility>
		<LimitedEnglishProficiency>NotLimited</LimitedEnglishProficiency>
		<Section504Disabilities/>
	</Student>
	<Student>
		<StudentUniqueStateId>800000011</StudentUniqueStateId>
		<Name>
			<FirstName>Holloran</FirstName>
			<LastSurname>Franz</LastSurname>
		</Name>
		<Sex>Male</Sex>
		<BirthData>
			<BirthDate>1996-01-08</BirthDate>
		</BirthData>
		<Address AddressType="Home">
			<StreetNumberName>6055 Vermont Street</StreetNumberName>
			<ApartmentRoomSuiteNumber>APT 5116</ApartmentRoomSuiteNumber>
			<City>Chicago</City>
			<StateAbbreviation>IL</StateAbbreviation>
			<PostalCode>60941-6938</PostalCode>
			<NameOfCounty>Cook</NameOfCounty>
			
		</Address>
		<Address AddressType="Other">
			<StreetNumberName>1004 Boerum Street</StreetNumberName>
			<ApartmentRoomSuiteNumber>APT 3394</ApartmentRoomSuiteNumber>
			<City>New York</City>
			<StateAbbreviation>NY</StateAbbreviation>
			<PostalCode>10913-4746</PostalCode>
			<NameOfCounty>Kings</NameOfCounty>
			
		</Address>
		<ElectronicMail EmailAddressType="Organization">
            <EmailAddress>hfranz@edms.district4529.org</EmailAddress>
        </ElectronicMail>
		<HispanicLatinoEthnicity>false</HispanicLatinoEthnicity>
		<Race/>
		<EconomicDisadvantaged>false</EconomicDisadvantaged>
		<SchoolFoodServicesEligibility>Free</SchoolFoodServicesEligibility>
		<LimitedEnglishProficiency>Limited</LimitedEnglishProficiency>
		<Section504Disabilities/>
	</Student>
	<Student>
		<StudentUniqueStateId>800000012</StudentUniqueStateId>
		<Name>
			<FirstName>Gerardo</FirstName>
			<MiddleName>Felix</MiddleName>
			<LastSurname>Giaquinto</LastSurname>
			<GenerationCodeSuffix>Jr</GenerationCodeSuffix>
		</Name>
		<Sex>Male</Sex>
		<BirthData>
			<BirthDate>1996-02-12</BirthDate>
		</BirthData>
		<Address AddressType="Home">
			<StreetNumberName>1980 Sackman Street</StreetNumberName>
			<ApartmentRoomSuiteNumber>APT 8755</ApartmentRoomSuiteNumber>
			<City>Chicago</City>
			<StateAbbreviation>IL</StateAbbreviation>
			<PostalCode>60570-0943</PostalCode>
			<NameOfCounty>Cook</NameOfCounty>
			
		</Address>
		<ElectronicMail EmailAddressType="Organization">
            <EmailAddress>ggiaquinto@edms.district4529.org</EmailAddress>
        </ElectronicMail>
		<HispanicLatinoEthnicity>true</HispanicLatinoEthnicity>
		<Race/>
		<EconomicDisadvantaged>false</EconomicDisadvantaged>
		<SchoolFoodServicesEligibility>Full price</SchoolFoodServicesEligibility>
		<LimitedEnglishProficiency>NotLimited</LimitedEnglishProficiency>
		<Section504Disabilities/>
	</Student>
	<Student>
		<StudentUniqueStateId>800000013</StudentUniqueStateId>
		<Name>
			<FirstName>Verda</FirstName>
			<LastSurname>Herriman</LastSurname>
		</Name>
		<Sex>Female</Sex>
		<BirthData>
			<BirthDate>1995-03-24</BirthDate>
		</BirthData>
		<Address AddressType="Home">
			<StreetNumberName>4307 Batchelder Street</StreetNumberName>
			<City>Chicago</City>
			<StateAbbreviation>IL</StateAbbreviation>
			<PostalCode>60503-8238</PostalCode>
			<NameOfCounty>Cook</NameOfCounty>
			
		</Address>
		<Telephone TelephoneNumberType="Mobile" PrimaryTelephoneNumberIndicator="false">
			<TelephoneNumber>630-854-6185</TelephoneNumber>
		</Telephone>
		<Telephone TelephoneNumberType="Emergency 1" PrimaryTelephoneNumberIndicator="false">
			<TelephoneNumber>815-848-2896</TelephoneNumber>
		</Telephone>
		<Telephone TelephoneNumberType="Home" PrimaryTelephoneNumberIndicator="true">
			<TelephoneNumber>708-746-9663</TelephoneNumber>
		</Telephone>
		<ElectronicMail EmailAddressType="Organization">
            <EmailAddress>vherriman@edms.district4529.org</EmailAddress>
        </ElectronicMail>
		<HispanicLatinoEthnicity>false</HispanicLatinoEthnicity>
		<Race/>
		<EconomicDisadvantaged>false</EconomicDisadvantaged>
		<SchoolFoodServicesEligibility>Full price</SchoolFoodServicesEligibility>
		<LimitedEnglishProficiency>NotLimited</LimitedEnglishProficiency>
		<Section504Disabilities/>
	</Student>
	<Student>
		<StudentUniqueStateId>800000014</StudentUniqueStateId>
		<Name>
			<FirstName>Lettie</FirstName>
			<LastSurname>Hose</LastSurname>
		</Name>
		<Sex>Female</Sex>
		<BirthData>
			<BirthDate>1999-06-27</BirthDate>
		</BirthData>
		<Address AddressType="Physical">
			<StreetNumberName>9611 Melrose Street</StreetNumberName>
			<City>Chicago</City>
			<StateAbbreviation>IL</StateAbbreviation>
			<PostalCode>60243-6306</PostalCode>
			<NameOfCounty>Cook</NameOfCounty>
			
		</Address>
		<Address AddressType="Temporary">
			<StreetNumberName>5779 Wilson Avenue</StreetNumberName>
			<City>New York</City>
			<StateAbbreviation>NY</StateAbbreviation>
			<PostalCode>10413-3715</PostalCode>
			<NameOfCounty>Bronx</NameOfCounty>
			
		</Address>
		<Telephone TelephoneNumberType="Fax" PrimaryTelephoneNumberIndicator="true">
			<TelephoneNumber>312-018-6309</TelephoneNumber>
		</Telephone>
		<ElectronicMail EmailAddressType="Organization">
            <EmailAddress>lhose@edms.district4529.org</EmailAddress>
        </ElectronicMail>
		<ElectronicMail EmailAddressType="Other">
			<EmailAddress>Lettie_Hose@yahoo.com</EmailAddress>
		</ElectronicMail>
		<HispanicLatinoEthnicity>false</HispanicLatinoEthnicity>
		<Race/>
		<EconomicDisadvantaged>false</EconomicDisadvantaged>
		<SchoolFoodServicesEligibility>Full price</SchoolFoodServicesEligibility>
		<LimitedEnglishProficiency>NotLimited</LimitedEnglishProficiency>
		<Section504Disabilities/>
	</Student>
	<Student>
		<StudentUniqueStateId>800000015</StudentUniqueStateId>
		<Name>
			<FirstName>Damon</FirstName>
			<LastSurname>Iskra</LastSurname>
			<GenerationCodeSuffix>Jr</GenerationCodeSuffix>
		</Name>
		<Sex>Male</Sex>
		<BirthData>
			<BirthDate>1996-01-17</BirthDate>
		</BirthData>
		<Address AddressType="Home">
			<StreetNumberName>6879 Aurelia Court</StreetNumberName>
			<ApartmentRoomSuiteNumber>APT 9622</ApartmentRoomSuiteNumber>
			<City>Chicago</City>
			<StateAbbreviation>IL</StateAbbreviation>
			<PostalCode>60232-1150</PostalCode>
			<NameOfCounty>Cook</NameOfCounty>
			
		</Address>
		<Telephone TelephoneNumberType="Fax" PrimaryTelephoneNumberIndicator="false">
			<TelephoneNumber>219-983-8533</TelephoneNumber>
		</Telephone>
		<Telephone TelephoneNumberType="Unlisted" PrimaryTelephoneNumberIndicator="false">
			<TelephoneNumber>779-258-6146</TelephoneNumber>
		</Telephone>
		<Telephone TelephoneNumberType="Home" PrimaryTelephoneNumberIndicator="false">
			<TelephoneNumber>219-717-4887</TelephoneNumber>
		</Telephone>
		<Telephone TelephoneNumberType="Other" PrimaryTelephoneNumberIndicator="false">
			<TelephoneNumber>847-027-0656</TelephoneNumber>
		</Telephone>
		<Telephone TelephoneNumberType="Mobile" PrimaryTelephoneNumberIndicator="true">
			<TelephoneNumber>219-405-6207</TelephoneNumber>
		</Telephone>
		<ElectronicMail EmailAddressType="Home/Personal">
			<EmailAddress>Damon.Iskra@gmail.com</EmailAddress>
		</ElectronicMail>
		<ElectronicMail EmailAddressType="Organization">
            <EmailAddress>diskra@edms.district4529.org</EmailAddress>
        </ElectronicMail>
		<HispanicLatinoEthnicity>false</HispanicLatinoEthnicity>
		<Race/>
		<EconomicDisadvantaged>false</EconomicDisadvantaged>
		<SchoolFoodServicesEligibility>Full price</SchoolFoodServicesEligibility>
		<LimitedEnglishProficiency>NotLimited</LimitedEnglishProficiency>
		<Section504Disabilities/>
	</Student>
	<Student>
		<StudentUniqueStateId>800000016</StudentUniqueStateId>
		<Name>
			<FirstName>Alton</FirstName>
			<LastSurname>Maultsby</LastSurname>
			<GenerationCodeSuffix>Jr</GenerationCodeSuffix>
		</Name>
		<Sex>Male</Sex>
		<BirthData>
			<BirthDate>1999-04-17</BirthDate>
		</BirthData>
		<Address AddressType="Billing">
			<StreetNumberName>6256 Old New Utrecht Road</StreetNumberName>
			<ApartmentRoomSuiteNumber>APT 9959</ApartmentRoomSuiteNumber>
			<City>Chicago</City>
			<StateAbbreviation>IL</StateAbbreviation>
			<PostalCode>60746-2709</PostalCode>
			<NameOfCounty>Cook</NameOfCounty>
			
		</Address>
		<Telephone TelephoneNumberType="Mobile" PrimaryTelephoneNumberIndicator="false">
			<TelephoneNumber>630-248-4247</TelephoneNumber>
		</Telephone>
		<Telephone TelephoneNumberType="Emergency 2" PrimaryTelephoneNumberIndicator="false">
			<TelephoneNumber>312-413-0054</TelephoneNumber>
		</Telephone>
		<Telephone TelephoneNumberType="Other" PrimaryTelephoneNumberIndicator="false">
			<TelephoneNumber>779-444-0280</TelephoneNumber>
		</Telephone>
		<Telephone TelephoneNumberType="Emergency 1" PrimaryTelephoneNumberIndicator="true">
			<TelephoneNumber>219-343-1565</TelephoneNumber>
		</Telephone>
		<ElectronicMail EmailAddressType="Organization">
            <EmailAddress>amaultsby@edms.district4529.org</EmailAddress>
        </ElectronicMail>
		<HispanicLatinoEthnicity>false</HispanicLatinoEthnicity>
		<Race/>
		<EconomicDisadvantaged>false</EconomicDisadvantaged>
		<SchoolFoodServicesEligibility>Free</SchoolFoodServicesEligibility>
		<LimitedEnglishProficiency>Limited</LimitedEnglishProficiency>
		<Section504Disabilities/>
	</Student>
	<Student>
		<StudentUniqueStateId>800000017</StudentUniqueStateId>
		<Name>
			<FirstName>Merry</FirstName>
			<LastSurname>Mccanse</LastSurname>
		</Name>
		<Sex>Female</Sex>
		<BirthData>
			<BirthDate>2000-03-30</BirthDate>
		</BirthData>
		<Telephone TelephoneNumberType="Other" PrimaryTelephoneNumberIndicator="false">
			<TelephoneNumber>224-460-0344</TelephoneNumber>
		</Telephone>
		<Telephone TelephoneNumberType="Mobile" PrimaryTelephoneNumberIndicator="true">
			<TelephoneNumber>773-708-9957</TelephoneNumber>
		</Telephone>
		<ElectronicMail EmailAddressType="Other">
			<EmailAddress>Merry_Mccanse@gmail.com</EmailAddress>
		</ElectronicMail>
		<ElectronicMail EmailAddressType="Organization">
            <EmailAddress>mmccanse@edms.district4529.org</EmailAddress>
        </ElectronicMail>
		<ElectronicMail EmailAddressType="Home/Personal">
			<EmailAddress>Merry.Mccanse@gmail.com</EmailAddress>
		</ElectronicMail>
		<HispanicLatinoEthnicity>false</HispanicLatinoEthnicity>
		<Race/>
		<EconomicDisadvantaged>false</EconomicDisadvantaged>
		<SchoolFoodServicesEligibility>Full price</SchoolFoodServicesEligibility>
		<LimitedEnglishProficiency>NotLimited</LimitedEnglishProficiency>
		<Section504Disabilities/>
	</Student>
	<Student>
		<StudentUniqueStateId>800000018</StudentUniqueStateId>
		<Name>
			<FirstName>Oralia</FirstName>
			<MiddleName>Zoe</MiddleName>
			<LastSurname>Merryweather</LastSurname>
		</Name>
		<Sex>Female</Sex>
		<BirthData>
			<BirthDate>1998-06-02</BirthDate>
		</BirthData>
		<Address AddressType="Mailing">
			<StreetNumberName>190 Mac Donough Street</StreetNumberName>
			<ApartmentRoomSuiteNumber>APT 3944</ApartmentRoomSuiteNumber>
			<City>Chicago</City>
			<StateAbbreviation>IL</StateAbbreviation>
			<PostalCode>60851-4437</PostalCode>
			<NameOfCounty>Cook</NameOfCounty>
			
		</Address>
		<Address AddressType="Other">
			<StreetNumberName>6891 Avenue Z </StreetNumberName>
			<ApartmentRoomSuiteNumber>APT 8859</ApartmentRoomSuiteNumber>
			<City>New York</City>
			<StateAbbreviation>NY</StateAbbreviation>
			<PostalCode>10376-2852</PostalCode>
			<NameOfCounty>Kings</NameOfCounty>
			
		</Address>
		<Telephone TelephoneNumberType="Home" PrimaryTelephoneNumberIndicator="true">
			<TelephoneNumber>312-791-6989</TelephoneNumber>
		</Telephone>
		<ElectronicMail EmailAddressType="Organization">
            <EmailAddress>omerryweather@edms.district4529.org</EmailAddress>
        </ElectronicMail>
		<ElectronicMail EmailAddressType="Other">
			<EmailAddress>Zoe@gmail.com</EmailAddress>
		</ElectronicMail>
		<HispanicLatinoEthnicity>false</HispanicLatinoEthnicity>
		<Race/>
		<EconomicDisadvantaged>false</EconomicDisadvantaged>
		<SchoolFoodServicesEligibility>Full price</SchoolFoodServicesEligibility>
		<LimitedEnglishProficiency>NotLimited</LimitedEnglishProficiency>
		<Section504Disabilities/>
	</Student>
	<Student>
		<StudentUniqueStateId>800000019</StudentUniqueStateId>
		<Name>
			<FirstName>Preston</FirstName>
			<MiddleName>W</MiddleName>
			<LastSurname>Muchow</LastSurname>
			<GenerationCodeSuffix>Jr</GenerationCodeSuffix>
		</Name>
		<Sex>Male</Sex>
		<BirthData>
			<BirthDate>1999-04-06</BirthDate>
		</BirthData>
		<Telephone TelephoneNumberType="Emergency 2" PrimaryTelephoneNumberIndicator="false">
			<TelephoneNumber>224-943-5187</TelephoneNumber>
		</Telephone>
		<Telephone TelephoneNumberType="Other" PrimaryTelephoneNumberIndicator="false">
			<TelephoneNumber>331-998-2531</TelephoneNumber>
		</Telephone>
		<Telephone TelephoneNumberType="Mobile" PrimaryTelephoneNumberIndicator="false">
			<TelephoneNumber>219-374-7108</TelephoneNumber>
		</Telephone>
		<Telephone TelephoneNumberType="Emergency 1" PrimaryTelephoneNumberIndicator="false">
			<TelephoneNumber>708-068-6766</TelephoneNumber>
		</Telephone>
		<Telephone TelephoneNumberType="Home" PrimaryTelephoneNumberIndicator="true">
			<TelephoneNumber>262-251-1448</TelephoneNumber>
		</Telephone>
		<ElectronicMail EmailAddressType="Organization">
            <EmailAddress>pmuchow@edms.district4529.org</EmailAddress>
        </ElectronicMail>
		<ElectronicMail EmailAddressType="Work">
			<EmailAddress>Preston_Muchow@gmail.com</EmailAddress>
		</ElectronicMail>
		<ElectronicMail EmailAddressType="Other">
			<EmailAddress>PrestonM@yahoo.com</EmailAddress>
		</ElectronicMail>
		<HispanicLatinoEthnicity>false</HispanicLatinoEthnicity>
		<Race/>
		<EconomicDisadvantaged>false</EconomicDisadvantaged>
		<SchoolFoodServicesEligibility>Free</SchoolFoodServicesEligibility>
		<LimitedEnglishProficiency>NotLimited</LimitedEnglishProficiency>
		<Section504Disabilities/>
	</Student>
	<Student>
		<StudentUniqueStateId>800000020</StudentUniqueStateId>
		<Name>
			<FirstName>Gerardo</FirstName>
			<LastSurname>Rounsaville</LastSurname>
		</Name>
		<Sex>Male</Sex>
		<BirthData>
			<BirthDate>1999-08-27</BirthDate>
		</BirthData>
		<Address AddressType="Physical">
			<StreetNumberName>6502 Linwood Street</StreetNumberName>
			<City>Chicago</City>
			<StateAbbreviation>IL</StateAbbreviation>
			<PostalCode>60340-6299</PostalCode>
			<NameOfCounty>Cook</NameOfCounty>
			
		</Address>
		<Address AddressType="Work">
			<StreetNumberName>7548 Bay 32nd Street</StreetNumberName>
			<ApartmentRoomSuiteNumber>APT 898</ApartmentRoomSuiteNumber>
			<City>New York</City>
			<StateAbbreviation>NY</StateAbbreviation>
			<PostalCode>10723-1449</PostalCode>
			<NameOfCounty>New York</NameOfCounty>
			
		</Address>
		<Telephone TelephoneNumberType="Emergency 1" PrimaryTelephoneNumberIndicator="false">
			<TelephoneNumber>847-553-2343</TelephoneNumber>
		</Telephone>
		<Telephone TelephoneNumberType="Emergency 2" PrimaryTelephoneNumberIndicator="false">
			<TelephoneNumber>815-707-5464</TelephoneNumber>
		</Telephone>
		<Telephone TelephoneNumberType="Other" PrimaryTelephoneNumberIndicator="true">
			<TelephoneNumber>574-479-2335</TelephoneNumber>
		</Telephone>
		<Telephone TelephoneNumberType="Work" PrimaryTelephoneNumberIndicator="false">
			<TelephoneNumber>847-239-1197</TelephoneNumber>
		</Telephone>
		<ElectronicMail EmailAddressType="Organization">
            <EmailAddress>grounsaville@edms.district4529.org</EmailAddress>
        </ElectronicMail>
		<ElectronicMail EmailAddressType="Work">
			<EmailAddress>Gerardo_Rounsaville@yahoo.com</EmailAddress>
		</ElectronicMail>
		<HispanicLatinoEthnicity>false</HispanicLatinoEthnicity>
		<Race/>
		<EconomicDisadvantaged>false</EconomicDisadvantaged>
		<SchoolFoodServicesEligibility>Full price</SchoolFoodServicesEligibility>
		<LimitedEnglishProficiency>NotLimited</LimitedEnglishProficiency>
		<Section504Disabilities/>
	</Student>
	   <Student>
        <StudentUniqueStateId>800000021</StudentUniqueStateId>
        <Name>
            <FirstName>Karrie</FirstName>
            <LastSurname>Rudesill</LastSurname>
        </Name>
        <Sex>Female</Sex>
        <BirthData>
            <BirthDate>1999-03-12</BirthDate>
        </BirthData>
        <Telephone TelephoneNumberType="Mobile" PrimaryTelephoneNumberIndicator="true">
            <TelephoneNumber>573-708-9257</TelephoneNumber>
        </Telephone>
		<ElectronicMail EmailAddressType="Organization">
            <EmailAddress>krudesill@edms.district4529.org</EmailAddress>
        </ElectronicMail>
        <ElectronicMail EmailAddressType="Other">
            <EmailAddress>krudesill@gmail.com</EmailAddress>
        </ElectronicMail>
        <HispanicLatinoEthnicity>false</HispanicLatinoEthnicity>
        <Race/>
        <EconomicDisadvantaged>false</EconomicDisadvantaged>
        <SchoolFoodServicesEligibility>Full price</SchoolFoodServicesEligibility>
        <LimitedEnglishProficiency>NotLimited</LimitedEnglishProficiency>
        <Section504Disabilities/>
    </Student>
    <Student>
        <StudentUniqueStateId>800000022</StudentUniqueStateId>
        <Name>
            <FirstName>Gerardo</FirstName>
            <LastSurname>Saltazor</LastSurname>
        </Name>
        <Sex>Male</Sex>
        <BirthData>
            <BirthDate>1999-06-02</BirthDate>
        </BirthData>
        <Address AddressType="Mailing">
            <StreetNumberName>19 McDougall Place</StreetNumberName>
            <ApartmentRoomSuiteNumber>APT 334</ApartmentRoomSuiteNumber>
            <City>Chicago</City>
            <StateAbbreviation>IL</StateAbbreviation>
            <PostalCode>60851-4437</PostalCode>
            <NameOfCounty>Cook</NameOfCounty>
            
        </Address>
        <Telephone TelephoneNumberType="Home" PrimaryTelephoneNumberIndicator="true">
            <TelephoneNumber>312-971-6989</TelephoneNumber>
        </Telephone>
		<ElectronicMail EmailAddressType="Organization">
            <EmailAddress>gsaltazor@edms.district4529.org</EmailAddress>
        </ElectronicMail>
        <ElectronicMail EmailAddressType="Other">
            <EmailAddress>g.saltazor@gmail.com</EmailAddress>
        </ElectronicMail>
        <HispanicLatinoEthnicity>false</HispanicLatinoEthnicity>
        <Race/>
        <EconomicDisadvantaged>false</EconomicDisadvantaged>
        <SchoolFoodServicesEligibility>Full price</SchoolFoodServicesEligibility>
        <LimitedEnglishProficiency>NotLimited</LimitedEnglishProficiency>
        <Section504Disabilities/>
    </Student>
	<Student>
		<StudentUniqueStateId>800000023</StudentUniqueStateId>
		<Name>
			<FirstName>Samantha</FirstName>
			<LastSurname>Scorzelli</LastSurname>
		</Name>
		<Sex>Female</Sex>
		<BirthData>
			<BirthDate>1997-09-23</BirthDate>
		</BirthData>
		<Telephone TelephoneNumberType="Emergency 1" PrimaryTelephoneNumberIndicator="false">
			<TelephoneNumber>574-155-7065</TelephoneNumber>
		</Telephone>
		<Telephone TelephoneNumberType="Unlisted" PrimaryTelephoneNumberIndicator="false">
			<TelephoneNumber>262-091-8134</TelephoneNumber>
		</Telephone>
		<Telephone TelephoneNumberType="Other" PrimaryTelephoneNumberIndicator="false">
			<TelephoneNumber>708-431-4260</TelephoneNumber>
		</Telephone>
		<Telephone TelephoneNumberType="Mobile" PrimaryTelephoneNumberIndicator="true">
			<TelephoneNumber>262-875-4329</TelephoneNumber>
		</Telephone>
		<ElectronicMail EmailAddressType="Organization">
            <EmailAddress>sscorzelli@edms.district4529.org</EmailAddress>
        </ElectronicMail>
		<HispanicLatinoEthnicity>false</HispanicLatinoEthnicity>
		<Race/>
		<EconomicDisadvantaged>false</EconomicDisadvantaged>
		<SchoolFoodServicesEligibility>Full price</SchoolFoodServicesEligibility>
		<LimitedEnglishProficiency>NotLimited</LimitedEnglishProficiency>
		<Section504Disabilities/>
	</Student>
	<Student>
		<StudentUniqueStateId>800000024</StudentUniqueStateId>
		<Name>
			<FirstName>Oralia</FirstName>
			<MiddleName>Nicole</MiddleName>
			<LastSurname>Simmer</LastSurname>
		</Name>
		<Sex>Female</Sex>
		<BirthData>
			<BirthDate>1999-06-01</BirthDate>
		</BirthData>
		<ElectronicMail EmailAddressType="Organization">
            <EmailAddress>osimmer@edms.district4529.org</EmailAddress>
        </ElectronicMail>
		<HispanicLatinoEthnicity>false</HispanicLatinoEthnicity>
		<Race/>
		<EconomicDisadvantaged>false</EconomicDisadvantaged>
		<SchoolFoodServicesEligibility>Free</SchoolFoodServicesEligibility>
		<LimitedEnglishProficiency>NotLimited</LimitedEnglishProficiency>
		<Section504Disabilities/>
	</Student>
	<Student>
		<StudentUniqueStateId>800000025</StudentUniqueStateId>
		<Name>
			<FirstName>Matt</FirstName>
			<MiddleName>Joseph</MiddleName>
			<LastSurname>Sollars</LastSurname>
			<GenerationCodeSuffix>Jr</GenerationCodeSuffix>
		</Name>
		<Sex>Male</Sex>
		<BirthData>
			<BirthDate>2000-04-23</BirthDate>
		</BirthData>
		<Telephone TelephoneNumberType="Home" PrimaryTelephoneNumberIndicator="true">
			<TelephoneNumber>309-555-2449</TelephoneNumber>
		</Telephone>
		<ElectronicMail EmailAddressType="Organization">
            <EmailAddress>msollars@edms.district4529.org</EmailAddress>
        </ElectronicMail>
		<ElectronicMail EmailAddressType="Other">
			<EmailAddress>m.sollars@gmail.com</EmailAddress>
		</ElectronicMail>
		<HispanicLatinoEthnicity>false</HispanicLatinoEthnicity>
		<Race/>
		<EconomicDisadvantaged>false</EconomicDisadvantaged>
		<SchoolFoodServicesEligibility>Free</SchoolFoodServicesEligibility>
		<LimitedEnglishProficiency>Limited</LimitedEnglishProficiency>
		<Section504Disabilities/>
	</Student>
	<Student>
		<StudentUniqueStateId>800000026</StudentUniqueStateId>
		<Name>
			<FirstName>Lashawn</FirstName>
			<LastSurname>Taite</LastSurname>
		</Name>
		<Sex>Male</Sex>
		<BirthData>
			<BirthDate>1999-01-16</BirthDate>
		</BirthData>
		<Address AddressType="Home">
			<StreetNumberName>8678 Brighton 4th Road</StreetNumberName>
			<City>Chicago</City>
			<StateAbbreviation>IL</StateAbbreviation>
			<PostalCode>60206-1877</PostalCode>
			<NameOfCounty>Cook</NameOfCounty>
			
		</Address>
		<Telephone TelephoneNumberType="Emergency 1" PrimaryTelephoneNumberIndicator="false">
			<TelephoneNumber>224-017-8015</TelephoneNumber>
		</Telephone>
		<Telephone TelephoneNumberType="Mobile" PrimaryTelephoneNumberIndicator="true">
			<TelephoneNumber>630-231-5755</TelephoneNumber>
		</Telephone>
		<ElectronicMail EmailAddressType="Other">
			<EmailAddress>Lashawn_Taite@yahoo.com</EmailAddress>
		</ElectronicMail>
		<ElectronicMail EmailAddressType="Organization">
            <EmailAddress>ltaite@edms.district4529.org</EmailAddress>
        </ElectronicMail>
		<HispanicLatinoEthnicity>false</HispanicLatinoEthnicity>
		<Race/>
		<EconomicDisadvantaged>false</EconomicDisadvantaged>
		<SchoolFoodServicesEligibility>Full price</SchoolFoodServicesEligibility>
		<LimitedEnglishProficiency>NotLimited</LimitedEnglishProficiency>
		<Section504Disabilities/>
	</Student>
    <Student>
        <StudentUniqueStateId>800000027</StudentUniqueStateId>
        <Name>
            <FirstName>Felipe</FirstName>
            <LastSurname>Wierzbicki</LastSurname>
            <GenerationCodeSuffix>Jr</GenerationCodeSuffix>
        </Name>
        <Sex>Male</Sex>
        <BirthData>
            <BirthDate>1997-11-06</BirthDate>
        </BirthData>
        <Telephone TelephoneNumberType="Mobile" PrimaryTelephoneNumberIndicator="false">
            <TelephoneNumber>312-984-8178</TelephoneNumber>
        </Telephone>
        <Telephone TelephoneNumberType="Other" PrimaryTelephoneNumberIndicator="false">
            <TelephoneNumber>847-668-4746</TelephoneNumber>
        </Telephone>
        <Telephone TelephoneNumberType="Mobile" PrimaryTelephoneNumberIndicator="false">
            <TelephoneNumber>847-296-5276</TelephoneNumber>
        </Telephone>
        <Telephone TelephoneNumberType="Emergency 1" PrimaryTelephoneNumberIndicator="false">
            <TelephoneNumber>331-707-1490</TelephoneNumber>
        </Telephone>
        <Telephone TelephoneNumberType="Emergency 2" PrimaryTelephoneNumberIndicator="false">
            <TelephoneNumber>847-377-1833</TelephoneNumber>
        </Telephone>
        <Telephone TelephoneNumberType="Work" PrimaryTelephoneNumberIndicator="true">
            <TelephoneNumber>815-143-0269</TelephoneNumber>
        </Telephone>
        <ElectronicMail EmailAddressType="Home/Personal">
            <EmailAddress>Felipe.Wierzbicki@yahoo.com</EmailAddress>
        </ElectronicMail>
		<ElectronicMail EmailAddressType="Organization">
            <EmailAddress>fwierzbicki@edms.district4529.org</EmailAddress>
        </ElectronicMail>
        <HispanicLatinoEthnicity>false</HispanicLatinoEthnicity>
        <Race/>
        <EconomicDisadvantaged>false</EconomicDisadvantaged>
        <SchoolFoodServicesEligibility>Full price</SchoolFoodServicesEligibility>
        <LimitedEnglishProficiency>NotLimited</LimitedEnglishProficiency>
        <Section504Disabilities/>
    </Student>
	
	<Student>
		<StudentUniqueStateId>800000030</StudentUniqueStateId>
		<Name>
			<FirstName>Sofia</FirstName>
			<LastSurname>Poplawski</LastSurname>
		</Name>
		<Sex>Female</Sex>
		<BirthData>
			<BirthDate>2000-05-28</BirthDate>
			<CountryOfBirthCode>US</CountryOfBirthCode>
		</BirthData>
		<Address AddressType="Home">
			<StreetNumberName>4350 62nd Street</StreetNumberName>
			<City>Chicago</City>
			<StateAbbreviation>IL</StateAbbreviation>
			<PostalCode>60302</PostalCode>
			<NameOfCounty>Cook</NameOfCounty>
		</Address>
		<Telephone TelephoneNumberType="Home" PrimaryTelephoneNumberIndicator="true">
			<TelephoneNumber>3124249004</TelephoneNumber>
		</Telephone>
		<ElectronicMail EmailAddressType="Organization">
            <EmailAddress>spoplawski@edms.district4529.org</EmailAddress>
        </ElectronicMail>
		<HispanicLatinoEthnicity>false</HispanicLatinoEthnicity>
		<Race>
			<RacialCategory>White</RacialCategory>
		</Race>
		<EconomicDisadvantaged>false</EconomicDisadvantaged>
		<SchoolFoodServicesEligibility>Free</SchoolFoodServicesEligibility>
		<LimitedEnglishProficiency>NotLimited</LimitedEnglishProficiency>
		<Section504Disabilities/>
	</Student>	
	
	<Student>
		<StudentUniqueStateId>800000031</StudentUniqueStateId>
		<Name>
			<FirstName>Maria</FirstName>
			<LastSurname>Hernandez</LastSurname>
		</Name>
		<Sex>Female</Sex>
		<BirthData>
			<BirthDate>2000-09-12</BirthDate>
			<CountryOfBirthCode>CR</CountryOfBirthCode>
		</BirthData>
		<Address AddressType="Home">
			<StreetNumberName>1212 Davies Street</StreetNumberName>
			<City>Centerville</City>
			<StateAbbreviation>IL</StateAbbreviation>
			<PostalCode>21904</PostalCode>
			<NameOfCounty>Cook</NameOfCounty>
		</Address>
		<Telephone TelephoneNumberType="Home" PrimaryTelephoneNumberIndicator="true">
			<TelephoneNumber>3229780035</TelephoneNumber>
		</Telephone>
		<ElectronicMail EmailAddressType="Organization">
            <EmailAddress>mhernandez@edms.district4529.org</EmailAddress>
        </ElectronicMail>
		<HispanicLatinoEthnicity>true</HispanicLatinoEthnicity>
		<Race>
			<RacialCategory>White</RacialCategory>
		</Race>
		<EconomicDisadvantaged>true</EconomicDisadvantaged>
		<SchoolFoodServicesEligibility>Free</SchoolFoodServicesEligibility>
		<LimitedEnglishProficiency>Limited</LimitedEnglishProficiency>
		<Languages>
			<Language>Spanish</Language>
		</Languages>
		<Section504Disabilities/>
	</Student>		
	
	<Student>
		<StudentUniqueStateId>800000032</StudentUniqueStateId>
		<Name>
			<FirstName>Rafael</FirstName>
			<LastSurname>Abuassaf</LastSurname>
		</Name>
		<Sex>Male</Sex>
		<BirthData>
			<BirthDate>2000-01-12</BirthDate>
			<CountryOfBirthCode>IR</CountryOfBirthCode>
		</BirthData>
		<Address AddressType="Home">
			<StreetNumberName>12414 E 14TH PL</StreetNumberName>
			<City>Carrolsville</City>
			<StateAbbreviation>IL</StateAbbreviation>
			<PostalCode>21928</PostalCode>
			<NameOfCounty>Cook</NameOfCounty>
		</Address>
		<Telephone TelephoneNumberType="Home" PrimaryTelephoneNumberIndicator="true">
			<TelephoneNumber>3224399232</TelephoneNumber>
		</Telephone>
		<ElectronicMail EmailAddressType="Organization">
            <EmailAddress>rabuassaf@edms.district4529.org</EmailAddress>
        </ElectronicMail>
		<HispanicLatinoEthnicity>false</HispanicLatinoEthnicity>
		<Race>
			<RacialCategory>White</RacialCategory>
		</Race>
		<EconomicDisadvantaged>false</EconomicDisadvantaged>
		<SchoolFoodServicesEligibility>Free</SchoolFoodServicesEligibility>
		<LimitedEnglishProficiency>Limited</LimitedEnglishProficiency>
		<Languages>
			<Language>Arabic</Language>
		</Languages>
		<Section504Disabilities/>
	</Student>	
</InterchangeStudentParent>
