<?xml version="1.0"?>
<InterchangeStudentCohort xmlns:xsi="http://www.w3.org/2001/XMLSchema-instance" xmlns="http://ed-fi.org/0100"
  xsi:schemaLocation="http://ed-fi.org/0100 ../../sli/common/domain/src/main/resources/edfiXsd/Interchange-StudentCohort.xsd">
  <Cohort>
    <CohortIdentifier>ACC-TEST-COH-1</CohortIdentifier>
	<CohortDescription>Statewide academic intervention cohort for English</CohortDescription>
	<CohortType>Academic Intervention</CohortType>
	<CohortScope>Statewide</CohortScope>
	<AcademicSubject>English</AcademicSubject>
	<EducationOrgReference>
	  <EducationalOrgIdentity>
	    <StateOrganizationId>STANDARD-SEA</StateOrganizationId>
	  </EducationalOrgIdentity>
	</EducationOrgReference>
	<ProgramReference>
	  <ProgramIdentity>
	    <ProgramId>ACC-TEST-PROG-1</ProgramId>
	  </ProgramIdentity>
	</ProgramReference>
  </Cohort>
  <Cohort>
    <CohortIdentifier>ACC-TEST-COH-2</CohortIdentifier>
	<CohortDescription>District-wide academic intervention cohort for Mathematics</CohortDescription>
	<CohortType>Academic Intervention</CohortType>
	<CohortScope>District</CohortScope>
	<AcademicSubject>Mathematics</AcademicSubject>
	<EducationOrgReference>
	  <EducationalOrgIdentity>
	    <StateOrganizationId>IL-DAYBREAK</StateOrganizationId>
	  </EducationalOrgIdentity>
	</EducationOrgReference>
	<ProgramReference>
	  <ProgramIdentity>
	    <ProgramId>ACC-TEST-PROG-2</ProgramId>
	  </ProgramIdentity>
	</ProgramReference>
  </Cohort>  
  <Cohort>
    <CohortIdentifier>ACC-TEST-COH-3</CohortIdentifier>
  <CohortDescription>District-wide academic intervention cohort for Social Studies</CohortDescription>
  <CohortType>Academic Intervention</CohortType>
  <CohortScope>District</CohortScope>
  <AcademicSubject>Social Studies</AcademicSubject>
  <EducationOrgReference>
    <EducationalOrgIdentity>
      <StateOrganizationId>STANDARD-SEA</StateOrganizationId>
    </EducationalOrgIdentity>
  </EducationOrgReference>
  <ProgramReference>
    <ProgramIdentity>
      <ProgramId>ACC-TEST-PROG-1</ProgramId>
    </ProgramIdentity>
  </ProgramReference>
  </Cohort>
  
  <StudentCohortAssociation>
    <StudentReference>
	  <StudentIdentity>
	    <StudentUniqueStateId>100000000</StudentUniqueStateId>
	  </StudentIdentity>
	</StudentReference>
	<CohortReference>
	  <CohortIdentity>
	    <CohortIdentifier>ACC-TEST-COH-1</CohortIdentifier>
        <EducationalOrgReference>
          <EducationalOrgIdentity>
            <StateOrganizationId>STANDARD-SEA</StateOrganizationId>
          </EducationalOrgIdentity>
        </EducationalOrgReference>
	  </CohortIdentity>
	</CohortReference>
	<BeginDate>2011-01-01</BeginDate>
  </StudentCohortAssociation>
    <StudentCohortAssociation>
    <StudentReference>
	  <StudentIdentity>
	    <StudentUniqueStateId>100000001</StudentUniqueStateId>
	  </StudentIdentity>
	</StudentReference>
	<CohortReference>
	  <CohortIdentity>
	    <CohortIdentifier>ACC-TEST-COH-1</CohortIdentifier>
        <EducationalOrgReference>
          <EducationalOrgIdentity>
            <StateOrganizationId>STANDARD-SEA</StateOrganizationId>
          </EducationalOrgIdentity>
        </EducationalOrgReference>
	  </CohortIdentity>
	</CohortReference>
	<BeginDate>2012-01-15</BeginDate>
  </StudentCohortAssociation>
    <StudentCohortAssociation>
    <StudentReference>
	  <StudentIdentity>
	    <StudentUniqueStateId>100000017</StudentUniqueStateId>
	  </StudentIdentity>
	</StudentReference>
	<CohortReference>
	  <CohortIdentity>
	    <CohortIdentifier>ACC-TEST-COH-1</CohortIdentifier>
        <EducationalOrgReference>
          <EducationalOrgIdentity>
            <StateOrganizationId>STANDARD-SEA</StateOrganizationId>
          </EducationalOrgIdentity>
        </EducationalOrgReference>
	  </CohortIdentity>
	</CohortReference>
	<BeginDate>2011-02-01</BeginDate>
	<EndDate>2011-12-31</EndDate>
  </StudentCohortAssociation>
  <StudentCohortAssociation>
    <StudentReference>
	  <StudentIdentity>
	    <StudentUniqueStateId>800000025</StudentUniqueStateId>
	  </StudentIdentity>
	</StudentReference>
	<CohortReference>
	  <CohortIdentity>
	    <CohortIdentifier>ACC-TEST-COH-2</CohortIdentifier>
        <EducationalOrgReference>
          <EducationalOrgIdentity>
            <StateOrganizationId>IL-DAYBREAK</StateOrganizationId>
          </EducationalOrgIdentity>
        </EducationalOrgReference>
	  </CohortIdentity>
	</CohortReference>
	<BeginDate>2011-03-01</BeginDate>
  </StudentCohortAssociation>
    <StudentCohortAssociation>
    <StudentReference>
	  <StudentIdentity>
	    <StudentUniqueStateId>800000024</StudentUniqueStateId>
	  </StudentIdentity>
	</StudentReference>
	<CohortReference>
	  <CohortIdentity>
	    <CohortIdentifier>ACC-TEST-COH-2</CohortIdentifier>
        <EducationalOrgReference>
          <EducationalOrgIdentity>
            <StateOrganizationId>IL-DAYBREAK</StateOrganizationId>
          </EducationalOrgIdentity>
        </EducationalOrgReference>
	  </CohortIdentity>
	</CohortReference>
	<BeginDate>2011-03-15</BeginDate>
  </StudentCohortAssociation>
    <StudentCohortAssociation>
    <StudentReference>
	  <StudentIdentity>
	    <StudentUniqueStateId>800000023</StudentUniqueStateId>
	  </StudentIdentity>
	</StudentReference>
	<CohortReference>
	  <CohortIdentity>
	    <CohortIdentifier>ACC-TEST-COH-2</CohortIdentifier>
        <EducationalOrgReference>
          <EducationalOrgIdentity>
            <StateOrganizationId>IL-DAYBREAK</StateOrganizationId>
          </EducationalOrgIdentity>
        </EducationalOrgReference>
	  </CohortIdentity>
	</CohortReference>
	<BeginDate>2011-04-01</BeginDate>
	<EndDate>2012-01-15</EndDate>
  </StudentCohortAssociation>
  
  <StaffCohortAssociation>
    <StaffReference>
    <StaffIdentity>
      <StaffUniqueStateId>mgonzales</StaffUniqueStateId>
    </StaffIdentity>
  </StaffReference>
  <CohortReference>
    <CohortIdentity>
      <CohortIdentifier>ACC-TEST-COH-1</CohortIdentifier>
        <EducationalOrgReference>
          <EducationalOrgIdentity>
            <StateOrganizationId>STANDARD-SEA</StateOrganizationId>
          </EducationalOrgIdentity>
        </EducationalOrgReference>
    </CohortIdentity>
  </CohortReference>
    <BeginDate>2011-01-01</BeginDate>
  <EndDate>2012-02-15</EndDate>
  <StudentRecordAccess>true</StudentRecordAccess>
  </StaffCohortAssociation>
  <StaffCohortAssociation>
    <StaffReference>
    <StaffIdentity>
      <StaffUniqueStateId>msmith</StaffUniqueStateId>
    </StaffIdentity>
  </StaffReference>
  <CohortReference>
    <CohortIdentity>
      <CohortIdentifier>ACC-TEST-COH-2</CohortIdentifier>
        <EducationalOrgReference>
          <EducationalOrgIdentity>
            <StateOrganizationId>IL-DAYBREAK</StateOrganizationId>
          </EducationalOrgIdentity>
        </EducationalOrgReference>
    </CohortIdentity>
  </CohortReference>
    <BeginDate>2010-01-15</BeginDate>
  <StudentRecordAccess>true</StudentRecordAccess>
  </StaffCohortAssociation>
  <StaffCohortAssociation>
    <StaffReference>
    <StaffIdentity>
      <StaffUniqueStateId>ckoch</StaffUniqueStateId>
    </StaffIdentity>
  </StaffReference>
  <CohortReference>
    <CohortIdentity>
      <CohortIdentifier>ACC-TEST-COH-3</CohortIdentifier>
        <EducationalOrgReference>
          <EducationalOrgIdentity>
            <StateOrganizationId>STANDARD-SEA</StateOrganizationId>
          </EducationalOrgIdentity>
        </EducationalOrgReference>
    </CohortIdentity>
  </CohortReference>
    <BeginDate>2011-07-01</BeginDate>
  <StudentRecordAccess>true</StudentRecordAccess>
  </StaffCohortAssociation>

</InterchangeStudentCohort>
