<?xml version="1.0" encoding="UTF-8"?>
<InterchangeAssessmentMetadata xmlns:xsi="http://www.w3.org/2001/XMLSchema-instance"
                               xmlns="http://ed-fi.org/0100" xsi:schemaLocation="http://ed-fi.org/0100 ../../sli/common/domain/src/main/resources/edfiXsd/Interchange-AssessmentMetadata.xsd">

  <!-- Grade 7 2011 State Reading Test -->
  <Assessment>
    <AssessmentTitle>Grade 7 2011 State Reading</AssessmentTitle>
    <AssessmentIdentificationCode IdentificationSystem="Test Contractor">
      <ID>Grade 7 2011 State Reading</ID>
    </AssessmentIdentificationCode>
    <AssessmentCategory>State summative assessment 3-8 general</AssessmentCategory>
    <AcademicSubject>Reading</AcademicSubject>
    <GradeLevelAssessed>Seventh grade</GradeLevelAssessed>
    <AssessmentPerformanceLevel>
      <PerformanceLevel>
        <CodeValue>W</CodeValue>
      </PerformanceLevel>
      <AssessmentReportingMethod>Scale score</AssessmentReportingMethod>
      <MinimumScore>120</MinimumScore>
      <MaximumScore>179</MaximumScore>
    </AssessmentPerformanceLevel>
    <AssessmentPerformanceLevel>
      <PerformanceLevel>
        <CodeValue>B</CodeValue>
      </PerformanceLevel>
      <AssessmentReportingMethod>Scale score</AssessmentReportingMethod>
      <MinimumScore>180</MinimumScore>
      <MaximumScore>230</MaximumScore>
    </AssessmentPerformanceLevel>
    <AssessmentPerformanceLevel>
      <PerformanceLevel>
        <CodeValue>S</CodeValue>
      </PerformanceLevel>
      <AssessmentReportingMethod>Scale score</AssessmentReportingMethod>
      <MinimumScore>231</MinimumScore>
      <MaximumScore>277</MaximumScore>
    </AssessmentPerformanceLevel>
    <AssessmentPerformanceLevel>
      <PerformanceLevel>
        <CodeValue>E</CodeValue>
      </PerformanceLevel>
      <AssessmentReportingMethod>Scale score</AssessmentReportingMethod>
      <MinimumScore>278</MinimumScore>
      <MaximumScore>364</MaximumScore>
    </AssessmentPerformanceLevel>
    <ContentStandard>State Standard</ContentStandard>
    <Version>1</Version>
    <RevisionDate>2011-03-12</RevisionDate>
    <MaxRawScore>364</MaxRawScore>
    <AssessmentFamilyReference>
      <AssessmentFamilyIdentity>
        <AssessmentFamilyTitle>State Reading for Grade 7</AssessmentFamilyTitle>
      </AssessmentFamilyIdentity>
    </AssessmentFamilyReference>
  </Assessment>

  <!-- Grade 7 2011 State Writing Test -->
  <Assessment>
    <AssessmentTitle>Grade 7 2011 State Writing</AssessmentTitle>
    <AssessmentIdentificationCode IdentificationSystem="Test Contractor">
      <ID>Grade 7 2011 State Writing</ID>
    </AssessmentIdentificationCode>
    <AssessmentCategory>State summative assessment 3-8 general</AssessmentCategory>
    <AcademicSubject>Writing</AcademicSubject>
    <GradeLevelAssessed>Seventh grade</GradeLevelAssessed>
    <AssessmentPerformanceLevel>
      <PerformanceLevel>
        <CodeValue>W</CodeValue>
      </PerformanceLevel>
      <AssessmentReportingMethod>Scale score</AssessmentReportingMethod>
      <MinimumScore>6</MinimumScore>
      <MaximumScore>14</MaximumScore>
    </AssessmentPerformanceLevel>
    <AssessmentPerformanceLevel>
      <PerformanceLevel>
        <CodeValue>B</CodeValue>
      </PerformanceLevel>
      <AssessmentReportingMethod>Scale score</AssessmentReportingMethod>
      <MinimumScore>15</MinimumScore>
      <MaximumScore>20</MaximumScore>
    </AssessmentPerformanceLevel>
    <AssessmentPerformanceLevel>
      <PerformanceLevel>
        <CodeValue>S</CodeValue>
      </PerformanceLevel>
      <AssessmentReportingMethod>Scale score</AssessmentReportingMethod>
      <MinimumScore>21</MinimumScore>
      <MaximumScore>27</MaximumScore>
    </AssessmentPerformanceLevel>
    <AssessmentPerformanceLevel>
      <PerformanceLevel>
        <CodeValue>E</CodeValue>
      </PerformanceLevel>
      <AssessmentReportingMethod>Scale score</AssessmentReportingMethod>
      <MinimumScore>28</MinimumScore>
      <MaximumScore>33</MaximumScore>
    </AssessmentPerformanceLevel>
    <ContentStandard>State Standard</ContentStandard>
    <Version>1</Version>
    <RevisionDate>2011-03-12</RevisionDate>
    <MaxRawScore>33</MaxRawScore>
    <AssessmentFamilyReference>
      <AssessmentFamilyIdentity>
        <AssessmentFamilyTitle>State Writing for Grade 7</AssessmentFamilyTitle>
      </AssessmentFamilyIdentity>
    </AssessmentFamilyReference>
  </Assessment>

  <!-- Grade 7 2011 State Math Test -->
  <Assessment>
    <AssessmentTitle>Grade 7 2011 State Math</AssessmentTitle>
    <AssessmentIdentificationCode IdentificationSystem="Test Contractor">
      <ID>Grade 7 2011 State Math</ID>
    </AssessmentIdentificationCode>
    <AssessmentCategory>State summative assessment 3-8 general</AssessmentCategory>
    <AcademicSubject>Mathematics</AcademicSubject>
    <GradeLevelAssessed>Seventh grade</GradeLevelAssessed>
    <AssessmentPerformanceLevel>
      <PerformanceLevel>
        <CodeValue>W</CodeValue>
      </PerformanceLevel>
      <AssessmentReportingMethod>Scale score</AssessmentReportingMethod>
      <MinimumScore>6</MinimumScore>
      <MaximumScore>14</MaximumScore>
    </AssessmentPerformanceLevel>
    <AssessmentPerformanceLevel>
      <PerformanceLevel>
        <CodeValue>B</CodeValue>
      </PerformanceLevel>
      <AssessmentReportingMethod>Scale score</AssessmentReportingMethod>
      <MinimumScore>15</MinimumScore>
      <MaximumScore>20</MaximumScore>
    </AssessmentPerformanceLevel>
    <AssessmentPerformanceLevel>
      <PerformanceLevel>
        <CodeValue>S</CodeValue>
      </PerformanceLevel>
      <AssessmentReportingMethod>Scale score</AssessmentReportingMethod>
      <MinimumScore>21</MinimumScore>
      <MaximumScore>27</MaximumScore>
    </AssessmentPerformanceLevel>
    <AssessmentPerformanceLevel>
      <PerformanceLevel>
        <CodeValue>E</CodeValue>
      </PerformanceLevel>
      <AssessmentReportingMethod>Scale score</AssessmentReportingMethod>
      <MinimumScore>28</MinimumScore>
      <MaximumScore>33</MaximumScore>
    </AssessmentPerformanceLevel>
    <ContentStandard>State Standard</ContentStandard>
    <Version>1</Version>
    <RevisionDate>2011-03-12</RevisionDate>
    <MaxRawScore>33</MaxRawScore>
    <AssessmentFamilyReference>
      <AssessmentFamilyIdentity>
        <AssessmentFamilyTitle>State Math for Grade 7</AssessmentFamilyTitle>
      </AssessmentFamilyIdentity>
    </AssessmentFamilyReference>
  </Assessment>

  <!-- Grade 6 2010 State Reading Test -->
  <Assessment>
    <AssessmentTitle>Grade 6 2010 State Reading</AssessmentTitle>
    <AssessmentIdentificationCode IdentificationSystem="Test Contractor">
      <ID>Grade 6 2010 State Reading</ID>
    </AssessmentIdentificationCode>
    <AssessmentCategory>State summative assessment 3-8 general</AssessmentCategory>
    <AcademicSubject>Reading</AcademicSubject>
    <GradeLevelAssessed>Sixth grade</GradeLevelAssessed>
    <AssessmentPerformanceLevel>
      <PerformanceLevel>
        <CodeValue>W</CodeValue>
      </PerformanceLevel>
      <AssessmentReportingMethod>Scale score</AssessmentReportingMethod>
      <MinimumScore>120</MinimumScore>
      <MaximumScore>179</MaximumScore>
    </AssessmentPerformanceLevel>
    <AssessmentPerformanceLevel>
      <PerformanceLevel>
        <CodeValue>B</CodeValue>
      </PerformanceLevel>
      <AssessmentReportingMethod>Scale score</AssessmentReportingMethod>
      <MinimumScore>180</MinimumScore>
      <MaximumScore>230</MaximumScore>
    </AssessmentPerformanceLevel>
    <AssessmentPerformanceLevel>
      <PerformanceLevel>
        <CodeValue>S</CodeValue>
      </PerformanceLevel>
      <AssessmentReportingMethod>Scale score</AssessmentReportingMethod>
      <MinimumScore>231</MinimumScore>
      <MaximumScore>277</MaximumScore>
    </AssessmentPerformanceLevel>
    <AssessmentPerformanceLevel>
      <PerformanceLevel>
        <CodeValue>E</CodeValue>
      </PerformanceLevel>
      <AssessmentReportingMethod>Scale score</AssessmentReportingMethod>
      <MinimumScore>278</MinimumScore>
      <MaximumScore>364</MaximumScore>
    </AssessmentPerformanceLevel>
    <ContentStandard>State Standard</ContentStandard>
    <Version>1</Version>
    <RevisionDate>2011-03-12</RevisionDate>
    <MaxRawScore>364</MaxRawScore>
    <AssessmentFamilyReference>
      <AssessmentFamilyIdentity>
        <AssessmentFamilyTitle>State Reading for Grade 6</AssessmentFamilyTitle>
      </AssessmentFamilyIdentity>
    </AssessmentFamilyReference>
  </Assessment>

  <!-- Grade 6 2010 State Math Test -->
  <Assessment>
    <AssessmentTitle>Grade 6 2010 State Math</AssessmentTitle>
    <AssessmentIdentificationCode IdentificationSystem="Test Contractor">
      <ID>Grade 6 2010 State Math</ID>
    </AssessmentIdentificationCode>
    <AssessmentCategory>State summative assessment 3-8 general</AssessmentCategory>
    <AcademicSubject>Mathematics</AcademicSubject>
    <GradeLevelAssessed>Sixth grade</GradeLevelAssessed>
    <AssessmentPerformanceLevel>
      <PerformanceLevel>
        <CodeValue>W</CodeValue>
      </PerformanceLevel>
      <AssessmentReportingMethod>Scale score</AssessmentReportingMethod>
      <MinimumScore>120</MinimumScore>
      <MaximumScore>179</MaximumScore>
    </AssessmentPerformanceLevel>
    <AssessmentPerformanceLevel>
      <PerformanceLevel>
        <CodeValue>B</CodeValue>
      </PerformanceLevel>
      <AssessmentReportingMethod>Scale score</AssessmentReportingMethod>
      <MinimumScore>180</MinimumScore>
      <MaximumScore>230</MaximumScore>
    </AssessmentPerformanceLevel>
    <AssessmentPerformanceLevel>
      <PerformanceLevel>
        <CodeValue>S</CodeValue>
      </PerformanceLevel>
      <AssessmentReportingMethod>Scale score</AssessmentReportingMethod>
      <MinimumScore>231</MinimumScore>
      <MaximumScore>277</MaximumScore>
    </AssessmentPerformanceLevel>
    <AssessmentPerformanceLevel>
      <PerformanceLevel>
        <CodeValue>E</CodeValue>
      </PerformanceLevel>
      <AssessmentReportingMethod>Scale score</AssessmentReportingMethod>
      <MinimumScore>278</MinimumScore>
      <MaximumScore>364</MaximumScore>
    </AssessmentPerformanceLevel>
    <ContentStandard>State Standard</ContentStandard>
    <Version>1</Version>
    <RevisionDate>2011-03-12</RevisionDate>
    <MaxRawScore>364</MaxRawScore>
    <AssessmentFamilyReference>
      <AssessmentFamilyIdentity>
        <AssessmentFamilyTitle>State Math for Grade 6</AssessmentFamilyTitle>
      </AssessmentFamilyIdentity>
    </AssessmentFamilyReference>
  </Assessment>

  <!-- Grade 5 2009 State Reading Test -->
  <Assessment>
    <AssessmentTitle>Grade 5 2009 State Reading</AssessmentTitle>
    <AssessmentIdentificationCode IdentificationSystem="Test Contractor">
      <ID>Grade 5 2009 State Reading</ID>
    </AssessmentIdentificationCode>
    <AssessmentCategory>State summative assessment 3-8 general</AssessmentCategory>
    <AcademicSubject>Reading</AcademicSubject>
    <GradeLevelAssessed>Fifth grade</GradeLevelAssessed>
    <AssessmentPerformanceLevel>
      <PerformanceLevel>
        <CodeValue>W</CodeValue>
      </PerformanceLevel>
      <AssessmentReportingMethod>Scale score</AssessmentReportingMethod>
      <MinimumScore>120</MinimumScore>
      <MaximumScore>179</MaximumScore>
    </AssessmentPerformanceLevel>
    <AssessmentPerformanceLevel>
      <PerformanceLevel>
        <CodeValue>B</CodeValue>
      </PerformanceLevel>
      <AssessmentReportingMethod>Scale score</AssessmentReportingMethod>
      <MinimumScore>180</MinimumScore>
      <MaximumScore>230</MaximumScore>
    </AssessmentPerformanceLevel>
    <AssessmentPerformanceLevel>
      <PerformanceLevel>
        <CodeValue>S</CodeValue>
      </PerformanceLevel>
      <AssessmentReportingMethod>Scale score</AssessmentReportingMethod>
      <MinimumScore>231</MinimumScore>
      <MaximumScore>277</MaximumScore>
    </AssessmentPerformanceLevel>
    <AssessmentPerformanceLevel>
      <PerformanceLevel>
        <CodeValue>E</CodeValue>
      </PerformanceLevel>
      <AssessmentReportingMethod>Scale score</AssessmentReportingMethod>
      <MinimumScore>278</MinimumScore>
      <MaximumScore>364</MaximumScore>
    </AssessmentPerformanceLevel>
    <ContentStandard>State Standard</ContentStandard>
    <Version>1</Version>
    <RevisionDate>2011-03-12</RevisionDate>
    <MaxRawScore>364</MaxRawScore>
    <AssessmentFamilyReference>
      <AssessmentFamilyIdentity>
        <AssessmentFamilyTitle>State Reading for Grade 5</AssessmentFamilyTitle>
      </AssessmentFamilyIdentity>
    </AssessmentFamilyReference>
  </Assessment>

  <!-- Grade 5 2009 State Math Test -->
  <Assessment>
    <AssessmentTitle>Grade 5 2009 State Math</AssessmentTitle>
    <AssessmentIdentificationCode IdentificationSystem="Test Contractor">
      <ID>Grade 5 2009 State Math</ID>
    </AssessmentIdentificationCode>
    <AssessmentCategory>State summative assessment 3-8 general</AssessmentCategory>
    <AcademicSubject>Mathematics</AcademicSubject>
    <GradeLevelAssessed>Fifth grade</GradeLevelAssessed>
    <AssessmentPerformanceLevel>
      <PerformanceLevel>
        <CodeValue>W</CodeValue>
      </PerformanceLevel>
      <AssessmentReportingMethod>Scale score</AssessmentReportingMethod>
      <MinimumScore>120</MinimumScore>
      <MaximumScore>179</MaximumScore>
    </AssessmentPerformanceLevel>
    <AssessmentPerformanceLevel>
      <PerformanceLevel>
        <CodeValue>B</CodeValue>
      </PerformanceLevel>
      <AssessmentReportingMethod>Scale score</AssessmentReportingMethod>
      <MinimumScore>180</MinimumScore>
      <MaximumScore>230</MaximumScore>
    </AssessmentPerformanceLevel>
    <AssessmentPerformanceLevel>
      <PerformanceLevel>
        <CodeValue>S</CodeValue>
      </PerformanceLevel>
      <AssessmentReportingMethod>Scale score</AssessmentReportingMethod>
      <MinimumScore>231</MinimumScore>
      <MaximumScore>277</MaximumScore>
    </AssessmentPerformanceLevel>
    <AssessmentPerformanceLevel>
      <PerformanceLevel>
        <CodeValue>E</CodeValue>
      </PerformanceLevel>
      <AssessmentReportingMethod>Scale score</AssessmentReportingMethod>
      <MinimumScore>278</MinimumScore>
      <MaximumScore>364</MaximumScore>
    </AssessmentPerformanceLevel>
    <ContentStandard>State Standard</ContentStandard>
    <Version>1</Version>
    <RevisionDate>2011-03-12</RevisionDate>
    <MaxRawScore>364</MaxRawScore>
    <AssessmentFamilyReference>
      <AssessmentFamilyIdentity>
        <AssessmentFamilyTitle>State Math for Grade 5</AssessmentFamilyTitle>
      </AssessmentFamilyIdentity>
    </AssessmentFamilyReference>
  </Assessment>

  <!-- Grade 4 2008 State Reading Test -->
  <Assessment>
    <AssessmentTitle>Grade 4 2008 State Reading</AssessmentTitle>
    <AssessmentIdentificationCode IdentificationSystem="Test Contractor">
      <ID>Grade 4 2008 State Reading</ID>
    </AssessmentIdentificationCode>
    <AssessmentCategory>State summative assessment 3-8 general</AssessmentCategory>
    <AcademicSubject>Reading</AcademicSubject>
    <GradeLevelAssessed>Fourth grade</GradeLevelAssessed>
    <AssessmentPerformanceLevel>
      <PerformanceLevel>
        <CodeValue>W</CodeValue>
      </PerformanceLevel>
      <AssessmentReportingMethod>Scale score</AssessmentReportingMethod>
      <MinimumScore>120</MinimumScore>
      <MaximumScore>179</MaximumScore>
    </AssessmentPerformanceLevel>
    <AssessmentPerformanceLevel>
      <PerformanceLevel>
        <CodeValue>B</CodeValue>
      </PerformanceLevel>
      <AssessmentReportingMethod>Scale score</AssessmentReportingMethod>
      <MinimumScore>180</MinimumScore>
      <MaximumScore>230</MaximumScore>
    </AssessmentPerformanceLevel>
    <AssessmentPerformanceLevel>
      <PerformanceLevel>
        <CodeValue>S</CodeValue>
      </PerformanceLevel>
      <AssessmentReportingMethod>Scale score</AssessmentReportingMethod>
      <MinimumScore>231</MinimumScore>
      <MaximumScore>277</MaximumScore>
    </AssessmentPerformanceLevel>
    <AssessmentPerformanceLevel>
      <PerformanceLevel>
        <CodeValue>E</CodeValue>
      </PerformanceLevel>
      <AssessmentReportingMethod>Scale score</AssessmentReportingMethod>
      <MinimumScore>278</MinimumScore>
      <MaximumScore>364</MaximumScore>
    </AssessmentPerformanceLevel>
    <ContentStandard>State Standard</ContentStandard>
    <Version>1</Version>
    <RevisionDate>2011-03-12</RevisionDate>
    <MaxRawScore>364</MaxRawScore>
    <AssessmentFamilyReference>
      <AssessmentFamilyIdentity>
        <AssessmentFamilyTitle>State Reading for Grade 4</AssessmentFamilyTitle>
      </AssessmentFamilyIdentity>
    </AssessmentFamilyReference>
  </Assessment>

  <!-- Grade 4 2008 State Math Test -->
  <Assessment>
    <AssessmentTitle>Grade 4 2008 State Math</AssessmentTitle>
    <AssessmentIdentificationCode IdentificationSystem="Test Contractor">
      <ID>Grade 4 2008 State Math</ID>
    </AssessmentIdentificationCode>
    <AssessmentCategory>State summative assessment 3-8 general</AssessmentCategory>
    <AcademicSubject>Mathematics</AcademicSubject>
    <GradeLevelAssessed>Fourth grade</GradeLevelAssessed>
    <AssessmentPerformanceLevel>
      <PerformanceLevel>
        <CodeValue>W</CodeValue>
      </PerformanceLevel>
      <AssessmentReportingMethod>Scale score</AssessmentReportingMethod>
      <MinimumScore>120</MinimumScore>
      <MaximumScore>179</MaximumScore>
    </AssessmentPerformanceLevel>
    <AssessmentPerformanceLevel>
      <PerformanceLevel>
        <CodeValue>B</CodeValue>
      </PerformanceLevel>
      <AssessmentReportingMethod>Scale score</AssessmentReportingMethod>
      <MinimumScore>180</MinimumScore>
      <MaximumScore>230</MaximumScore>
    </AssessmentPerformanceLevel>
    <AssessmentPerformanceLevel>
      <PerformanceLevel>
        <CodeValue>S</CodeValue>
      </PerformanceLevel>
      <AssessmentReportingMethod>Scale score</AssessmentReportingMethod>
      <MinimumScore>231</MinimumScore>
      <MaximumScore>277</MaximumScore>
    </AssessmentPerformanceLevel>
    <AssessmentPerformanceLevel>
      <PerformanceLevel>
        <CodeValue>E</CodeValue>
      </PerformanceLevel>
      <AssessmentReportingMethod>Scale score</AssessmentReportingMethod>
      <MinimumScore>278</MinimumScore>
      <MaximumScore>364</MaximumScore>
    </AssessmentPerformanceLevel>
    <ContentStandard>State Standard</ContentStandard>
    <Version>1</Version>
    <RevisionDate>2011-03-12</RevisionDate>
    <MaxRawScore>364</MaxRawScore>
    <AssessmentFamilyReference>
      <AssessmentFamilyIdentity>
        <AssessmentFamilyTitle>State Math for Grade 4</AssessmentFamilyTitle>
      </AssessmentFamilyIdentity>
    </AssessmentFamilyReference>
  </Assessment>

  <!-- Grade 3 2007 State Reading Test -->
  <Assessment>
    <AssessmentTitle>Grade 3 2007 State Reading</AssessmentTitle>
    <AssessmentIdentificationCode IdentificationSystem="Test Contractor">
      <ID>Grade 3 2007 State Reading</ID>
    </AssessmentIdentificationCode>
    <AssessmentCategory>State summative assessment 3-8 general</AssessmentCategory>
    <AcademicSubject>Reading</AcademicSubject>
    <GradeLevelAssessed>Third grade</GradeLevelAssessed>
    <AssessmentPerformanceLevel>
      <PerformanceLevel>
        <CodeValue>W</CodeValue>
      </PerformanceLevel>
      <AssessmentReportingMethod>Scale score</AssessmentReportingMethod>
      <MinimumScore>120</MinimumScore>
      <MaximumScore>179</MaximumScore>
    </AssessmentPerformanceLevel>
    <AssessmentPerformanceLevel>
      <PerformanceLevel>
        <CodeValue>B</CodeValue>
      </PerformanceLevel>
      <AssessmentReportingMethod>Scale score</AssessmentReportingMethod>
      <MinimumScore>180</MinimumScore>
      <MaximumScore>230</MaximumScore>
    </AssessmentPerformanceLevel>
    <AssessmentPerformanceLevel>
      <PerformanceLevel>
        <CodeValue>S</CodeValue>
      </PerformanceLevel>
      <AssessmentReportingMethod>Scale score</AssessmentReportingMethod>
      <MinimumScore>231</MinimumScore>
      <MaximumScore>277</MaximumScore>
    </AssessmentPerformanceLevel>
    <AssessmentPerformanceLevel>
      <PerformanceLevel>
        <CodeValue>E</CodeValue>
      </PerformanceLevel>
      <AssessmentReportingMethod>Scale score</AssessmentReportingMethod>
      <MinimumScore>278</MinimumScore>
      <MaximumScore>364</MaximumScore>
    </AssessmentPerformanceLevel>
    <ContentStandard>State Standard</ContentStandard>
    <Version>1</Version>
    <RevisionDate>2011-03-12</RevisionDate>
    <MaxRawScore>364</MaxRawScore>
    <AssessmentFamilyReference>
      <AssessmentFamilyIdentity>
        <AssessmentFamilyTitle>State Reading for Grade 3</AssessmentFamilyTitle>
      </AssessmentFamilyIdentity>
    </AssessmentFamilyReference>
  </Assessment>

  <!-- Grade 3 2007 State Writing Test -->
  <Assessment>
    <AssessmentTitle>Grade 3 2007 State Writing</AssessmentTitle>
    <AssessmentIdentificationCode IdentificationSystem="Test Contractor">
      <ID>Grade 3 2007 State Writing</ID>
    </AssessmentIdentificationCode>
    <AssessmentCategory>State summative assessment 3-8 general</AssessmentCategory>
    <AcademicSubject>Writing</AcademicSubject>
    <GradeLevelAssessed>Third grade</GradeLevelAssessed>
    <AssessmentPerformanceLevel>
      <PerformanceLevel>
        <CodeValue>W</CodeValue>
      </PerformanceLevel>
      <AssessmentReportingMethod>Scale score</AssessmentReportingMethod>
      <MinimumScore>6</MinimumScore>
      <MaximumScore>14</MaximumScore>
    </AssessmentPerformanceLevel>
    <AssessmentPerformanceLevel>
      <PerformanceLevel>
        <CodeValue>B</CodeValue>
      </PerformanceLevel>
      <AssessmentReportingMethod>Scale score</AssessmentReportingMethod>
      <MinimumScore>15</MinimumScore>
      <MaximumScore>20</MaximumScore>
    </AssessmentPerformanceLevel>
    <AssessmentPerformanceLevel>
      <PerformanceLevel>
        <CodeValue>S</CodeValue>
      </PerformanceLevel>
      <AssessmentReportingMethod>Scale score</AssessmentReportingMethod>
      <MinimumScore>21</MinimumScore>
      <MaximumScore>27</MaximumScore>
    </AssessmentPerformanceLevel>
    <AssessmentPerformanceLevel>
      <PerformanceLevel>
        <CodeValue>E</CodeValue>
      </PerformanceLevel>
      <AssessmentReportingMethod>Scale score</AssessmentReportingMethod>
      <MinimumScore>28</MinimumScore>
      <MaximumScore>33</MaximumScore>
    </AssessmentPerformanceLevel>
    <ContentStandard>State Standard</ContentStandard>
    <Version>1</Version>
    <RevisionDate>2011-03-12</RevisionDate>
    <MaxRawScore>33</MaxRawScore>
    <AssessmentFamilyReference>
      <AssessmentFamilyIdentity>
        <AssessmentFamilyTitle>State Writing for Grade 3</AssessmentFamilyTitle>
      </AssessmentFamilyIdentity>
    </AssessmentFamilyReference>
  </Assessment>

  <!-- Grade 3 2007 State Math Test -->
  <Assessment>
    <AssessmentTitle>Grade 3 2007 State Math</AssessmentTitle>
    <AssessmentIdentificationCode IdentificationSystem="Test Contractor">
      <ID>Grade 3 2007 State Math</ID>
    </AssessmentIdentificationCode>
    <AssessmentCategory>State summative assessment 3-8 general</AssessmentCategory>
    <AcademicSubject>Mathematics</AcademicSubject>
    <GradeLevelAssessed>Third grade</GradeLevelAssessed>
    <AssessmentPerformanceLevel>
      <PerformanceLevel>
        <CodeValue>W</CodeValue>
      </PerformanceLevel>
      <AssessmentReportingMethod>Scale score</AssessmentReportingMethod>
      <MinimumScore>6</MinimumScore>
      <MaximumScore>14</MaximumScore>
    </AssessmentPerformanceLevel>
    <AssessmentPerformanceLevel>
      <PerformanceLevel>
        <CodeValue>B</CodeValue>
      </PerformanceLevel>
      <AssessmentReportingMethod>Scale score</AssessmentReportingMethod>
      <MinimumScore>15</MinimumScore>
      <MaximumScore>20</MaximumScore>
    </AssessmentPerformanceLevel>
    <AssessmentPerformanceLevel>
      <PerformanceLevel>
        <CodeValue>S</CodeValue>
      </PerformanceLevel>
      <AssessmentReportingMethod>Scale score</AssessmentReportingMethod>
      <MinimumScore>21</MinimumScore>
      <MaximumScore>27</MaximumScore>
    </AssessmentPerformanceLevel>
    <AssessmentPerformanceLevel>
      <PerformanceLevel>
        <CodeValue>E</CodeValue>
      </PerformanceLevel>
      <AssessmentReportingMethod>Scale score</AssessmentReportingMethod>
      <MinimumScore>28</MinimumScore>
      <MaximumScore>33</MaximumScore>
    </AssessmentPerformanceLevel>
    <ContentStandard>State Standard</ContentStandard>
    <Version>1</Version>
    <RevisionDate>2011-03-12</RevisionDate>
    <MaxRawScore>33</MaxRawScore>
    <AssessmentFamilyReference>
      <AssessmentFamilyIdentity>
        <AssessmentFamilyTitle>State Math for Grade 3</AssessmentFamilyTitle>
      </AssessmentFamilyIdentity>
    </AssessmentFamilyReference>
  </Assessment>

  <AssessmentFamily>
    <AssessmentFamilyTitle>State Assessments</AssessmentFamilyTitle>
    <AssessmentFamilyIdentificationCode
            IdentificationSystem="Test Contractor">
      <ID>State</ID>
    </AssessmentFamilyIdentificationCode>
  </AssessmentFamily>

  <AssessmentFamily>
    <AssessmentFamilyTitle>State Reading Assessments</AssessmentFamilyTitle>
    <AssessmentFamilyIdentificationCode
            IdentificationSystem="Test Contractor">
      <ID>State Reading</ID>
    </AssessmentFamilyIdentificationCode>
    <AssessmentFamilyReference>
      <AssessmentFamilyIdentity>
        <AssessmentFamilyTitle>State Assessments</AssessmentFamilyTitle>
      </AssessmentFamilyIdentity>
    </AssessmentFamilyReference>
  </AssessmentFamily>

  <AssessmentFamily>
    <AssessmentFamilyTitle>State Reading for Grades 3-8</AssessmentFamilyTitle>
    <AssessmentFamilyIdentificationCode
            IdentificationSystem="Test Contractor">
      <ID>State Reading for Grades 3-8</ID>
    </AssessmentFamilyIdentificationCode>
    <AssessmentFamilyReference>
      <AssessmentFamilyIdentity>
        <AssessmentFamilyTitle>State Reading Assessments</AssessmentFamilyTitle>
      </AssessmentFamilyIdentity>
    </AssessmentFamilyReference>
  </AssessmentFamily>

  <AssessmentFamily>
    <AssessmentFamilyTitle>State Reading for Grade 8</AssessmentFamilyTitle>
    <AssessmentFamilyIdentificationCode
            IdentificationSystem="Test Contractor">
      <ID>State Reading for Grade 8</ID>
    </AssessmentFamilyIdentificationCode>
    <AssessmentFamilyReference>
      <AssessmentFamilyIdentity>
        <AssessmentFamilyTitle>State Reading for Grades 3-8</AssessmentFamilyTitle>
      </AssessmentFamilyIdentity>
    </AssessmentFamilyReference>
  </AssessmentFamily>
  <AssessmentFamily>
    <AssessmentFamilyTitle>State Reading for Grade 7</AssessmentFamilyTitle>
    <AssessmentFamilyIdentificationCode
            IdentificationSystem="Test Contractor">
      <ID>State Reading for Grade 7</ID>
    </AssessmentFamilyIdentificationCode>
    <AssessmentFamilyReference>
      <AssessmentFamilyIdentity>
        <AssessmentFamilyTitle>State Reading for Grades 3-8</AssessmentFamilyTitle>
      </AssessmentFamilyIdentity>
    </AssessmentFamilyReference>
  </AssessmentFamily>
  <AssessmentFamily>
    <AssessmentFamilyTitle>State Reading for Grade 6</AssessmentFamilyTitle>
    <AssessmentFamilyIdentificationCode
            IdentificationSystem="Test Contractor">
      <ID>State Reading for Grade 6</ID>
    </AssessmentFamilyIdentificationCode>
    <AssessmentFamilyReference>
      <AssessmentFamilyIdentity>
        <AssessmentFamilyTitle>State Reading for Grades 3-8</AssessmentFamilyTitle>
      </AssessmentFamilyIdentity>
    </AssessmentFamilyReference>
  </AssessmentFamily>
  <AssessmentFamily>
    <AssessmentFamilyTitle>State Reading for Grade 5</AssessmentFamilyTitle>
    <AssessmentFamilyIdentificationCode
            IdentificationSystem="Test Contractor">
      <ID>State Reading for Grade 5</ID>
    </AssessmentFamilyIdentificationCode>
    <AssessmentFamilyReference>
      <AssessmentFamilyIdentity>
        <AssessmentFamilyTitle>State Reading for Grades 3-8</AssessmentFamilyTitle>
      </AssessmentFamilyIdentity>
    </AssessmentFamilyReference>
  </AssessmentFamily>
  <AssessmentFamily>
    <AssessmentFamilyTitle>State Reading for Grade 4</AssessmentFamilyTitle>
    <AssessmentFamilyIdentificationCode
            IdentificationSystem="Test Contractor">
      <ID>State Reading for Grade 4</ID>
    </AssessmentFamilyIdentificationCode>
    <AssessmentFamilyReference>
      <AssessmentFamilyIdentity>
        <AssessmentFamilyTitle>State Reading for Grades 3-8</AssessmentFamilyTitle>
      </AssessmentFamilyIdentity>
    </AssessmentFamilyReference>
  </AssessmentFamily>
  <AssessmentFamily>
    <AssessmentFamilyTitle>State Reading for Grade 3</AssessmentFamilyTitle>
    <AssessmentFamilyIdentificationCode
            IdentificationSystem="Test Contractor">
      <ID>State Reading for Grade 3</ID>
    </AssessmentFamilyIdentificationCode>
    <AssessmentFamilyReference>
      <AssessmentFamilyIdentity>
        <AssessmentFamilyTitle>State Reading for Grades 3-8</AssessmentFamilyTitle>
      </AssessmentFamilyIdentity>
    </AssessmentFamilyReference>
  </AssessmentFamily>

  <AssessmentFamily>
    <AssessmentFamilyTitle>State Writing Assessments</AssessmentFamilyTitle>
    <AssessmentFamilyIdentificationCode
            IdentificationSystem="Test Contractor">
      <ID>State Writing</ID>
    </AssessmentFamilyIdentificationCode>
    <AssessmentFamilyReference>
      <AssessmentFamilyIdentity>
        <AssessmentFamilyTitle>State Assessments</AssessmentFamilyTitle>
      </AssessmentFamilyIdentity>
    </AssessmentFamilyReference>
  </AssessmentFamily>
  <AssessmentFamily>
    <AssessmentFamilyTitle>State Writing for Grades 3-8</AssessmentFamilyTitle>
    <AssessmentFamilyIdentificationCode
            IdentificationSystem="Test Contractor">
      <ID>State Writing for Grades 3-8</ID>
    </AssessmentFamilyIdentificationCode>
    <AssessmentFamilyReference>
      <AssessmentFamilyIdentity>
        <AssessmentFamilyTitle>State Writing Assessments</AssessmentFamilyTitle>
      </AssessmentFamilyIdentity>
    </AssessmentFamilyReference>
  </AssessmentFamily>
  <AssessmentFamily>
    <AssessmentFamilyTitle>State Writing for Grade 8</AssessmentFamilyTitle>
    <AssessmentFamilyIdentificationCode
            IdentificationSystem="Test Contractor">
      <ID>State Writing for Grade 8</ID>
    </AssessmentFamilyIdentificationCode>
    <AssessmentFamilyReference>
      <AssessmentFamilyIdentity>
        <AssessmentFamilyTitle>State Writing for Grades 3-8</AssessmentFamilyTitle>
      </AssessmentFamilyIdentity>
    </AssessmentFamilyReference>
  </AssessmentFamily>
  <AssessmentFamily>
    <AssessmentFamilyTitle>State Writing for Grade 7</AssessmentFamilyTitle>
    <AssessmentFamilyIdentificationCode
            IdentificationSystem="Test Contractor">
      <ID>State Writing for Grade 7</ID>
    </AssessmentFamilyIdentificationCode>
    <AssessmentFamilyReference>
      <AssessmentFamilyIdentity>
        <AssessmentFamilyTitle>State Writing for Grades 3-8</AssessmentFamilyTitle>
      </AssessmentFamilyIdentity>
    </AssessmentFamilyReference>
  </AssessmentFamily>
  <AssessmentFamily>
    <AssessmentFamilyTitle>State Writing for Grade 6</AssessmentFamilyTitle>
    <AssessmentFamilyIdentificationCode
            IdentificationSystem="Test Contractor">
      <ID>State Writing for Grade 6</ID>
    </AssessmentFamilyIdentificationCode>
    <AssessmentFamilyReference>
      <AssessmentFamilyIdentity>
        <AssessmentFamilyTitle>State Writing for Grades 3-8</AssessmentFamilyTitle>
      </AssessmentFamilyIdentity>
    </AssessmentFamilyReference>
  </AssessmentFamily>
  <AssessmentFamily>
    <AssessmentFamilyTitle>State Writing for Grade 5</AssessmentFamilyTitle>
    <AssessmentFamilyIdentificationCode
            IdentificationSystem="Test Contractor">
      <ID>State Writing for Grade 5</ID>
    </AssessmentFamilyIdentificationCode>
    <AssessmentFamilyReference>
      <AssessmentFamilyIdentity>
        <AssessmentFamilyTitle>State Writing for Grades 3-8</AssessmentFamilyTitle>
      </AssessmentFamilyIdentity>
    </AssessmentFamilyReference>
  </AssessmentFamily>
  <AssessmentFamily>
    <AssessmentFamilyTitle>State Writing for Grade 4</AssessmentFamilyTitle>
    <AssessmentFamilyIdentificationCode
            IdentificationSystem="Test Contractor">
      <ID>State Writing for Grade 4</ID>
    </AssessmentFamilyIdentificationCode>
    <AssessmentFamilyReference>
      <AssessmentFamilyIdentity>
        <AssessmentFamilyTitle>State Writing for Grades 3-8</AssessmentFamilyTitle>
      </AssessmentFamilyIdentity>
    </AssessmentFamilyReference>
  </AssessmentFamily>
  <AssessmentFamily>
    <AssessmentFamilyTitle>State Writing for Grade 3</AssessmentFamilyTitle>
    <AssessmentFamilyIdentificationCode
            IdentificationSystem="Test Contractor">
      <ID>State Writing for Grade 3</ID>
    </AssessmentFamilyIdentificationCode>
    <AssessmentFamilyReference>
      <AssessmentFamilyIdentity>
        <AssessmentFamilyTitle>State Writing for Grades 3-8</AssessmentFamilyTitle>
      </AssessmentFamilyIdentity>
    </AssessmentFamilyReference>
  </AssessmentFamily>

  <AssessmentFamily>
    <AssessmentFamilyTitle>State Math Assessments</AssessmentFamilyTitle>
    <AssessmentFamilyIdentificationCode
            IdentificationSystem="Test Contractor">
      <ID>State Math</ID>
    </AssessmentFamilyIdentificationCode>
    <AssessmentFamilyReference>
      <AssessmentFamilyIdentity>
        <AssessmentFamilyTitle>State Math Assessments</AssessmentFamilyTitle>
      </AssessmentFamilyIdentity>
    </AssessmentFamilyReference>
  </AssessmentFamily>
  <AssessmentFamily>
    <AssessmentFamilyTitle>State Math for Grades 3-8</AssessmentFamilyTitle>
    <AssessmentFamilyIdentificationCode
            IdentificationSystem="Test Contractor">
      <ID>State Math for Grades 3-8</ID>
    </AssessmentFamilyIdentificationCode>
    <AssessmentFamilyReference>
      <AssessmentFamilyIdentity>
        <AssessmentFamilyTitle>State Math Assessments</AssessmentFamilyTitle>
      </AssessmentFamilyIdentity>
    </AssessmentFamilyReference>
  </AssessmentFamily>
  <AssessmentFamily>
    <AssessmentFamilyTitle>State Math for Grade 8</AssessmentFamilyTitle>
    <AssessmentFamilyIdentificationCode
            IdentificationSystem="Test Contractor">
      <ID>State Math for Grade 8</ID>
    </AssessmentFamilyIdentificationCode>
    <AssessmentFamilyReference>
      <AssessmentFamilyIdentity>
        <AssessmentFamilyTitle>State Math for Grades 3-8</AssessmentFamilyTitle>
      </AssessmentFamilyIdentity>
    </AssessmentFamilyReference>
  </AssessmentFamily>
  <AssessmentFamily>
    <AssessmentFamilyTitle>State Math for Grade 7</AssessmentFamilyTitle>
    <AssessmentFamilyIdentificationCode
            IdentificationSystem="Test Contractor">
      <ID>State Math for Grade 7</ID>
    </AssessmentFamilyIdentificationCode>
    <AssessmentFamilyReference>
      <AssessmentFamilyIdentity>
        <AssessmentFamilyTitle>State Math for Grades 3-8</AssessmentFamilyTitle>
      </AssessmentFamilyIdentity>
    </AssessmentFamilyReference>
  </AssessmentFamily>
  <AssessmentFamily>
    <AssessmentFamilyTitle>State Math for Grade 6</AssessmentFamilyTitle>
    <AssessmentFamilyIdentificationCode
            IdentificationSystem="Test Contractor">
      <ID>State Math for Grade 6</ID>
    </AssessmentFamilyIdentificationCode>
    <AssessmentFamilyReference>
      <AssessmentFamilyIdentity>
        <AssessmentFamilyTitle>State Math for Grades 3-8</AssessmentFamilyTitle>
      </AssessmentFamilyIdentity>
    </AssessmentFamilyReference>
  </AssessmentFamily>
  <AssessmentFamily>
    <AssessmentFamilyTitle>State Math for Grade 5</AssessmentFamilyTitle>
    <AssessmentFamilyIdentificationCode
            IdentificationSystem="Test Contractor">
      <ID>State Math for Grade 5</ID>
    </AssessmentFamilyIdentificationCode>
    <AssessmentFamilyReference>
      <AssessmentFamilyIdentity>
        <AssessmentFamilyTitle>State Math for Grades 3-8</AssessmentFamilyTitle>
      </AssessmentFamilyIdentity>
    </AssessmentFamilyReference>
  </AssessmentFamily>
  <AssessmentFamily>
    <AssessmentFamilyTitle>State Math for Grade 4</AssessmentFamilyTitle>
    <AssessmentFamilyIdentificationCode
            IdentificationSystem="Test Contractor">
      <ID>State Math for Grade 4</ID>
    </AssessmentFamilyIdentificationCode>
    <AssessmentFamilyReference>
      <AssessmentFamilyIdentity>
        <AssessmentFamilyTitle>State Math for Grades 3-8</AssessmentFamilyTitle>
      </AssessmentFamilyIdentity>
    </AssessmentFamilyReference>
  </AssessmentFamily>
  <AssessmentFamily>
    <AssessmentFamilyTitle>State Math for Grade 3</AssessmentFamilyTitle>
    <AssessmentFamilyIdentificationCode
            IdentificationSystem="Test Contractor">
      <ID>State Math for Grade 3</ID>
    </AssessmentFamilyIdentificationCode>
    <AssessmentFamilyReference>
      <AssessmentFamilyIdentity>
        <AssessmentFamilyTitle>State Math for Grades 3-8</AssessmentFamilyTitle>
      </AssessmentFamilyIdentity>
    </AssessmentFamilyReference>
  </AssessmentFamily>

</InterchangeAssessmentMetadata>
