<?xml version="1.0" encoding="UTF-8"?>
<InterchangeStudentAssessment xmlns:xsi="http://www.w3.org/2001/XMLSchema-instance" xmlns="http://ed-fi.org/0100" xsi:schemaLocation="http://ed-fi.org/0100 ../../sli/common/domain/src/main/resources/edfiXsd/Interchange-StudentAssessment.xsd">

   <StudentAssessment>
      <AdministrationDate>2008-10-01</AdministrationDate>
      <AdministrationEndDate>2008-10-01</AdministrationEndDate>
      <SerialNumber>2</SerialNumber>
      <AdministrationLanguage>English</AdministrationLanguage>
      <AdministrationEnvironment>Testing Center</AdministrationEnvironment>
      <LinguisticAccommodations>
           <LinguisticAccommodation>English Dictionary</LinguisticAccommodation>
      </LinguisticAccommodations>
      <RetestIndicator>Primary Administration</RetestIndicator>
      <ReasonNotTested>Medical waiver</ReasonNotTested>
      <ScoreResults AssessmentReportingMethod="Scale score">
          <Result>7</Result>
      </ScoreResults>
      <GradeLevelWhenAssessed>Fourth grade</GradeLevelWhenAssessed>
      <PerformanceLevels>
           <CodeValue>MS</CodeValue>
      </PerformanceLevels>
      <StudentReference>
           <StudentIdentity>
                <StudentUniqueStateId>800000025</StudentUniqueStateId>
           </StudentIdentity>
      </StudentReference>
      <AssessmentReference>
           <AssessmentIdentity>
                <AssessmentTitle>Grade 4 2008 State Reading</AssessmentTitle>
				<AcademicSubject>Reading</AcademicSubject>
				<GradeLevelAssessed>Fourth grade</GradeLevelAssessed>
				<Version>1</Version>
           </AssessmentIdentity>
      </AssessmentReference>
   </StudentAssessment>

   <StudentAssessment>
      <AdministrationDate>2008-10-01</AdministrationDate>
      <AdministrationEndDate>2008-10-01</AdministrationEndDate>
      <SerialNumber>9</SerialNumber>
      <AdministrationLanguage>English</AdministrationLanguage>
      <AdministrationEnvironment>Testing Center</AdministrationEnvironment>
      <SpecialAccommodations>
           <SpecialAccommodation>Braille</SpecialAccommodation>
      </SpecialAccommodations>
      <RetestIndicator>Primary Administration</RetestIndicator>
      <ReasonNotTested>Medical waiver</ReasonNotTested>
      <ScoreResults AssessmentReportingMethod="Scale score">
          <Result>7</Result>
      </ScoreResults>
      <GradeLevelWhenAssessed>Fourth grade</GradeLevelWhenAssessed>
      <PerformanceLevels>
           <CodeValue>MS</CodeValue>
      </PerformanceLevels>
      <StudentReference>
           <StudentIdentity>
                <StudentUniqueStateId>800000025</StudentUniqueStateId>
           </StudentIdentity>
      </StudentReference>
      <AssessmentReference>
           <AssessmentIdentity>
                <AssessmentTitle>Grade 4 2008 State Math</AssessmentTitle>
				<AcademicSubject>Mathematics</AcademicSubject>
				<GradeLevelAssessed>Fourth grade</GradeLevelAssessed>
				<Version>1</Version>
           </AssessmentIdentity>
      </AssessmentReference>
   </StudentAssessment>

</InterchangeStudentAssessment>
