{ "localCourseCode" : "PhySci001" , "sessionId" : "78b561e805406f755a368a493572a55f3aa172c4_id" , "localCourseTitle" : "PhySci001" , "schoolId" : "40226b09b3ae1336f4621a65f8987d6cc869b035_id" , "courseId" : "b0810a57ad01bfdffa68de06bcbe94fc2bd2c165_id" , "id" : "3813d69c4b31f5032e8afd6b099bf02b619eefe5_id" , "entityType" : "courseOffering"}
{ "localCourseCode" : "Mason201" , "sessionId" : "d91e7d5838dcc7846ca5daf05fa318907c93bfa0_id" , "localCourseTitle" : "Mason201" , "schoolId" : "3cfda7be0a946439b0340593e89d0d640cf307c4_id" , "courseId" : "4b9e9e50da051e31c5941db8fefda9a232299711_id" , "id" : "0fcab7c9fade1085516882ff8e049d17d6b176fc_id" , "entityType" : "courseOffering"}
{ "localCourseCode" : "Art001" , "sessionId" : "57757b0941dc8e37cb98d8c18fc155615dff32f2_id" , "localCourseTitle" : "Art001" , "schoolId" : "7d0ad460285058e4f924acbd10d416fa3e8dd60e_id" , "courseId" : "971e0a2a750d27fd31dd1ccf64c5be0f3a69f536_id" , "id" : "ea749e3177cbaa1fba76044ad001e762d0b24fa5_id" , "entityType" : "courseOffering"}
{ "localCourseCode" : "Sci127" , "sessionId" : "b44f0092c8b51a54758c345062ce5622580e32d3_id" , "localCourseTitle" : "Sci127" , "schoolId" : "06d61fc205e9c636146e0f219cb6e60f7d283980_id" , "courseId" : "63470cd13168e4364786c1c312d2a64315a05391_id" , "id" : "25d28961bc68d552d748b7c2167c47496330df65_id" , "entityType" : "courseOffering"}
{ "localCourseCode" : "Chem305" , "sessionId" : "d91e7d5838dcc7846ca5daf05fa318907c93bfa0_id" , "localCourseTitle" : "Chem305" , "schoolId" : "3cfda7be0a946439b0340593e89d0d640cf307c4_id" , "courseId" : "ffc7f5291e19f242a86d2b49de0bd28fb7b29d9c_id" , "id" : "81d7a8bbba26971eeda1f3dc662fc75b8859998a_id" , "entityType" : "courseOffering"}
{ "localCourseCode" : "PE001" , "sessionId" : "57757b0941dc8e37cb98d8c18fc155615dff32f2_id" , "localCourseTitle" : "PE001" , "schoolId" : "7d0ad460285058e4f924acbd10d416fa3e8dd60e_id" , "courseId" : "d8cdc300f061a40c2699d75d31f7ee91ea1da070_id" , "id" : "b76885b758c32fe3a1a90c2e3b23836ab44e636c_id" , "entityType" : "courseOffering"}
{ "localCourseCode" : "Math001" , "sessionId" : "78b561e805406f755a368a493572a55f3aa172c4_id" , "localCourseTitle" : "Math001" , "schoolId" : "40226b09b3ae1336f4621a65f8987d6cc869b035_id" , "courseId" : "5d49f86a584cecce332b1c5cb4a958cd1601362b_id" , "id" : "9d6c106dba6c49c816b7599f77b8649fe41eaece_id" , "entityType" : "courseOffering"}
{ "localCourseCode" : "ARCH221" , "sessionId" : "b44f0092c8b51a54758c345062ce5622580e32d3_id" , "localCourseTitle" : "ARCH221" , "schoolId" : "06d61fc205e9c636146e0f219cb6e60f7d283980_id" , "courseId" : "1a3d616c8f99871c3cb86dd1a63538d0bc87dc6b_id" , "id" : "b1797518b8c607df2eb3ae659a01b38c86c7e62f_id" , "entityType" : "courseOffering"}
