{ "courseDescription" : "Art Study" , "courseTitle" : "Art001" , "numberOfParts" : 1 , "uniqueCourseId" : "Art001-5" , "schoolId" : "7d0ad460285058e4f924acbd10d416fa3e8dd60e_id" , "courseCode" : [ { "identificationSystem" : "CSSC course code" , "ID" : "Art001"}] , "id" : "971e0a2a750d27fd31dd1ccf64c5be0f3a69f536_id" , "entityType" : "course"}
{ "courseDescription" : "Sports Study" , "courseTitle" : "PE001" , "numberOfParts" : 1 , "uniqueCourseId" : "PE001-7" , "schoolId" : "7d0ad460285058e4f924acbd10d416fa3e8dd60e_id" , "courseCode" : [ { "identificationSystem" : "CSSC course code" , "ID" : "PE001"}] , "id" : "d8cdc300f061a40c2699d75d31f7ee91ea1da070_id" , "entityType" : "course"}
{ "courseDescription" : "Structual Engineering" , "courseTitle" : "ARCH221" , "numberOfParts" : 1 , "uniqueCourseId" : "ARCH221-6" , "schoolId" : "06d61fc205e9c636146e0f219cb6e60f7d283980_id" , "courseCode" : [ { "identificationSystem" : "CSSC course code" , "ID" : "ARCH221"}] , "id" : "1a3d616c8f99871c3cb86dd1a63538d0bc87dc6b_id" , "entityType" : "course"}
{ "courseDescription" : "Physical Sciences" , "courseTitle" : "PhySci001" , "numberOfParts" : 1 , "uniqueCourseId" : "PhySci001-2" , "schoolId" : "40226b09b3ae1336f4621a65f8987d6cc869b035_id" , "courseCode" : [ { "identificationSystem" : "CSSC course code" , "ID" : "PhySci001"}] , "id" : "b0810a57ad01bfdffa68de06bcbe94fc2bd2c165_id" , "entityType" : "course"}
{ "courseDescription" : "Mathmatics" , "courseTitle" : "Math001" , "numberOfParts" : 1 , "uniqueCourseId" : "Math001-4" , "schoolId" : "40226b09b3ae1336f4621a65f8987d6cc869b035_id" , "courseCode" : [ { "identificationSystem" : "CSSC course code" , "ID" : "Math001"}] , "id" : "5d49f86a584cecce332b1c5cb4a958cd1601362b_id" , "entityType" : "course"}
{ "courseDescription" : "Inorganic Chemistry" , "courseTitle" : "Chem305" , "numberOfParts" : 1 , "uniqueCourseId" : "Chem305-3" , "schoolId" : "3cfda7be0a946439b0340593e89d0d640cf307c4_id" , "courseCode" : [ { "identificationSystem" : "CSSC course code" , "ID" : "Chem305"}] , "id" : "ffc7f5291e19f242a86d2b49de0bd28fb7b29d9c_id" , "entityType" : "course"}
{ "courseDescription" : "Advanced Masonry" , "gradesOffered" : [ "Kindergarten" , "First grade" , "Second grade" , "Third grade" , "Fourth grade" , "Fifth grade" , "Sixth grade" , "Seventh grade" , "Eighth grade" , "Ninth grade" , "Tenth grade" , "Eleventh grade" , "Twelfth grade"] , "courseTitle" : "Mason201" , "numberOfParts" : 1 , "uniqueCourseId" : "Mason201-1" , "schoolId" : "3cfda7be0a946439b0340593e89d0d640cf307c4_id" , "courseCode" : [ { "identificationSystem" : "CSSC course code" , "ID" : "Mason201"}] , "id" : "4b9e9e50da051e31c5941db8fefda9a232299711_id" , "entityType" : "course"}
{ "courseDescription" : "Relativistic Physics" , "courseTitle" : "Sci127" , "numberOfParts" : 1 , "uniqueCourseId" : "Sci127-8" , "schoolId" : "06d61fc205e9c636146e0f219cb6e60f7d283980_id" , "courseCode" : [ { "identificationSystem" : "CSSC course code" , "ID" : "Sci127"}] , "id" : "63470cd13168e4364786c1c312d2a64315a05391_id" , "entityType" : "course"}
