{ "disciplineActionLength" : 23 , "disciplineIncidentId" : [ "8c963f76ffd395559a24cd2b573583165f44e4b2_id" , "1f736f0a9cf080d09aad2404742e3246b8c4abd1_id"] , "disciplineActionIdentifier" : "Disc Act 12/02/11" , "staffId" : [ "8d2e4790c566e7bda05786d74392a06e0a0598fd_id"] , "disciplineDate" : "2011-12-02" , "disciplineActionLengthDifferenceReason" : "No Difference" , "disciplines" : [ [ ] , [ ]] , "responsibilitySchoolId" : "3cfda7be0a946439b0340593e89d0d640cf307c4_id" , "studentId" : [ "7cdfd36b9e6800874a1735db981b492f59d232c3_id" , "0872eb98585b345264f91ccf431e3edadbc2ce43_id"] , "actualDisciplineActionLength" : 23 , "assignmentSchoolId" : "3cfda7be0a946439b0340593e89d0d640cf307c4_id" , "id" : "e84d538e86e3e21aa137863dc95e43b66727245b_id" , "entityType" : "disciplineAction"}
