{ "incidentLocation" : "On School" , "reporterDescription" : "Staff" , "incidentDate" : "2011-09-06" , "incidentTime" : "10:22:00" , "staffId" : "8d2e4790c566e7bda05786d74392a06e0a0598fd_id" , "incidentIdentifier" : "Tardiness" , "behaviors" : [ [ { "codeValue" : "BEH02"}]] , "schoolId" : "3cfda7be0a946439b0340593e89d0d640cf307c4_id" , "reportedToLawEnforcement" : true , "reporterName" : "Charles Gray" , "id" : "1f736f0a9cf080d09aad2404742e3246b8c4abd1_id" , "entityType" : "disciplineIncident"}
{ "incidentLocation" : "On School" , "reporterDescription" : "Student" , "incidentDate" : "2011-02-01" , "incidentTime" : "15:23:02" , "staffId" : "8d2e4790c566e7bda05786d74392a06e0a0598fd_id" , "incidentIdentifier" : "Disruption" , "behaviors" : [ [ { "codeValue" : "BEH01"}]] , "weapons" : [ "Club"] , "reportedToLawEnforcement" : false , "schoolId" : "3cfda7be0a946439b0340593e89d0d640cf307c4_id" , "reporterName" : "Karen Jones" , "id" : "8c963f76ffd395559a24cd2b573583165f44e4b2_id" , "entityType" : "disciplineIncident"}
