{ "calendarDateReference" : [ "94e1232c3a53e5464599ea681759f5065fa3a34b_id"] , "endDate" : "2011-10-09" , "gradingPeriodIdentity" : { "schoolYear" : "2011-2012" , "gradingPeriod" : "First Six Weeks" , "schoolId" : "3cfda7be0a946439b0340593e89d0d640cf307c4_id"} , "totalInstructionalDays" : 34 , "beginDate" : "2011-08-22" , "id" : "83f192e3b5f20e82f9260abc4ae150f211c81d0f_id" , "entityType" : "gradingPeriod"}
{ "calendarDateReference" : [ "94e1232c3a53e5464599ea681759f5065fa3a34b_id"] , "endDate" : "2012-03-04" , "gradingPeriodIdentity" : { "schoolYear" : "2011-2012" , "gradingPeriod" : "Fourth Six Weeks" , "schoolId" : "40226b09b3ae1336f4621a65f8987d6cc869b035_id"} , "totalInstructionalDays" : 30 , "beginDate" : "2012-01-23" , "id" : "2a2b5803786eeb1cf0c2c6df7438bb453d5b9440_id" , "entityType" : "gradingPeriod"}
{ "calendarDateReference" : [ "94e1232c3a53e5464599ea681759f5065fa3a34b_id"] , "endDate" : "2011-11-27" , "gradingPeriodIdentity" : { "schoolYear" : "2011-2012" , "gradingPeriod" : "Second Six Weeks" , "schoolId" : "3cfda7be0a946439b0340593e89d0d640cf307c4_id"} , "totalInstructionalDays" : 33 , "beginDate" : "2011-10-10" , "id" : "f5ffa43b8c7de936aebf557fcb6fe11513b11cdd_id" , "entityType" : "gradingPeriod"}
{ "calendarDateReference" : [ "94e1232c3a53e5464599ea681759f5065fa3a34b_id"] , "endDate" : "2012-05-25" , "gradingPeriodIdentity" : { "schoolYear" : "2011-2012" , "gradingPeriod" : "Sixth Six Weeks" , "schoolId" : "06d61fc205e9c636146e0f219cb6e60f7d283980_id"} , "totalInstructionalDays" : 30 , "beginDate" : "2012-04-16" , "id" : "b6af8a782bbd65cf2ac67574beefcff203218b5b_id" , "entityType" : "gradingPeriod"}
{ "calendarDateReference" : [ "94e1232c3a53e5464599ea681759f5065fa3a34b_id"] , "endDate" : "2012-04-15" , "gradingPeriodIdentity" : { "schoolYear" : "2011-2012" , "gradingPeriod" : "Fifth Six Weeks" , "schoolId" : "06d61fc205e9c636146e0f219cb6e60f7d283980_id"} , "totalInstructionalDays" : 30 , "beginDate" : "2012-03-05" , "id" : "2b8222a0c456168a7164b8c63e5b24df9ecb111a_id" , "entityType" : "gradingPeriod"}
{ "calendarDateReference" : [ "94e1232c3a53e5464599ea681759f5065fa3a34b_id"] , "endDate" : "2012-01-22" , "gradingPeriodIdentity" : { "schoolYear" : "2011-2012" , "gradingPeriod" : "Third Six Weeks" , "schoolId" : "40226b09b3ae1336f4621a65f8987d6cc869b035_id"} , "totalInstructionalDays" : 31 , "beginDate" : "2011-11-28" , "id" : "063ce87c373f36f9b71d9cd31b1fd01930978c35_id" , "entityType" : "gradingPeriod"}
