{ "charterStatus" : "Open Enrollment" , "shortNameOfInstitution" : "DES" , "titleIPartASchoolDesignation" : "Not designated as a Title I Part A school" , "educationOrgIdentificationCode" : [ { "identificationSystem" : "School" , "ID" : "1000000122"}] , "stateOrganizationId" : "1000000122" , "schoolType" : "Regular" , "nameOfInstitution" : "Dawn Elementary School" , "schoolCategories" : [ "Elementary/Secondary School" , "Elementary School" , "Middle School" , "Infant/toddler School" , "Preschool/early childhood"] , "administrativeFundingControl" : "Public School" , "organizationCategories" : [ "School"] , "gradesOffered" : [ "Early Education" , "Fifth grade" , "First grade" , "Fourth grade" , "Infant/toddler" , "Kindergarten" , "Preschool/Prekindergarten" , "Second grade" , "Seventh grade" , "Sixth grade" , "Third grade" , "Transitional Kindergarten" , "Ungraded"] , "webSite" : "http://www.nydawnes.edu" , "address" : [ { "nameOfCounty" : "Dusk" , "countyFIPSCode" : "00027" , "streetNumberName" : "Sunny Street 101" , "postalCode" : "10878" , "stateAbbreviation" : "NY" , "closeDate" : "2011-03-04" , "longitude" : "75.2" , "latitude" : "42.3" , "addressType" : "Home" , "openDate" : "2011-03-04" , "city" : "Dusk"}] , "parentEducationAgencyReference" : "c7c0e9a6b38b1c8f6d729f7dd79e8a97eeb48ee8_id" , "operationalStatus" : "Active" , "magnetSpecialProgramEmphasisSchool" : "All students participate" , "id" : "7d0ad460285058e4f924acbd10d416fa3e8dd60e_id" , "entityType" : "school"}
{ "charterStatus" : "Open Enrollment" , "shortNameOfInstitution" : "DHS" , "titleIPartASchoolDesignation" : "Not designated as a Title I Part A school" , "educationOrgIdentificationCode" : [ { "identificationSystem" : "School" , "ID" : "10000000121"}] , "stateOrganizationId" : "10000000121" , "schoolType" : "Regular" , "nameOfInstitution" : "Dusk High School" , "schoolCategories" : [ "High School" , "Junior High School"] , "administrativeFundingControl" : "Public School" , "organizationCategories" : [ "School"] , "gradesOffered" : [ "Eighth grade" , "Eleventh grade" , "Grade 13" , "Ninth grade" , "Postsecondary" , "Seventh grade" , "Tenth grade" , "Twelfth grade" , "Ungraded"] , "webSite" : "http://www.nyduskhs.edu" , "address" : [ { "nameOfCounty" : "Dusk" , "countyFIPSCode" : "00027" , "streetNumberName" : "101 Dusk Drive" , "postalCode" : "10878" , "stateAbbreviation" : "NY" , "closeDate" : "2011-03-04" , "longitude" : "75.2" , "latitude" : "42.3" , "addressType" : "Home" , "openDate" : "2011-03-04" , "city" : "Dusk"}] , "parentEducationAgencyReference" : "c7c0e9a6b38b1c8f6d729f7dd79e8a97eeb48ee8_id" , "operationalStatus" : "Active" , "magnetSpecialProgramEmphasisSchool" : "All students participate" , "id" : "3cfda7be0a946439b0340593e89d0d640cf307c4_id" , "entityType" : "school"}
{ "charterStatus" : "Open Enrollment" , "shortNameOfInstitution" : "PES" , "titleIPartASchoolDesignation" : "Not designated as a Title I Part A school" , "educationOrgIdentificationCode" : [ { "identificationSystem" : "School" , "ID" : "1000000112"}] , "stateOrganizationId" : "1000000112" , "schoolType" : "Regular" , "nameOfInstitution" : "Parker Elementary School" , "schoolCategories" : [ "Elementary/Secondary School" , "Elementary School" , "Infant/toddler School" , "Preschool/early childhood"] , "administrativeFundingControl" : "Public School" , "organizationCategories" : [ "School"] , "gradesOffered" : [ "Early Education" , "Fifth grade" , "First grade" , "Fourth grade" , "Infant/toddler" , "Kindergarten" , "Preschool/Prekindergarten" , "Second grade" , "Seventh grade" , "Sixth grade" , "Third grade" , "Transitional Kindergarten" , "Ungraded"] , "webSite" : "http://www.nyparkerelem.edu" , "address" : [ { "nameOfCounty" : "Parker" , "countyFIPSCode" : "00061" , "streetNumberName" : "800 Parker Drive" , "postalCode" : "10878" , "stateAbbreviation" : "NY" , "closeDate" : "2011-03-04" , "longitude" : "75.2" , "latitude" : "42.3" , "addressType" : "Home" , "openDate" : "2011-03-04" , "city" : "Parker"}] , "parentEducationAgencyReference" : "da32300277053fc8b9caf39adb43b3c8c4927c81_id" , "operationalStatus" : "Active" , "magnetSpecialProgramEmphasisSchool" : "All students participate" , "id" : "40226b09b3ae1336f4621a65f8987d6cc869b035_id" , "entityType" : "school"}
{ "charterStatus" : "Open Enrollment" , "shortNameOfInstitution" : "PHS" , "titleIPartASchoolDesignation" : "Not designated as a Title I Part A school" , "educationOrgIdentificationCode" : [ { "identificationSystem" : "School" , "ID" : "1000000111"}] , "stateOrganizationId" : "1000000111" , "schoolType" : "Regular" , "nameOfInstitution" : "Parker High School" , "schoolCategories" : [ "High School" , "Junior High School" , "Adult School" , "Primary School"] , "administrativeFundingControl" : "Public School" , "organizationCategories" : [ "School"] , "gradesOffered" : [ "Adult Education" , "Eighth grade" , "Eleventh grade" , "Grade 13" , "Ninth grade" , "Postsecondary" , "Tenth grade" , "Twelfth grade" , "Ungraded"] , "webSite" : "http://www.nyparkerhigh.edu" , "address" : [ { "nameOfCounty" : "Parker" , "countyFIPSCode" : "00061" , "streetNumberName" : "400 Parker Drive" , "postalCode" : "10878" , "stateAbbreviation" : "NY" , "closeDate" : "2011-03-04" , "longitude" : "75.2" , "latitude" : "42.3" , "addressType" : "Home" , "openDate" : "2011-03-04" , "city" : "Parker"}] , "parentEducationAgencyReference" : "da32300277053fc8b9caf39adb43b3c8c4927c81_id" , "operationalStatus" : "Active" , "magnetSpecialProgramEmphasisSchool" : "All students participate" , "id" : "06d61fc205e9c636146e0f219cb6e60f7d283980_id" , "entityType" : "school"}
