{ "sessionId" : "d91e7d5838dcc7846ca5daf05fa318907c93bfa0_id" , "courseOfferingId" : "0fcab7c9fade1085516882ff8e049d17d6b176fc_id" , "sequenceOfCourse" : 1 , "uniqueSectionCode" : "Mason201-Sec2" , "schoolId" : "3cfda7be0a946439b0340593e89d0d640cf307c4_id" , "id" : "b3103d3746282242db9b3130391ff26c420a10b8_id" , "entityType" : "section"}
{ "sessionId" : "d91e7d5838dcc7846ca5daf05fa318907c93bfa0_id" , "courseOfferingId" : "0fcab7c9fade1085516882ff8e049d17d6b176fc_id" , "sequenceOfCourse" : 1 , "uniqueSectionCode" : "Mason201-Sec1" , "schoolId" : "3cfda7be0a946439b0340593e89d0d640cf307c4_id" , "id" : "5e93b736d925c68be172012f2cc619ac9b7567c1_id" , "entityType" : "section"}
{ "sessionId" : "57757b0941dc8e37cb98d8c18fc155615dff32f2_id" , "courseOfferingId" : "b76885b758c32fe3a1a90c2e3b23836ab44e636c_id" , "sequenceOfCourse" : 1 , "uniqueSectionCode" : "PE001-Sec1" , "schoolId" : "7d0ad460285058e4f924acbd10d416fa3e8dd60e_id" , "id" : "f85bccb24dc9b93e2628c456ef7f1fbb78d39118_id" , "entityType" : "section"}
{ "sessionId" : "b44f0092c8b51a54758c345062ce5622580e32d3_id" , "courseOfferingId" : "25d28961bc68d552d748b7c2167c47496330df65_id" , "sequenceOfCourse" : 1 , "uniqueSectionCode" : "Sci127-Sec2" , "schoolId" : "06d61fc205e9c636146e0f219cb6e60f7d283980_id" , "id" : "76b60ce596966389d319f0a491b273b76de40dcf_id" , "entityType" : "section"}
{ "sessionId" : "57757b0941dc8e37cb98d8c18fc155615dff32f2_id" , "courseOfferingId" : "ea749e3177cbaa1fba76044ad001e762d0b24fa5_id" , "sequenceOfCourse" : 1 , "uniqueSectionCode" : "Art001-Sec1" , "schoolId" : "7d0ad460285058e4f924acbd10d416fa3e8dd60e_id" , "id" : "62a388ce7fdba6e1f5f7682a1c620b4e420f01ab_id" , "entityType" : "section"}
{ "sessionId" : "78b561e805406f755a368a493572a55f3aa172c4_id" , "courseOfferingId" : "3813d69c4b31f5032e8afd6b099bf02b619eefe5_id" , "sequenceOfCourse" : 1 , "uniqueSectionCode" : "PhySci001-Sec2" , "schoolId" : "40226b09b3ae1336f4621a65f8987d6cc869b035_id" , "id" : "2a01055ea83f2867f84dbb8ec0d8a230208b2cf5_id" , "entityType" : "section"}
{ "sessionId" : "78b561e805406f755a368a493572a55f3aa172c4_id" , "courseOfferingId" : "9d6c106dba6c49c816b7599f77b8649fe41eaece_id" , "sequenceOfCourse" : 1 , "uniqueSectionCode" : "Math001-Sec1" , "schoolId" : "40226b09b3ae1336f4621a65f8987d6cc869b035_id" , "id" : "ac1e8e7aad5351be6a7aab79983d24fd88a61125_id" , "entityType" : "section"}
{ "sessionId" : "d91e7d5838dcc7846ca5daf05fa318907c93bfa0_id" , "courseOfferingId" : "81d7a8bbba26971eeda1f3dc662fc75b8859998a_id" , "sequenceOfCourse" : 1 , "uniqueSectionCode" : "Chem305-Sec2" , "schoolId" : "3cfda7be0a946439b0340593e89d0d640cf307c4_id" , "id" : "c1cdfa54ed19ba1552fe4bdf73a745c6d8851e3e_id" , "entityType" : "section"}
{ "sessionId" : "b44f0092c8b51a54758c345062ce5622580e32d3_id" , "courseOfferingId" : "b1797518b8c607df2eb3ae659a01b38c86c7e62f_id" , "sequenceOfCourse" : 1 , "uniqueSectionCode" : "ARCH221-Sec1" , "schoolId" : "06d61fc205e9c636146e0f219cb6e60f7d283980_id" , "id" : "3810a09ce45150588ca22fcf5b3d25a0929d8059_id" , "entityType" : "section"}
{ "sessionId" : "57757b0941dc8e37cb98d8c18fc155615dff32f2_id" , "courseOfferingId" : "ea749e3177cbaa1fba76044ad001e762d0b24fa5_id" , "sequenceOfCourse" : 1 , "uniqueSectionCode" : "Art001-Sec2" , "schoolId" : "7d0ad460285058e4f924acbd10d416fa3e8dd60e_id" , "id" : "3ebc0fb023f760621807722649eee42696629444_id" , "entityType" : "section"}
{ "sessionId" : "d91e7d5838dcc7846ca5daf05fa318907c93bfa0_id" , "courseOfferingId" : "81d7a8bbba26971eeda1f3dc662fc75b8859998a_id" , "sequenceOfCourse" : 1 , "uniqueSectionCode" : "Chem305-Sec1" , "schoolId" : "3cfda7be0a946439b0340593e89d0d640cf307c4_id" , "id" : "0fb0afb11ec21db5f8ffa4869c8e3e3b85997482_id" , "entityType" : "section"}
{ "sessionId" : "b44f0092c8b51a54758c345062ce5622580e32d3_id" , "courseOfferingId" : "b1797518b8c607df2eb3ae659a01b38c86c7e62f_id" , "sequenceOfCourse" : 1 , "uniqueSectionCode" : "ARCH221-Sec2" , "schoolId" : "06d61fc205e9c636146e0f219cb6e60f7d283980_id" , "id" : "a86135095736191d4423ec2447d489cd16e7d001_id" , "entityType" : "section"}
{ "sessionId" : "78b561e805406f755a368a493572a55f3aa172c4_id" , "courseOfferingId" : "9d6c106dba6c49c816b7599f77b8649fe41eaece_id" , "sequenceOfCourse" : 1 , "uniqueSectionCode" : "Math001-Sec2" , "schoolId" : "40226b09b3ae1336f4621a65f8987d6cc869b035_id" , "id" : "be2c47d8a8e611ae2c21019217e4aaff07cf2a2d_id" , "entityType" : "section"}
{ "sessionId" : "b44f0092c8b51a54758c345062ce5622580e32d3_id" , "courseOfferingId" : "25d28961bc68d552d748b7c2167c47496330df65_id" , "sequenceOfCourse" : 1 , "uniqueSectionCode" : "Sci127-Sec1" , "schoolId" : "06d61fc205e9c636146e0f219cb6e60f7d283980_id" , "id" : "246957e48fa95916b3799ba5176a67d48dad8735_id" , "entityType" : "section"}
{ "sessionId" : "57757b0941dc8e37cb98d8c18fc155615dff32f2_id" , "courseOfferingId" : "b76885b758c32fe3a1a90c2e3b23836ab44e636c_id" , "sequenceOfCourse" : 1 , "uniqueSectionCode" : "PE001-Sec2" , "schoolId" : "7d0ad460285058e4f924acbd10d416fa3e8dd60e_id" , "id" : "0d85978d1d9183b5cf4d702572e2886b26a3c67e_id" , "entityType" : "section"}
{ "sessionId" : "78b561e805406f755a368a493572a55f3aa172c4_id" , "courseOfferingId" : "3813d69c4b31f5032e8afd6b099bf02b619eefe5_id" , "sequenceOfCourse" : 1 , "uniqueSectionCode" : "PhySci001-Sec1" , "schoolId" : "40226b09b3ae1336f4621a65f8987d6cc869b035_id" , "id" : "34512c43d084e07495f29a4fc83a32dc9ef7562d_id" , "entityType" : "section"}
