{ "schoolYear" : "2011-2012" , "sessionName" : "Dusk-High-Spring2012" , "term" : "Spring Semester" , "gradingPeriodReference" : [ "2a2b5803786eeb1cf0c2c6df7438bb453d5b9440_id" , "2b8222a0c456168a7164b8c63e5b24df9ecb111a_id" , "b6af8a782bbd65cf2ac67574beefcff203218b5b_id"] , "endDate" : "2012-06-21" , "schoolId" : "3cfda7be0a946439b0340593e89d0d640cf307c4_id" , "totalInstructionalDays" : 120 , "beginDate" : "2012-01-01" , "id" : "d91e7d5838dcc7846ca5daf05fa318907c93bfa0_id" , "entityType" : "session"}
{ "schoolYear" : "2011-2012" , "sessionName" : "Dusk-Elem-Spring2012" , "term" : "Spring Semester" , "gradingPeriodReference" : [ "2a2b5803786eeb1cf0c2c6df7438bb453d5b9440_id" , "2b8222a0c456168a7164b8c63e5b24df9ecb111a_id" , "b6af8a782bbd65cf2ac67574beefcff203218b5b_id"] , "endDate" : "2012-06-21" , "schoolId" : "7d0ad460285058e4f924acbd10d416fa3e8dd60e_id" , "totalInstructionalDays" : 120 , "beginDate" : "2012-01-01" , "id" : "57757b0941dc8e37cb98d8c18fc155615dff32f2_id" , "entityType" : "session"}
{ "schoolYear" : "2011-2012" , "sessionName" : "Parker-Elem-Spring2012" , "term" : "Spring Semester" , "gradingPeriodReference" : [ "2a2b5803786eeb1cf0c2c6df7438bb453d5b9440_id" , "2b8222a0c456168a7164b8c63e5b24df9ecb111a_id" , "b6af8a782bbd65cf2ac67574beefcff203218b5b_id"] , "endDate" : "2012-06-21" , "schoolId" : "40226b09b3ae1336f4621a65f8987d6cc869b035_id" , "totalInstructionalDays" : 120 , "beginDate" : "2012-01-01" , "id" : "78b561e805406f755a368a493572a55f3aa172c4_id" , "entityType" : "session"}
{ "schoolYear" : "2011-2012" , "sessionName" : "Parker-High-Spring2012" , "term" : "Spring Semester" , "gradingPeriodReference" : [ "2a2b5803786eeb1cf0c2c6df7438bb453d5b9440_id" , "2b8222a0c456168a7164b8c63e5b24df9ecb111a_id" , "b6af8a782bbd65cf2ac67574beefcff203218b5b_id"] , "endDate" : "2012-06-21" , "schoolId" : "06d61fc205e9c636146e0f219cb6e60f7d283980_id" , "totalInstructionalDays" : 120 , "beginDate" : "2012-01-01" , "id" : "b44f0092c8b51a54758c345062ce5622580e32d3_id" , "entityType" : "session"}
