{ "loginId" : "a" , "sex" : "Female" , "staffUniqueStateId" : "lbonnett" , "hispanicLatinoEthnicity" : false , "yearsOfPriorTeachingExperience" : 0 , "race" : [ "Asian"] , "yearsOfPriorProfessionalExperience" : 20 , "address" : [ { "apartmentRoomSuiteNumber" : "7B" , "streetNumberName" : "123 Sesame Street" , "postalCode" : "11201" , "stateAbbreviation" : "NY" , "addressType" : "Work" , "openDate" : "1967-08-13" , "city" : "New York"}] , "name" : { "verification" : "Life insurance policy" , "lastSurname" : "Bonnett" , "personalTitlePrefix" : "Mr" , "firstName" : "Lorraine"} , "electronicMail" : [ { "emailAddress" : "junk@junk.com" , "emailAddressType" : "Organization"}] , "highestLevelOfEducationCompleted" : "No Degree" , "birthDate" : "1980-02-01" , "credentials" : [ { "credentialField" : [ { "codeValue" : "IT Admin"}] , "level" : "All Level (Grade Level PK-12)" , "teachingCredentialType" : "Standard" , "credentialType" : "Certification" , "credentialIssuanceDate" : "2000-01-01"}] , "telephone" : [ { "primaryTelephoneNumberIndicator" : true , "telephoneNumber" : "a" , "telephoneNumberType" : "Fax"}] , "staffIdentificationCode" : [ { "identificationSystem" : "Selective Service" , "ID" : "a" , "assigningOrganizationCode" : "a"}] , "id" : "200e505ba00a72a1d84687929f604c9a72bb9186_id" , "entityType" : "staff"}
{ "loginId" : "a" , "sex" : "Female" , "staffUniqueStateId" : "kmelendez" , "hispanicLatinoEthnicity" : false , "oldEthnicity" : "Hispanic" , "yearsOfPriorTeachingExperience" : 0 , "race" : [ "White"] , "yearsOfPriorProfessionalExperience" : 20 , "address" : [ { "apartmentRoomSuiteNumber" : "7B" , "streetNumberName" : "123 Sesame Street" , "postalCode" : "11201" , "stateAbbreviation" : "NY" , "addressType" : "Work" , "openDate" : "1967-08-13" , "city" : "New York"}] , "electronicMail" : [ { "emailAddress" : "junk@junk.com" , "emailAddressType" : "Organization"}] , "name" : { "verification" : "Life insurance policy" , "lastSurname" : "Melendez" , "personalTitlePrefix" : "Ms" , "firstName" : "Keisha"} , "highestLevelOfEducationCompleted" : "Doctorate" , "birthDate" : "1956-08-14" , "credentials" : [ { "credentialField" : [ { "codeValue" : "IT Admin"}] , "level" : "All Level (Grade Level PK-12)" , "teachingCredentialType" : "Standard" , "credentialType" : "Certification" , "credentialIssuanceDate" : "2000-01-01"}] , "telephone" : [ { "primaryTelephoneNumberIndicator" : true , "telephoneNumber" : "a" , "telephoneNumberType" : "Fax"}] , "staffIdentificationCode" : [ { "identificationSystem" : "Selective Service" , "ID" : "a" , "assigningOrganizationCode" : "a"}] , "id" : "e00ab088b7c18b0d9d3da3ccd846207300e4f6af_id" , "entityType" : "staff"}
{ "loginId" : "a" , "sex" : "Male" , "staffUniqueStateId" : "bcallison" , "hispanicLatinoEthnicity" : false , "yearsOfPriorTeachingExperience" : 0 , "race" : [ "Asian"] , "yearsOfPriorProfessionalExperience" : 20 , "address" : [ { "apartmentRoomSuiteNumber" : "7B" , "streetNumberName" : "123 Sesame Street" , "postalCode" : "11201" , "stateAbbreviation" : "NY" , "addressType" : "Work" , "openDate" : "1967-08-13" , "city" : "New York"}] , "name" : { "verification" : "Life insurance policy" , "lastSurname" : "Callison" , "personalTitlePrefix" : "Mr" , "firstName" : "Bruce"} , "electronicMail" : [ { "emailAddress" : "junk@junk.com" , "emailAddressType" : "Organization"}] , "highestLevelOfEducationCompleted" : "No Degree" , "birthDate" : "1980-02-01" , "credentials" : [ { "credentialField" : [ { "codeValue" : "IT Admin"}] , "level" : "All Level (Grade Level PK-12)" , "teachingCredentialType" : "Standard" , "credentialType" : "Certification" , "credentialIssuanceDate" : "2000-01-01"}] , "telephone" : [ { "primaryTelephoneNumberIndicator" : true , "telephoneNumber" : "a" , "telephoneNumberType" : "Fax"}] , "staffIdentificationCode" : [ { "identificationSystem" : "Selective Service" , "ID" : "a" , "assigningOrganizationCode" : "a"}] , "id" : "b47537c4e1c760cf210b35e34858a13ad1bd487a_id" , "entityType" : "staff"}
{ "loginId" : "a" , "sex" : "Male" , "staffUniqueStateId" : "jsmalley" , "hispanicLatinoEthnicity" : false , "yearsOfPriorTeachingExperience" : 0 , "race" : [ "Asian"] , "yearsOfPriorProfessionalExperience" : 20 , "address" : [ { "nameOfCounty" : "SI" , "apartmentRoomSuiteNumber" : "7B" , "streetNumberName" : "123 Wall Street" , "postalCode" : "10001" , "stateAbbreviation" : "NY" , "addressType" : "Work" , "openDate" : "1995-08-13" , "city" : "New York"}] , "name" : { "verification" : "Life insurance policy" , "lastSurname" : "Smalley" , "personalTitlePrefix" : "Mr" , "firstName" : "Joshua"} , "electronicMail" : [ { "emailAddress" : "junk@junk.com" , "emailAddressType" : "Organization"}] , "highestLevelOfEducationCompleted" : "No Degree" , "birthDate" : "1980-02-01" , "credentials" : [ { "credentialField" : [ { "codeValue" : "IT Admin"}] , "level" : "All Level (Grade Level PK-12)" , "teachingCredentialType" : "Standard" , "credentialType" : "Certification" , "credentialIssuanceDate" : "2000-01-01"}] , "telephone" : [ { "primaryTelephoneNumberIndicator" : true , "telephoneNumber" : "a" , "telephoneNumberType" : "Fax"}] , "staffIdentificationCode" : [ { "identificationSystem" : "Selective Service" , "ID" : "a" , "assigningOrganizationCode" : "a"}] , "id" : "1f49146674d1eaa319224828a51031de7497cbfb_id" , "entityType" : "staff"}
{ "loginId" : "a" , "sex" : "Male" , "staffUniqueStateId" : "dschoonmaker" , "hispanicLatinoEthnicity" : false , "yearsOfPriorTeachingExperience" : 0 , "race" : [ "Asian"] , "yearsOfPriorProfessionalExperience" : 20 , "address" : [ { "apartmentRoomSuiteNumber" : "7B" , "streetNumberName" : "123 Sesame Street" , "postalCode" : "11201" , "stateAbbreviation" : "NY" , "addressType" : "Work" , "openDate" : "1967-08-13" , "city" : "New York"}] , "name" : { "verification" : "Life insurance policy" , "lastSurname" : "Schoonmaker" , "personalTitlePrefix" : "Mr" , "firstName" : "Daniel"} , "electronicMail" : [ { "emailAddress" : "junk@junk.com" , "emailAddressType" : "Organization"}] , "highestLevelOfEducationCompleted" : "No Degree" , "birthDate" : "1980-02-01" , "credentials" : [ { "credentialField" : [ { "codeValue" : "IT Admin"}] , "level" : "All Level (Grade Level PK-12)" , "teachingCredentialType" : "Standard" , "credentialType" : "Certification" , "credentialIssuanceDate" : "2000-01-01"}] , "telephone" : [ { "primaryTelephoneNumberIndicator" : true , "telephoneNumber" : "a" , "telephoneNumberType" : "Fax"}] , "staffIdentificationCode" : [ { "identificationSystem" : "Selective Service" , "ID" : "a" , "assigningOrganizationCode" : "a"}] , "id" : "0e19dc2cd23ecd67a2cfc413febc270c06ef9d07_id" , "entityType" : "staff"}
{ "loginId" : "a" , "sex" : "Male" , "staffUniqueStateId" : "cearl" , "hispanicLatinoEthnicity" : false , "yearsOfPriorTeachingExperience" : 0 , "race" : [ "Asian"] , "yearsOfPriorProfessionalExperience" : 20 , "address" : [ { "apartmentRoomSuiteNumber" : "7B" , "streetNumberName" : "123 Sesame Street" , "postalCode" : "11201" , "stateAbbreviation" : "NY" , "addressType" : "Work" , "openDate" : "1967-08-13" , "city" : "New York"}] , "name" : { "verification" : "Life insurance policy" , "lastSurname" : "Earl" , "personalTitlePrefix" : "Mrs" , "firstName" : "Carolyn"} , "electronicMail" : [ { "emailAddress" : "junk@junk.com" , "emailAddressType" : "Organization"}] , "highestLevelOfEducationCompleted" : "No Degree" , "birthDate" : "1980-02-01" , "credentials" : [ { "credentialField" : [ { "codeValue" : "IT Admin"}] , "level" : "All Level (Grade Level PK-12)" , "teachingCredentialType" : "Standard" , "credentialType" : "Certification" , "credentialIssuanceDate" : "2000-01-01"}] , "telephone" : [ { "primaryTelephoneNumberIndicator" : true , "telephoneNumber" : "a" , "telephoneNumberType" : "Fax"}] , "staffIdentificationCode" : [ { "identificationSystem" : "Selective Service" , "ID" : "a" , "assigningOrganizationCode" : "a"}] , "id" : "52d906f72a3879b1b37d1c2f89e82a58bf7f42c0_id" , "entityType" : "staff"}
{ "loginId" : "a" , "sex" : "Male" , "staffUniqueStateId" : "jcarlyle" , "hispanicLatinoEthnicity" : false , "yearsOfPriorTeachingExperience" : 0 , "race" : [ "Asian"] , "yearsOfPriorProfessionalExperience" : 20 , "address" : [ { "apartmentRoomSuiteNumber" : "7B" , "streetNumberName" : "123 Wall Street" , "postalCode" : "11401" , "stateAbbreviation" : "NY" , "addressType" : "Work" , "openDate" : "1995-08-13" , "city" : "Riverdale"}] , "name" : { "verification" : "Life insurance policy" , "lastSurname" : "Carlyle" , "personalTitlePrefix" : "Mr" , "firstName" : "Justin"} , "electronicMail" : [ { "emailAddress" : "junk@junk.com" , "emailAddressType" : "Organization"}] , "highestLevelOfEducationCompleted" : "No Degree" , "birthDate" : "1980-02-01" , "credentials" : [ { "credentialField" : [ { "codeValue" : "IT Admin"}] , "level" : "All Level (Grade Level PK-12)" , "teachingCredentialType" : "Standard" , "credentialType" : "Certification" , "credentialIssuanceDate" : "2000-01-01"}] , "telephone" : [ { "primaryTelephoneNumberIndicator" : true , "telephoneNumber" : "a" , "telephoneNumberType" : "Fax"}] , "staffIdentificationCode" : [ { "identificationSystem" : "Selective Service" , "ID" : "a" , "assigningOrganizationCode" : "a"}] , "id" : "614c391b39ba53fe51b7c2063e5233315030ef59_id" , "entityType" : "staff"}
{ "loginId" : "a" , "sex" : "Female" , "staffUniqueStateId" : "jbrewer" , "hispanicLatinoEthnicity" : false , "yearsOfPriorTeachingExperience" : 0 , "race" : [ "Asian"] , "yearsOfPriorProfessionalExperience" : 20 , "address" : [ { "apartmentRoomSuiteNumber" : "7B" , "streetNumberName" : "123 Sesame Street" , "postalCode" : "11201" , "stateAbbreviation" : "NY" , "addressType" : "Work" , "openDate" : "1967-08-13" , "city" : "New York"}] , "name" : { "verification" : "Life insurance policy" , "lastSurname" : "Brewer" , "personalTitlePrefix" : "Mr" , "firstName" : "Jennie"} , "electronicMail" : [ { "emailAddress" : "junk@junk.com" , "emailAddressType" : "Organization"}] , "highestLevelOfEducationCompleted" : "No Degree" , "birthDate" : "1980-02-01" , "credentials" : [ { "credentialField" : [ { "codeValue" : "IT Admin"}] , "level" : "All Level (Grade Level PK-12)" , "teachingCredentialType" : "Standard" , "credentialType" : "Certification" , "credentialIssuanceDate" : "2000-01-01"}] , "telephone" : [ { "primaryTelephoneNumberIndicator" : true , "telephoneNumber" : "a" , "telephoneNumberType" : "Fax"}] , "staffIdentificationCode" : [ { "identificationSystem" : "Selective Service" , "ID" : "a" , "assigningOrganizationCode" : "a"}] , "id" : "001a715fef48b31f5b27d8f0b2a0fc98e96e2d65_id" , "entityType" : "staff"}
{ "loginId" : "a" , "sex" : "Male" , "staffUniqueStateId" : "mgonsalves" , "hispanicLatinoEthnicity" : false , "oldEthnicity" : "Hispanic" , "yearsOfPriorTeachingExperience" : 0 , "race" : [ "White"] , "yearsOfPriorProfessionalExperience" : 20 , "address" : [ { "apartmentRoomSuiteNumber" : "7B" , "streetNumberName" : "123 Sesame Street" , "postalCode" : "11201" , "stateAbbreviation" : "NY" , "addressType" : "Work" , "openDate" : "1967-08-13" , "city" : "New York"}] , "electronicMail" : [ { "emailAddress" : "junk@junk.com" , "emailAddressType" : "Organization"}] , "name" : { "verification" : "Life insurance policy" , "lastSurname" : "Gonsalves" , "personalTitlePrefix" : "Mr" , "firstName" : "Mark"} , "highestLevelOfEducationCompleted" : "Doctorate" , "birthDate" : "1956-08-14" , "credentials" : [ { "credentialField" : [ { "codeValue" : "IT Admin"}] , "level" : "All Level (Grade Level PK-12)" , "teachingCredentialType" : "Standard" , "credentialType" : "Certification" , "credentialIssuanceDate" : "2000-01-01"}] , "telephone" : [ { "primaryTelephoneNumberIndicator" : true , "telephoneNumber" : "a" , "telephoneNumberType" : "Fax"}] , "staffIdentificationCode" : [ { "identificationSystem" : "Selective Service" , "ID" : "a" , "assigningOrganizationCode" : "a"}] , "id" : "54db772b4eb46f788f85b359b0cb5609170b2790_id" , "entityType" : "staff"}
{ "loginId" : "a" , "sex" : "Male" , "staffUniqueStateId" : "lneff" , "hispanicLatinoEthnicity" : false , "yearsOfPriorTeachingExperience" : 0 , "race" : [ "Asian"] , "yearsOfPriorProfessionalExperience" : 20 , "address" : [ { "apartmentRoomSuiteNumber" : "7B" , "streetNumberName" : "123 Sesame Street" , "postalCode" : "11201" , "stateAbbreviation" : "NY" , "addressType" : "Work" , "openDate" : "1967-08-13" , "city" : "New York"}] , "name" : { "verification" : "Life insurance policy" , "lastSurname" : "Neff" , "personalTitlePrefix" : "Mr" , "firstName" : "Luis"} , "electronicMail" : [ { "emailAddress" : "junk@junk.com" , "emailAddressType" : "Organization"}] , "highestLevelOfEducationCompleted" : "No Degree" , "birthDate" : "1980-02-01" , "credentials" : [ { "credentialField" : [ { "codeValue" : "IT Admin"}] , "level" : "All Level (Grade Level PK-12)" , "teachingCredentialType" : "Standard" , "credentialType" : "Certification" , "credentialIssuanceDate" : "2000-01-01"}] , "telephone" : [ { "primaryTelephoneNumberIndicator" : true , "telephoneNumber" : "a" , "telephoneNumberType" : "Fax"}] , "staffIdentificationCode" : [ { "identificationSystem" : "Selective Service" , "ID" : "a" , "assigningOrganizationCode" : "a"}] , "id" : "129a0cbc9d50779e39ae96075bfbaf613a2e1af7_id" , "entityType" : "staff"}
{ "loginId" : "a" , "sex" : "Female" , "staffUniqueStateId" : "mhahn" , "hispanicLatinoEthnicity" : false , "yearsOfPriorTeachingExperience" : 0 , "race" : [ "Asian"] , "yearsOfPriorProfessionalExperience" : 20 , "address" : [ { "apartmentRoomSuiteNumber" : "7B" , "streetNumberName" : "123 Wall Street" , "postalCode" : "11401" , "stateAbbreviation" : "NY" , "addressType" : "Work" , "openDate" : "1995-08-13" , "city" : "Riverdale"}] , "name" : { "verification" : "Life insurance policy" , "lastSurname" : "Hahn" , "personalTitlePrefix" : "Ms" , "firstName" : "Marlene"} , "electronicMail" : [ { "emailAddress" : "junk@junk.com" , "emailAddressType" : "Organization"}] , "highestLevelOfEducationCompleted" : "No Degree" , "birthDate" : "1980-02-01" , "credentials" : [ { "credentialField" : [ { "codeValue" : "IT Admin"}] , "level" : "All Level (Grade Level PK-12)" , "teachingCredentialType" : "Standard" , "credentialType" : "Certification" , "credentialIssuanceDate" : "2000-01-01"}] , "telephone" : [ { "primaryTelephoneNumberIndicator" : true , "telephoneNumber" : "a" , "telephoneNumberType" : "Fax"}] , "staffIdentificationCode" : [ { "identificationSystem" : "Selective Service" , "ID" : "a" , "assigningOrganizationCode" : "a"}] , "id" : "2e6aedb720c164bf8c43752f3cc9d107cbc554fa_id" , "entityType" : "staff"}
{ "loginId" : "a" , "sex" : "Male" , "staffUniqueStateId" : "jpratt" , "hispanicLatinoEthnicity" : false , "yearsOfPriorTeachingExperience" : 0 , "race" : [ "Asian"] , "yearsOfPriorProfessionalExperience" : 20 , "address" : [ { "apartmentRoomSuiteNumber" : "7B" , "streetNumberName" : "123 Sesame Street" , "postalCode" : "11201" , "stateAbbreviation" : "NY" , "addressType" : "Work" , "openDate" : "1995-08-13" , "city" : "New York"}] , "name" : { "verification" : "Life insurance policy" , "lastSurname" : "Pratt" , "personalTitlePrefix" : "Mr" , "firstName" : "Jefferson"} , "electronicMail" : [ { "emailAddress" : "junk@junk.com" , "emailAddressType" : "Organization"}] , "highestLevelOfEducationCompleted" : "No Degree" , "birthDate" : "1980-02-01" , "credentials" : [ { "credentialField" : [ { "codeValue" : "IT Admin"}] , "level" : "All Level (Grade Level PK-12)" , "teachingCredentialType" : "Standard" , "credentialType" : "Certification" , "credentialIssuanceDate" : "2000-01-01"}] , "telephone" : [ { "primaryTelephoneNumberIndicator" : true , "telephoneNumber" : "a" , "telephoneNumberType" : "Fax"}] , "staffIdentificationCode" : [ { "identificationSystem" : "Selective Service" , "ID" : "a" , "assigningOrganizationCode" : "a"}] , "id" : "ea1f3dc9806c7f7eb169867771519fec804f315b_id" , "entityType" : "staff"}
{ "loginId" : "a" , "sex" : "Male" , "staffUniqueStateId" : "eengland" , "hispanicLatinoEthnicity" : false , "yearsOfPriorTeachingExperience" : 0 , "race" : [ "Asian"] , "yearsOfPriorProfessionalExperience" : 20 , "address" : [ { "apartmentRoomSuiteNumber" : "7B" , "streetNumberName" : "123 Wall Street" , "postalCode" : "11201" , "stateAbbreviation" : "IL" , "addressType" : "Work" , "openDate" : "1995-08-13" , "city" : "Chicago"}] , "name" : { "verification" : "Life insurance policy" , "lastSurname" : "England" , "personalTitlePrefix" : "Dr" , "firstName" : "Emerson"} , "electronicMail" : [ { "emailAddress" : "junk@junk.com" , "emailAddressType" : "Organization"}] , "highestLevelOfEducationCompleted" : "No Degree" , "birthDate" : "1980-02-01" , "credentials" : [ { "credentialField" : [ { "codeValue" : "IT Admin"}] , "level" : "All Level (Grade Level PK-12)" , "teachingCredentialType" : "Standard" , "credentialType" : "Certification" , "credentialIssuanceDate" : "2000-01-01"}] , "telephone" : [ { "primaryTelephoneNumberIndicator" : true , "telephoneNumber" : "a" , "telephoneNumberType" : "Fax"}] , "staffIdentificationCode" : [ { "identificationSystem" : "Selective Service" , "ID" : "a" , "assigningOrganizationCode" : "a"}] , "id" : "8d2e4790c566e7bda05786d74392a06e0a0598fd_id" , "entityType" : "staff"}
{ "loginId" : "a" , "sex" : "Female" , "staffUniqueStateId" : "jbarrera" , "hispanicLatinoEthnicity" : false , "yearsOfPriorTeachingExperience" : 0 , "race" : [ "Asian"] , "yearsOfPriorProfessionalExperience" : 20 , "address" : [ { "apartmentRoomSuiteNumber" : "7B" , "streetNumberName" : "123 Sesame Street" , "postalCode" : "11201" , "stateAbbreviation" : "NY" , "addressType" : "Work" , "openDate" : "1995-08-13" , "city" : "New York"}] , "name" : { "verification" : "Life insurance policy" , "lastSurname" : "Barrera" , "personalTitlePrefix" : "Mrs" , "firstName" : "Jane"} , "electronicMail" : [ { "emailAddress" : "junk@junk.com" , "emailAddressType" : "Organization"}] , "highestLevelOfEducationCompleted" : "No Degree" , "birthDate" : "1980-02-01" , "credentials" : [ { "credentialField" : [ { "codeValue" : "IT Admin"}] , "level" : "All Level (Grade Level PK-12)" , "teachingCredentialType" : "Standard" , "credentialType" : "Certification" , "credentialIssuanceDate" : "2000-01-01"}] , "telephone" : [ { "primaryTelephoneNumberIndicator" : true , "telephoneNumber" : "a" , "telephoneNumberType" : "Fax"}] , "staffIdentificationCode" : [ { "identificationSystem" : "Selective Service" , "ID" : "a" , "assigningOrganizationCode" : "a"}] , "id" : "a4b584a267d42caa5d9e23517ddb4c0838bef08a_id" , "entityType" : "staff"}
{ "loginId" : "a" , "sex" : "Male" , "staffUniqueStateId" : "agibbs" , "hispanicLatinoEthnicity" : false , "yearsOfPriorTeachingExperience" : 0 , "race" : [ "Asian"] , "yearsOfPriorProfessionalExperience" : 20 , "address" : [ { "apartmentRoomSuiteNumber" : "7B" , "streetNumberName" : "123 Sesame Street" , "postalCode" : "11201" , "stateAbbreviation" : "NY" , "addressType" : "Work" , "openDate" : "1967-08-13" , "city" : "New York"}] , "name" : { "verification" : "Life insurance policy" , "lastSurname" : "Gibbs" , "personalTitlePrefix" : "Mr" , "firstName" : "Al"} , "electronicMail" : [ { "emailAddress" : "junk@junk.com" , "emailAddressType" : "Organization"}] , "highestLevelOfEducationCompleted" : "No Degree" , "birthDate" : "1980-02-01" , "credentials" : [ { "credentialField" : [ { "codeValue" : "IT Admin"}] , "level" : "All Level (Grade Level PK-12)" , "teachingCredentialType" : "Standard" , "credentialType" : "Certification" , "credentialIssuanceDate" : "2000-01-01"}] , "telephone" : [ { "primaryTelephoneNumberIndicator" : true , "telephoneNumber" : "a" , "telephoneNumberType" : "Fax"}] , "staffIdentificationCode" : [ { "identificationSystem" : "Selective Service" , "ID" : "a" , "assigningOrganizationCode" : "a"}] , "id" : "c93b0d795c03f30956a43e0b1823fa8c715260f9_id" , "entityType" : "staff"}
{ "loginId" : "a" , "sex" : "Male" , "staffUniqueStateId" : "charrison" , "hispanicLatinoEthnicity" : false , "yearsOfPriorTeachingExperience" : 0 , "race" : [ "Asian"] , "yearsOfPriorProfessionalExperience" : 20 , "address" : [ { "apartmentRoomSuiteNumber" : "7B" , "streetNumberName" : "123 Sesame Street" , "postalCode" : "11201" , "stateAbbreviation" : "NY" , "addressType" : "Work" , "openDate" : "1967-08-13" , "city" : "New York"}] , "name" : { "verification" : "Life insurance policy" , "lastSurname" : "Harrison" , "personalTitlePrefix" : "Mrs" , "firstName" : "Chandra"} , "electronicMail" : [ { "emailAddress" : "junk@junk.com" , "emailAddressType" : "Organization"}] , "highestLevelOfEducationCompleted" : "No Degree" , "birthDate" : "1980-02-01" , "credentials" : [ { "credentialField" : [ { "codeValue" : "IT Admin"}] , "level" : "All Level (Grade Level PK-12)" , "teachingCredentialType" : "Standard" , "credentialType" : "Certification" , "credentialIssuanceDate" : "2000-01-01"}] , "telephone" : [ { "primaryTelephoneNumberIndicator" : true , "telephoneNumber" : "a" , "telephoneNumberType" : "Fax"}] , "staffIdentificationCode" : [ { "identificationSystem" : "Selective Service" , "ID" : "a" , "assigningOrganizationCode" : "a"}] , "id" : "9787e7feca5d42c0470164ae0c40067e33f89379_id" , "entityType" : "staff"}
{ "loginId" : "a" , "sex" : "Female" , "staffUniqueStateId" : "rlindsey" , "hispanicLatinoEthnicity" : false , "yearsOfPriorTeachingExperience" : 0 , "race" : [ "Asian"] , "yearsOfPriorProfessionalExperience" : 20 , "address" : [ { "nameOfCounty" : "SI" , "apartmentRoomSuiteNumber" : "7B" , "streetNumberName" : "123 Wall Street" , "postalCode" : "10001" , "stateAbbreviation" : "NY" , "addressType" : "Work" , "openDate" : "1995-08-13" , "city" : "New York"}] , "name" : { "verification" : "Life insurance policy" , "lastSurname" : "Lindsey" , "personalTitlePrefix" : "Mrs" , "firstName" : "Rene"} , "electronicMail" : [ { "emailAddress" : "junk@junk.com" , "emailAddressType" : "Organization"}] , "highestLevelOfEducationCompleted" : "No Degree" , "birthDate" : "1980-02-01" , "credentials" : [ { "credentialField" : [ { "codeValue" : "IT Admin"}] , "level" : "All Level (Grade Level PK-12)" , "teachingCredentialType" : "Standard" , "credentialType" : "Certification" , "credentialIssuanceDate" : "2000-01-01"}] , "telephone" : [ { "primaryTelephoneNumberIndicator" : true , "telephoneNumber" : "a" , "telephoneNumberType" : "Fax"}] , "staffIdentificationCode" : [ { "identificationSystem" : "Selective Service" , "ID" : "a" , "assigningOrganizationCode" : "a"}] , "id" : "bf46d29109810d27aa46e67d7f3691171593981f_id" , "entityType" : "staff"}
{ "loginId" : "a" , "sex" : "Male" , "staffUniqueStateId" : "sholcomb" , "hispanicLatinoEthnicity" : false , "yearsOfPriorTeachingExperience" : 0 , "race" : [ "Asian"] , "yearsOfPriorProfessionalExperience" : 20 , "address" : [ { "apartmentRoomSuiteNumber" : "7B" , "streetNumberName" : "123 Wall Street" , "postalCode" : "11201" , "stateAbbreviation" : "NY" , "addressType" : "Work" , "openDate" : "1995-08-13" , "city" : "Brooklyn"}] , "name" : { "verification" : "Life insurance policy" , "lastSurname" : "Holcomb" , "personalTitlePrefix" : "Mrs" , "firstName" : "Simone"} , "electronicMail" : [ { "emailAddress" : "junk@junk.com" , "emailAddressType" : "Organization"}] , "highestLevelOfEducationCompleted" : "No Degree" , "birthDate" : "1980-02-01" , "credentials" : [ { "credentialField" : [ { "codeValue" : "IT Admin"}] , "level" : "All Level (Grade Level PK-12)" , "teachingCredentialType" : "Standard" , "credentialType" : "Certification" , "credentialIssuanceDate" : "2000-01-01"}] , "telephone" : [ { "primaryTelephoneNumberIndicator" : true , "telephoneNumber" : "a" , "telephoneNumberType" : "Fax"}] , "staffIdentificationCode" : [ { "identificationSystem" : "Selective Service" , "ID" : "a" , "assigningOrganizationCode" : "a"}] , "id" : "2b2147bc73328e4343fe2cc04e87059d2121c7d1_id" , "entityType" : "staff"}
{ "loginId" : "a" , "sex" : "Female" , "staffUniqueStateId" : "rmaye" , "hispanicLatinoEthnicity" : false , "oldEthnicity" : "Hispanic" , "yearsOfPriorTeachingExperience" : 0 , "race" : [ "White"] , "yearsOfPriorProfessionalExperience" : 20 , "address" : [ { "apartmentRoomSuiteNumber" : "7B" , "streetNumberName" : "123 Sesame Street" , "postalCode" : "11201" , "stateAbbreviation" : "NY" , "addressType" : "Work" , "openDate" : "1967-08-13" , "city" : "New York"}] , "electronicMail" : [ { "emailAddress" : "junk@junk.com" , "emailAddressType" : "Organization"}] , "name" : { "verification" : "Life insurance policy" , "lastSurname" : "Maye" , "personalTitlePrefix" : "Mrs" , "firstName" : "Robyn"} , "highestLevelOfEducationCompleted" : "Doctorate" , "birthDate" : "1956-08-14" , "credentials" : [ { "credentialField" : [ { "codeValue" : "IT Admin"}] , "level" : "All Level (Grade Level PK-12)" , "teachingCredentialType" : "Standard" , "credentialType" : "Certification" , "credentialIssuanceDate" : "2000-01-01"}] , "telephone" : [ { "primaryTelephoneNumberIndicator" : true , "telephoneNumber" : "a" , "telephoneNumberType" : "Fax"}] , "staffIdentificationCode" : [ { "identificationSystem" : "Selective Service" , "ID" : "a" , "assigningOrganizationCode" : "a"}] , "id" : "bc5c597a3f73ffea1460ef9ed955175fa4e2518c_id" , "entityType" : "staff"}
{ "loginId" : "a" , "sex" : "Female" , "staffUniqueStateId" : "gcanning" , "hispanicLatinoEthnicity" : false , "yearsOfPriorTeachingExperience" : 0 , "race" : [ "Asian"] , "yearsOfPriorProfessionalExperience" : 20 , "address" : [ { "apartmentRoomSuiteNumber" : "7B" , "streetNumberName" : "123 Wall Street" , "postalCode" : "11201" , "stateAbbreviation" : "IL" , "addressType" : "Work" , "openDate" : "1995-08-13" , "city" : "Chicago"}] , "name" : { "verification" : "Life insurance policy" , "lastSurname" : "Canning" , "personalTitlePrefix" : "Dr" , "firstName" : "Georgia"} , "electronicMail" : [ { "emailAddress" : "junk@junk.com" , "emailAddressType" : "Organization"}] , "highestLevelOfEducationCompleted" : "No Degree" , "birthDate" : "1980-02-01" , "credentials" : [ { "credentialField" : [ { "codeValue" : "IT Admin"}] , "level" : "All Level (Grade Level PK-12)" , "teachingCredentialType" : "Standard" , "credentialType" : "Certification" , "credentialIssuanceDate" : "2000-01-01"}] , "telephone" : [ { "primaryTelephoneNumberIndicator" : true , "telephoneNumber" : "a" , "telephoneNumberType" : "Fax"}] , "staffIdentificationCode" : [ { "identificationSystem" : "Selective Service" , "ID" : "a" , "assigningOrganizationCode" : "a"}] , "id" : "716e4c9377e58edf80d3c2613c49270d2c31bc3f_id" , "entityType" : "staff"}
{ "loginId" : "a" , "sex" : "Female" , "staffUniqueStateId" : "sbrooke" , "hispanicLatinoEthnicity" : false , "oldEthnicity" : "Hispanic" , "yearsOfPriorTeachingExperience" : 0 , "race" : [ "White"] , "yearsOfPriorProfessionalExperience" : 20 , "address" : [ { "apartmentRoomSuiteNumber" : "7B" , "streetNumberName" : "123 Sesame Street" , "postalCode" : "11201" , "stateAbbreviation" : "NY" , "addressType" : "Work" , "openDate" : "1967-08-13" , "city" : "New York"}] , "electronicMail" : [ { "emailAddress" : "junk@junk.com" , "emailAddressType" : "Organization"}] , "name" : { "verification" : "Life insurance policy" , "lastSurname" : "Brooke" , "personalTitlePrefix" : "Mrs" , "firstName" : "Shawn"} , "highestLevelOfEducationCompleted" : "Doctorate" , "birthDate" : "1956-08-14" , "credentials" : [ { "credentialField" : [ { "codeValue" : "IT Admin"}] , "level" : "All Level (Grade Level PK-12)" , "teachingCredentialType" : "Standard" , "credentialType" : "Certification" , "credentialIssuanceDate" : "2000-01-01"}] , "telephone" : [ { "primaryTelephoneNumberIndicator" : true , "telephoneNumber" : "a" , "telephoneNumberType" : "Fax"}] , "staffIdentificationCode" : [ { "identificationSystem" : "Selective Service" , "ID" : "a" , "assigningOrganizationCode" : "a"}] , "id" : "2d945d70d9e3d3a04c4fa214d819bd5104a61c30_id" , "entityType" : "staff"}
