{ "staffClassification" : "Specialist/Consultant" , "educationOrganizationReference" : "3cfda7be0a946439b0340593e89d0d640cf307c4_id" , "positionTitle" : "Researcher" , "endDate" : "2013-08-13" , "staffReference" : "52d906f72a3879b1b37d1c2f89e82a58bf7f42c0_id" , "beginDate" : "1967-08-13" , "id" : "3b501693a4d0c1a2ebe7cc9e8c2ba19befb776fe_id" , "entityType" : "staffEducationOrganizationAssociation"}
{ "staffClassification" : "Teacher" , "educationOrganizationReference" : "06d61fc205e9c636146e0f219cb6e60f7d283980_id" , "staffReference" : "1869e63e2be04dc71e6d2a0ec751962db5913616_id" , "beginDate" : "2007-07-07" , "id" : "b0f1f0c7e160ef33da47c22ab081b6fff46e4de0_id" , "entityType" : "staffEducationOrganizationAssociation"}
{ "staffClassification" : "LEA System Administrator" , "educationOrganizationReference" : "654f9e3aeb316a9b296077118c41dfe7a41222a0_id" , "positionTitle" : "IT Support" , "endDate" : "2013-08-13" , "staffReference" : "ea1f3dc9806c7f7eb169867771519fec804f315b_id" , "beginDate" : "1967-08-13" , "id" : "b11b7811ab5d78a396e611539ff8d70a73b8d183_id" , "entityType" : "staffEducationOrganizationAssociation"}
{ "staffClassification" : "Teacher" , "educationOrganizationReference" : "40226b09b3ae1336f4621a65f8987d6cc869b035_id" , "staffReference" : "0f9910858db58989ce477616e2a121f17a395423_id" , "beginDate" : "2007-07-07" , "id" : "590c4804448745c24394efde90e034fe8f9a9754_id" , "entityType" : "staffEducationOrganizationAssociation"}
{ "staffClassification" : "School Administrative Support Staff" , "educationOrganizationReference" : "06d61fc205e9c636146e0f219cb6e60f7d283980_id" , "positionTitle" : "IT Support" , "endDate" : "2013-08-13" , "staffReference" : "200e505ba00a72a1d84687929f604c9a72bb9186_id" , "beginDate" : "1967-08-13" , "id" : "52cc3442453a7bccd865e68727a4e5e986f12da5_id" , "entityType" : "staffEducationOrganizationAssociation"}
{ "staffClassification" : "Principal" , "educationOrganizationReference" : "3cfda7be0a946439b0340593e89d0d640cf307c4_id" , "positionTitle" : "Principal" , "endDate" : "2013-08-13" , "staffReference" : "54db772b4eb46f788f85b359b0cb5609170b2790_id" , "beginDate" : "1967-08-13" , "id" : "0ff057ce8fcb192338979ee010c5744b669cd417_id" , "entityType" : "staffEducationOrganizationAssociation"}
{ "staffClassification" : "Specialist/Consultant" , "educationOrganizationReference" : "7d0ad460285058e4f924acbd10d416fa3e8dd60e_id" , "positionTitle" : "Researcher" , "endDate" : "2013-08-13" , "staffReference" : "9787e7feca5d42c0470164ae0c40067e33f89379_id" , "beginDate" : "1967-08-13" , "id" : "ecf985d88435fea0365ba949a5204c62160686cc_id" , "entityType" : "staffEducationOrganizationAssociation"}
{ "staffClassification" : "Teacher" , "educationOrganizationReference" : "3cfda7be0a946439b0340593e89d0d640cf307c4_id" , "staffReference" : "70a3e65b6adbdfbf0915b5c117193c565cb69f44_id" , "beginDate" : "2007-07-07" , "id" : "c68d3dac016b67b5724764c93a90b48e0bfa276a_id" , "entityType" : "staffEducationOrganizationAssociation"}
{ "staffClassification" : "Principal" , "educationOrganizationReference" : "7d0ad460285058e4f924acbd10d416fa3e8dd60e_id" , "positionTitle" : "Principal" , "endDate" : "2013-08-13" , "staffReference" : "e00ab088b7c18b0d9d3da3ccd846207300e4f6af_id" , "beginDate" : "1967-08-13" , "id" : "ebc9d424f9d52e0a9e86fd9e4d599bd6da1bb18c_id" , "entityType" : "staffEducationOrganizationAssociation"}
{ "staffClassification" : "Teacher" , "educationOrganizationReference" : "40226b09b3ae1336f4621a65f8987d6cc869b035_id" , "staffReference" : "d313b5f0c105d47796fb0d5ffe6cbbb00df8f849_id" , "beginDate" : "2007-07-07" , "id" : "d69db3b07c8abe0868d10cf91143ab142dc09533_id" , "entityType" : "staffEducationOrganizationAssociation"}
{ "staffClassification" : "Teacher" , "educationOrganizationReference" : "3cfda7be0a946439b0340593e89d0d640cf307c4_id" , "staffReference" : "d76bbf0c5cea9b785923f55ddf45024c432c51ee_id" , "beginDate" : "2007-07-07" , "id" : "29e897aba4179a7f53b69c9b2171d70a546c81a8_id" , "entityType" : "staffEducationOrganizationAssociation"}
{ "staffClassification" : "Superintendent" , "educationOrganizationReference" : "da32300277053fc8b9caf39adb43b3c8c4927c81_id" , "positionTitle" : "District Superintendent" , "endDate" : "2013-08-13" , "staffReference" : "716e4c9377e58edf80d3c2613c49270d2c31bc3f_id" , "beginDate" : "1967-08-13" , "id" : "6b5a1280a347f13edb3976d0bfa49a86123e7087_id" , "entityType" : "staffEducationOrganizationAssociation"}
{ "staffClassification" : "Teacher" , "educationOrganizationReference" : "3cfda7be0a946439b0340593e89d0d640cf307c4_id" , "staffReference" : "7722d0fd0eaaa2f177969fc68a1a6f7bd9cfb044_id" , "beginDate" : "2007-07-07" , "id" : "165aa4a3809649468b6021b0f554f2f227a1f099_id" , "entityType" : "staffEducationOrganizationAssociation"}
{ "staffClassification" : "Specialist/Consultant" , "educationOrganizationReference" : "654f9e3aeb316a9b296077118c41dfe7a41222a0_id" , "positionTitle" : "Researcher" , "endDate" : "2013-08-13" , "staffReference" : "2b2147bc73328e4343fe2cc04e87059d2121c7d1_id" , "beginDate" : "1967-08-13" , "id" : "f1904bcf2c102aa22610d98d336e23796dca4f05_id" , "entityType" : "staffEducationOrganizationAssociation"}
{ "staffClassification" : "Teacher" , "educationOrganizationReference" : "06d61fc205e9c636146e0f219cb6e60f7d283980_id" , "staffReference" : "ddcd9c940df470741dd319314e82f0059c1805cc_id" , "beginDate" : "2007-07-07" , "id" : "1ab4942e482329580740403bc32608633a0cbeb5_id" , "entityType" : "staffEducationOrganizationAssociation"}
{ "staffClassification" : "Superintendent" , "educationOrganizationReference" : "c7c0e9a6b38b1c8f6d729f7dd79e8a97eeb48ee8_id" , "positionTitle" : "District Superintendent" , "endDate" : "2013-08-13" , "staffReference" : "8d2e4790c566e7bda05786d74392a06e0a0598fd_id" , "beginDate" : "1967-08-13" , "id" : "e188eee5988d3278ab59f0304ca978971ee43876_id" , "entityType" : "staffEducationOrganizationAssociation"}
{ "staffClassification" : "School Administrative Support Staff" , "educationOrganizationReference" : "7d0ad460285058e4f924acbd10d416fa3e8dd60e_id" , "positionTitle" : "IT Support" , "endDate" : "2013-08-13" , "staffReference" : "c93b0d795c03f30956a43e0b1823fa8c715260f9_id" , "beginDate" : "1967-08-13" , "id" : "2a5d6faa997a0766cd5d0848dfda503cce936817_id" , "entityType" : "staffEducationOrganizationAssociation"}
{ "staffClassification" : "Specialist/Consultant" , "educationOrganizationReference" : "06d61fc205e9c636146e0f219cb6e60f7d283980_id" , "positionTitle" : "Researcher" , "endDate" : "2013-08-13" , "staffReference" : "b47537c4e1c760cf210b35e34858a13ad1bd487a_id" , "beginDate" : "1967-08-13" , "id" : "f238f692630b88b94f7dd635a80062b75a802546_id" , "entityType" : "staffEducationOrganizationAssociation"}
{ "staffClassification" : "Teacher" , "educationOrganizationReference" : "06d61fc205e9c636146e0f219cb6e60f7d283980_id" , "staffReference" : "1032245f376938585a79cf460b42f811fb332ef1_id" , "beginDate" : "2007-07-07" , "id" : "8aa8d15b33e976c7b7b796ab00d7555bcf6c2d04_id" , "entityType" : "staffEducationOrganizationAssociation"}
{ "staffClassification" : "Specialist/Consultant" , "educationOrganizationReference" : "40226b09b3ae1336f4621a65f8987d6cc869b035_id" , "positionTitle" : "Researcher" , "endDate" : "2013-08-13" , "staffReference" : "0e19dc2cd23ecd67a2cfc413febc270c06ef9d07_id" , "beginDate" : "1967-08-13" , "id" : "d85d09d29a74f09a57168424938f42e0cd4ea7d8_id" , "entityType" : "staffEducationOrganizationAssociation"}
{ "staffClassification" : "Principal" , "educationOrganizationReference" : "06d61fc205e9c636146e0f219cb6e60f7d283980_id" , "positionTitle" : "Principal" , "endDate" : "2013-08-13" , "staffReference" : "bc5c597a3f73ffea1460ef9ed955175fa4e2518c_id" , "beginDate" : "1967-08-13" , "id" : "c704556c7a13c43a9942ae2cd786f0aae6703013_id" , "entityType" : "staffEducationOrganizationAssociation"}
{ "staffClassification" : "LEA System Administrator" , "educationOrganizationReference" : "c7c0e9a6b38b1c8f6d729f7dd79e8a97eeb48ee8_id" , "positionTitle" : "IT Support" , "endDate" : "2013-08-13" , "staffReference" : "2e6aedb720c164bf8c43752f3cc9d107cbc554fa_id" , "beginDate" : "1967-08-13" , "id" : "acb5b41335a208f6d92272bc525de181ec955637_id" , "entityType" : "staffEducationOrganizationAssociation"}
{ "staffClassification" : "Principal" , "educationOrganizationReference" : "40226b09b3ae1336f4621a65f8987d6cc869b035_id" , "positionTitle" : "Principal" , "endDate" : "2013-08-13" , "staffReference" : "2d945d70d9e3d3a04c4fa214d819bd5104a61c30_id" , "beginDate" : "1967-08-13" , "id" : "51cb8f1c5efcc01df6ae743eefc54ed3eb878699_id" , "entityType" : "staffEducationOrganizationAssociation"}
{ "staffClassification" : "Specialist/Consultant" , "educationOrganizationReference" : "da32300277053fc8b9caf39adb43b3c8c4927c81_id" , "positionTitle" : "Researcher" , "endDate" : "2013-08-13" , "staffReference" : "1f49146674d1eaa319224828a51031de7497cbfb_id" , "beginDate" : "1967-08-13" , "id" : "a2934242428ddee915cb3a30107251f930588a7c_id" , "entityType" : "staffEducationOrganizationAssociation"}
{ "staffClassification" : "LEA System Administrator" , "educationOrganizationReference" : "da32300277053fc8b9caf39adb43b3c8c4927c81_id" , "positionTitle" : "IT Support" , "endDate" : "2013-08-13" , "staffReference" : "614c391b39ba53fe51b7c2063e5233315030ef59_id" , "beginDate" : "1967-08-13" , "id" : "b262004c54e510c27beaeaa83e321a077a976da5_id" , "entityType" : "staffEducationOrganizationAssociation"}
{ "staffClassification" : "Teacher" , "educationOrganizationReference" : "40226b09b3ae1336f4621a65f8987d6cc869b035_id" , "staffReference" : "d7d6a3da3c9a805497284bb005fed42f16f24872_id" , "beginDate" : "2007-07-07" , "id" : "abc90f946f8e7f8afbdba1e0681dc0f62c9f65f0_id" , "entityType" : "staffEducationOrganizationAssociation"}
{ "staffClassification" : "Teacher" , "educationOrganizationReference" : "7d0ad460285058e4f924acbd10d416fa3e8dd60e_id" , "staffReference" : "324ccebe0cc1d0c4176dc677aafdf94b385d4e04_id" , "beginDate" : "2007-07-07" , "id" : "26d20b72b007fe6e60c6bf128ee183b0cd7710c0_id" , "entityType" : "staffEducationOrganizationAssociation"}
{ "staffClassification" : "Superintendent" , "educationOrganizationReference" : "654f9e3aeb316a9b296077118c41dfe7a41222a0_id" , "positionTitle" : "State Superintendent" , "endDate" : "2013-08-13" , "staffReference" : "a4b584a267d42caa5d9e23517ddb4c0838bef08a_id" , "beginDate" : "1967-08-13" , "id" : "3159fff4385f7d925bf81a468f3768d71e7f0d1c_id" , "entityType" : "staffEducationOrganizationAssociation"}
{ "staffClassification" : "Specialist/Consultant" , "educationOrganizationReference" : "c7c0e9a6b38b1c8f6d729f7dd79e8a97eeb48ee8_id" , "positionTitle" : "Researcher" , "endDate" : "2013-08-13" , "staffReference" : "bf46d29109810d27aa46e67d7f3691171593981f_id" , "beginDate" : "1967-08-13" , "id" : "807e259ba240a494864b44841848ec8f6020c6aa_id" , "entityType" : "staffEducationOrganizationAssociation"}
{ "staffClassification" : "School Administrative Support Staff" , "educationOrganizationReference" : "3cfda7be0a946439b0340593e89d0d640cf307c4_id" , "positionTitle" : "IT Support" , "endDate" : "2013-08-13" , "staffReference" : "129a0cbc9d50779e39ae96075bfbaf613a2e1af7_id" , "beginDate" : "1967-08-13" , "id" : "6e24b08b1065ed3c689713328bcb9c207467dcbc_id" , "entityType" : "staffEducationOrganizationAssociation"}
{ "staffClassification" : "Teacher" , "educationOrganizationReference" : "7d0ad460285058e4f924acbd10d416fa3e8dd60e_id" , "staffReference" : "28f3540553f3e6b25aed17ecb796ba7236143a9f_id" , "beginDate" : "2007-07-07" , "id" : "05bfcb133c1b396cf6b8bb82a1648867b4a25c5e_id" , "entityType" : "staffEducationOrganizationAssociation"}
{ "staffClassification" : "Teacher" , "educationOrganizationReference" : "7d0ad460285058e4f924acbd10d416fa3e8dd60e_id" , "staffReference" : "66702490fafff364d529e6a240e52a22691c061f_id" , "beginDate" : "2007-07-07" , "id" : "274ae2cf30f6ab90de6d38de97dea4a1fbe45713_id" , "entityType" : "staffEducationOrganizationAssociation"}
{ "staffClassification" : "School Administrative Support Staff" , "educationOrganizationReference" : "40226b09b3ae1336f4621a65f8987d6cc869b035_id" , "positionTitle" : "IT Support" , "endDate" : "2013-08-13" , "staffReference" : "001a715fef48b31f5b27d8f0b2a0fc98e96e2d65_id" , "beginDate" : "1967-08-13" , "id" : "fbbeb2dd3782549c476897193f7985964ea9a5e0_id" , "entityType" : "staffEducationOrganizationAssociation"}
{ "staffClassification" : "Teacher" , "educationOrganizationReference" : "40226b09b3ae1336f4621a65f8987d6cc869b035_id" , "staffReference" : "e97dbb6a8a945c1597c813402133a65382011632_id" , "beginDate" : "2007-07-07" , "id" : "a53c448d8e4d904603546f1d98e19bf8f3dfba77_id" , "entityType" : "staffEducationOrganizationAssociation"}
{ "staffClassification" : "Teacher" , "educationOrganizationReference" : "7d0ad460285058e4f924acbd10d416fa3e8dd60e_id" , "staffReference" : "042175a8a2e861d756e663ba35417714b03fc4cd_id" , "beginDate" : "2007-07-07" , "id" : "d548c0341c42464969019442a260093a5704e74b_id" , "entityType" : "staffEducationOrganizationAssociation"}
{ "staffClassification" : "Teacher" , "educationOrganizationReference" : "06d61fc205e9c636146e0f219cb6e60f7d283980_id" , "staffReference" : "f031c323e738fe56a69d2682786bebc03b629311_id" , "beginDate" : "2007-07-07" , "id" : "2652c4c08f7b43b8a20b73b59844981b21a8c17f_id" , "entityType" : "staffEducationOrganizationAssociation"}
{ "staffClassification" : "Teacher" , "educationOrganizationReference" : "3cfda7be0a946439b0340593e89d0d640cf307c4_id" , "staffReference" : "36b6aa29a3cea308d6e1cfb359967c45f75794de_id" , "beginDate" : "2007-07-07" , "id" : "f541b99531bf0171e676f0124c592699d4fe5f1a_id" , "entityType" : "staffEducationOrganizationAssociation"}
