{ "disciplineIncidentId" : "8c963f76ffd395559a24cd2b573583165f44e4b2_id" , "studentParticipationCode" : "Victim" , "studentId" : "e9ef70b458b8d79c961b1f26551501cca7079248_id" , "id" : "e9ef70b458b8d79c961b1f26551501cca7079248_ida3334bd8d66abfb0ca0b212e214aa1fdaf0a1eab_id" , "entityType" : "studentDisciplineIncidentAssociation"}
{ "disciplineIncidentId" : "8c963f76ffd395559a24cd2b573583165f44e4b2_id" , "studentParticipationCode" : "Perpetrator" , "studentId" : "7cdfd36b9e6800874a1735db981b492f59d232c3_id" , "behaviors" : [ [ { "codeValue" : "BEH01"}]] , "id" : "7cdfd36b9e6800874a1735db981b492f59d232c3_id61b70cfdbf8666b6fb910ccfa9c59710ce17bf77_id" , "entityType" : "studentDisciplineIncidentAssociation"}
{ "disciplineIncidentId" : "1f736f0a9cf080d09aad2404742e3246b8c4abd1_id" , "studentParticipationCode" : "Perpetrator" , "studentId" : "0872eb98585b345264f91ccf431e3edadbc2ce43_id" , "behaviors" : [ [ { "codeValue" : "BEH02"}]] , "id" : "0872eb98585b345264f91ccf431e3edadbc2ce43_idb9456c8f3dd652715186fb96c6bdca9fd683dc9c_id" , "entityType" : "studentDisciplineIncidentAssociation"}
{ "disciplineIncidentId" : "8c963f76ffd395559a24cd2b573583165f44e4b2_id" , "studentParticipationCode" : "Witness" , "studentId" : "664872fe0cf8a6ce349ccadd30fedadd10708a2d_id" , "behaviors" : [ [ { "codeValue" : "BEH03"}]] , "id" : "664872fe0cf8a6ce349ccadd30fedadd10708a2d_id3d35581780557f61a418466d4c7ec683b37af7d6_id" , "entityType" : "studentDisciplineIncidentAssociation"}
