{ "entryType" : "Next year school" , "studentId" : "e9ef70b458b8d79c961b1f26551501cca7079248_id" , "schoolId" : "7d0ad460285058e4f924acbd10d416fa3e8dd60e_id" , "entryDate" : "2010-09-08" , "entryGradeLevel" : "Tenth grade" , "id" : "26b7cfcb32356f4c4e70ee642bb1539a7d22feb2_id" , "entityType" : "studentSchoolAssociation"}
{ "entryType" : "Next year school" , "studentId" : "664872fe0cf8a6ce349ccadd30fedadd10708a2d_id" , "schoolId" : "40226b09b3ae1336f4621a65f8987d6cc869b035_id" , "entryDate" : "2011-09-08" , "entryGradeLevel" : "Eleventh grade" , "id" : "5948c9eb4d59bff7af5a988a84572e174c5f6805_id" , "entityType" : "studentSchoolAssociation"}
{ "entryType" : "Transfer from a private, religiously-affiliated school in the same local education agency" , "studentId" : "5a4c67969c78d42dfb58529023cb9c6fc58b25b8_id" , "schoolId" : "40226b09b3ae1336f4621a65f8987d6cc869b035_id" , "entryDate" : "2005-09-09" , "entryGradeLevel" : "Fifth grade" , "id" : "4b043d0003c4d3790d23c6f7b859da415ec66ef5_id" , "entityType" : "studentSchoolAssociation"}
{ "entryType" : "Next year school" , "studentId" : "27a8ad296663acbf68f4976f5744c167fda76c6d_id" , "schoolId" : "7d0ad460285058e4f924acbd10d416fa3e8dd60e_id" , "entryDate" : "2006-09-11" , "entryGradeLevel" : "Sixth grade" , "id" : "53d51073f5925f52aff0fbb0ac92fa6e5d7cf9e2_id" , "entityType" : "studentSchoolAssociation"}
{ "entryType" : "Transfer from a public school in the same local education agency" , "studentId" : "9aefd57edfb3d8f44c4ca68bb3c5f32f30d5fbc0_id" , "schoolId" : "40226b09b3ae1336f4621a65f8987d6cc869b035_id" , "entryDate" : "2008-03-11" , "entryGradeLevel" : "Seventh grade" , "id" : "21ba6ce4c202bbf4ac02adac920fdb586c5cec9b_id" , "entityType" : "studentSchoolAssociation"}
{ "entryType" : "Transfer from a public school in the same local education agency" , "studentId" : "0872eb98585b345264f91ccf431e3edadbc2ce43_id" , "schoolId" : "7d0ad460285058e4f924acbd10d416fa3e8dd60e_id" , "entryDate" : "2008-09-11" , "entryGradeLevel" : "Eighth grade" , "id" : "3ca717b274bc508da33686cd5800804111db68ae_id" , "entityType" : "studentSchoolAssociation"}
{ "entryType" : "Transfer from a public school in the same local education agency" , "studentId" : "7cdfd36b9e6800874a1735db981b492f59d232c3_id" , "schoolId" : "40226b09b3ae1336f4621a65f8987d6cc869b035_id" , "entryDate" : "2009-09-08" , "entryGradeLevel" : "Ninth grade" , "id" : "a0130c51f5d4e8070dee5cc1648e07b93ecf1fb8_id" , "entityType" : "studentSchoolAssociation"}
{ "entryType" : "Next year school" , "studentId" : "320b2bcd74d170a9a394e685f33cee47639b530b_id" , "schoolId" : "7d0ad460285058e4f924acbd10d416fa3e8dd60e_id" , "entryDate" : "2007-09-14" , "entryGradeLevel" : "Seventh grade" , "id" : "4a104f2d344bda9a5920e6f7bead8abda4b60675_id" , "entityType" : "studentSchoolAssociation"}
