{ "sex" : "Male" , "hispanicLatinoEthnicity" : true , "economicDisadvantaged" : true , "section504Disabilities" : [ "Motor Impairment"] , "entityType" : "student" , "limitedEnglishProficiency" : "Limited" , "race" : [ ] , "id" : "e9ef70b458b8d79c961b1f26551501cca7079248_id" , "studentUniqueStateId" : "100000002" , "address" : [ ] , "electronicMail" : [ { "emailAddress" : "ARchie_Forker@yahoo.com" , "emailAddressType" : "Other"}] , "name" : { "lastSurname" : "Forker" , "firstName" : "Archie"} , "schoolFoodServicesEligibility" : "Reduced price" , "telephone" : [ { "primaryTelephoneNumberIndicator" : true , "telephoneNumber" : "630-504-5490" , "telephoneNumberType" : "Emergency 1"}] , "birthData" : { "birthDate" : "2005-10-14"}}
{ "sex" : "Male" , "hispanicLatinoEthnicity" : false , "economicDisadvantaged" : false , "section504Disabilities" : [ ] , "entityType" : "student" , "limitedEnglishProficiency" : "NotLimited" , "race" : [ ] , "id" : "9aefd57edfb3d8f44c4ca68bb3c5f32f30d5fbc0_id" , "studentUniqueStateId" : "100000005" , "address" : [ { "nameOfCounty" : "Cook" , "apartmentRoomSuiteNumber" : "APT 8027" , "streetNumberName" : "8823 Blake Court" , "postalCode" : "60267-4406" , "stateAbbreviation" : "NY" , "addressType" : "Work" , "city" : "New York"}] , "electronicMail" : [ { "emailAddress" : "garry_kinsel@yahoo.com" , "emailAddressType" : "Other"} , { "emailAddress" : "garry.kinsel@gmail.com" , "emailAddressType" : "Home/Personal"}] , "schoolFoodServicesEligibility" : "Reduced price" , "name" : { "lastSurname" : "Kinsel" , "firstName" : "Garry"} , "telephone" : [ { "primaryTelephoneNumberIndicator" : true , "telephoneNumber" : "224-167-3247" , "telephoneNumberType" : "Unlisted"}] , "birthData" : { "birthDate" : "2005-02-24"}}
{ "sex" : "Male" , "hispanicLatinoEthnicity" : false , "economicDisadvantaged" : false , "section504Disabilities" : [ ] , "entityType" : "student" , "limitedEnglishProficiency" : "NotLimited" , "race" : [ ] , "id" : "27a8ad296663acbf68f4976f5744c167fda76c6d_id" , "studentUniqueStateId" : "100000007" , "address" : [ { "nameOfCounty" : "Cook" , "streetNumberName" : "4212 Martense Street" , "postalCode" : "60991-2644" , "stateAbbreviation" : "NY" , "addressType" : "Home" , "city" : "New York"}] , "electronicMail" : [ { "emailAddress" : "JMabee@gmail.com" , "emailAddressType" : "Work"} , { "emailAddress" : "J.Mabee@gmail.com" , "emailAddressType" : "Organization"} , { "emailAddress" : "Jayme_Mabee@gmail.com" , "emailAddressType" : "Other"}] , "schoolFoodServicesEligibility" : "Full price" , "name" : { "lastSurname" : "Mabee" , "firstName" : "Jayme"} , "telephone" : [ { "primaryTelephoneNumberIndicator" : false , "telephoneNumber" : "262-583-8809" , "telephoneNumberType" : "Home"} , { "primaryTelephoneNumberIndicator" : false , "telephoneNumber" : "312-574-6646" , "telephoneNumberType" : "Other"} , { "primaryTelephoneNumberIndicator" : false , "telephoneNumber" : "779-715-2876" , "telephoneNumberType" : "Work"} , { "primaryTelephoneNumberIndicator" : true , "telephoneNumber" : "815-657-5475" , "telephoneNumberType" : "Work"}] , "birthData" : { "birthDate" : "2005-05-01"}}
{ "sex" : "Female" , "hispanicLatinoEthnicity" : true , "economicDisadvantaged" : false , "section504Disabilities" : [ ] , "entityType" : "student" , "limitedEnglishProficiency" : "NotLimited" , "race" : [ ] , "id" : "5a4c67969c78d42dfb58529023cb9c6fc58b25b8_id" , "studentUniqueStateId" : "100000008" , "address" : [ { "nameOfCounty" : "Cook" , "apartmentRoomSuiteNumber" : "APT 1951" , "streetNumberName" : "7687 Albemarle Terrace" , "postalCode" : "60013-2084" , "stateAbbreviation" : "NY" , "addressType" : "Home" , "city" : "New York"} , { "nameOfCounty" : "Queens" , "streetNumberName" : "4692 Hutchinson Court" , "postalCode" : "10751-7708" , "stateAbbreviation" : "NY" , "addressType" : "Other" , "city" : "New York"}] , "electronicMail" : [ ] , "name" : { "lastSurname" : "Marney" , "firstName" : "Larissa"} , "schoolFoodServicesEligibility" : "Full price" , "telephone" : [ { "primaryTelephoneNumberIndicator" : false , "telephoneNumber" : "815-380-7412" , "telephoneNumberType" : "Work"} , { "primaryTelephoneNumberIndicator" : true , "telephoneNumber" : "847-333-9848" , "telephoneNumberType" : "Unlisted"}] , "birthData" : { "birthDate" : "2005-10-14"}}
{ "sex" : "Male" , "hispanicLatinoEthnicity" : true , "economicDisadvantaged" : false , "section504Disabilities" : [ ] , "entityType" : "student" , "limitedEnglishProficiency" : "NotLimited" , "race" : [ ] , "id" : "7cdfd36b9e6800874a1735db981b492f59d232c3_id" , "studentUniqueStateId" : "100000003" , "address" : [ { "nameOfCounty" : "Cook" , "apartmentRoomSuiteNumber" : "APT 9365" , "streetNumberName" : "8455 Ferris Street" , "postalCode" : "60863-4143" , "stateAbbreviation" : "NY" , "addressType" : "Home" , "city" : "New York"}] , "electronicMail" : [ ] , "name" : { "lastSurname" : "Gayer" , "firstName" : "Gerardo"} , "schoolFoodServicesEligibility" : "Free" , "telephone" : [ { "primaryTelephoneNumberIndicator" : false , "telephoneNumber" : "847-977-0907" , "telephoneNumberType" : "Emergency 2"} , { "primaryTelephoneNumberIndicator" : false , "telephoneNumber" : "224-509-7276" , "telephoneNumberType" : "Emergency 1"} , { "primaryTelephoneNumberIndicator" : false , "telephoneNumber" : "847-547-2424" , "telephoneNumberType" : "Other"} , { "primaryTelephoneNumberIndicator" : true , "telephoneNumber" : "847-724-9091" , "telephoneNumberType" : "Home"}] , "birthData" : { "birthDate" : "2006-01-14"}}
{ "sex" : "Male" , "hispanicLatinoEthnicity" : false , "economicDisadvantaged" : false , "section504Disabilities" : [ ] , "entityType" : "student" , "limitedEnglishProficiency" : "Limited" , "race" : [ ] , "id" : "0872eb98585b345264f91ccf431e3edadbc2ce43_id" , "studentUniqueStateId" : "100000004" , "address" : [ { "nameOfCounty" : "Cook" , "streetNumberName" : "498 Dorchester Road" , "postalCode" : "60447-1536" , "stateAbbreviation" : "NY" , "addressType" : "Home" , "city" : "New York"} , { "nameOfCounty" : "Queens" , "streetNumberName" : "7472 Ross Street" , "postalCode" : "10180-7445" , "stateAbbreviation" : "NY" , "addressType" : "Mailing" , "city" : "New York"}] , "electronicMail" : [ { "emailAddress" : "mhaehn@yahoo.com" , "emailAddressType" : "Organization"} , { "emailAddress" : "malcolm.haehn@gmail.com" , "emailAddressType" : "Home/Personal"}] , "schoolFoodServicesEligibility" : "Free" , "name" : { "lastSurname" : "Haehn" , "firstName" : "Malcolm"} , "telephone" : [ { "primaryTelephoneNumberIndicator" : false , "telephoneNumber" : "262-298-8577" , "telephoneNumberType" : "Unlisted"} , { "primaryTelephoneNumberIndicator" : true , "telephoneNumber" : "219-608-1144" , "telephoneNumberType" : "Unlisted"}] , "birthData" : { "birthDate" : "2005-07-24"}}
{ "sex" : "Female" , "hispanicLatinoEthnicity" : true , "economicDisadvantaged" : false , "section504Disabilities" : [ ] , "entityType" : "student" , "limitedEnglishProficiency" : "NotLimited" , "race" : [ ] , "id" : "664872fe0cf8a6ce349ccadd30fedadd10708a2d_id" , "studentUniqueStateId" : "100000001" , "address" : [ { "nameOfCounty" : "Cook" , "apartmentRoomSuiteNumber" : "APT 8121" , "streetNumberName" : "2038 Pearson Street" , "postalCode" : "60057-5477" , "stateAbbreviation" : "NY" , "addressType" : "Home" , "city" : "New York"} , { "nameOfCounty" : "Queens" , "streetNumberName" : "8523 Lester Court" , "postalCode" : "10062-3727" , "stateAbbreviation" : "NY" , "addressType" : "Physical" , "city" : "New York"}] , "electronicMail" : [ { "emailAddress" : "Rafaela.Coleson@yahoo.com" , "emailAddressType" : "Home/Personal"} , { "emailAddress" : "rcoleson@gmail.com" , "emailAddressType" : "Work"} , { "emailAddress" : "rafaela_coleson@yahoo.com" , "emailAddressType" : "Other"}] , "schoolFoodServicesEligibility" : "Full price" , "name" : { "lastSurname" : "Coleson" , "firstName" : "Rafaela"} , "telephone" : [ { "primaryTelephoneNumberIndicator" : true , "telephoneNumber" : "331-703-1951" , "telephoneNumberType" : "Work"}] , "birthData" : { "birthDate" : "2005-03-25"}}
{ "sex" : "Male" , "hispanicLatinoEthnicity" : false , "economicDisadvantaged" : false , "section504Disabilities" : [ ] , "entityType" : "student" , "limitedEnglishProficiency" : "NotLimited" , "race" : [ ] , "id" : "320b2bcd74d170a9a394e685f33cee47639b530b_id" , "studentUniqueStateId" : "100000006" , "address" : [ { "nameOfCounty" : "Cook" , "apartmentRoomSuiteNumber" : "APT 7595" , "streetNumberName" : "3836 Clermont Avenue" , "postalCode" : "60813-4537" , "stateAbbreviation" : "NY" , "addressType" : "Temporary" , "city" : "New York"} , { "nameOfCounty" : "Kings" , "apartmentRoomSuiteNumber" : "APT 6345" , "streetNumberName" : "6248 Livonia Avenue" , "postalCode" : "10639-1170" , "stateAbbreviation" : "NY" , "addressType" : "Physical" , "city" : "New York"}] , "electronicMail" : [ { "emailAddress" : "P.Lynds@yahoo.com" , "emailAddressType" : "Organization"}] , "schoolFoodServicesEligibility" : "Full price" , "name" : { "lastSurname" : "Lynds" , "firstName" : "Preston"} , "telephone" : [ { "primaryTelephoneNumberIndicator" : false , "telephoneNumber" : "708-028-5573" , "telephoneNumberType" : "Home"} , { "primaryTelephoneNumberIndicator" : false , "telephoneNumber" : "262-315-3477" , "telephoneNumberType" : "Work"} , { "primaryTelephoneNumberIndicator" : true , "telephoneNumber" : "262-073-2981" , "telephoneNumberType" : "Emergency 1"}] , "birthData" : { "birthDate" : "2006-02-14"}}
