{ "academicSubjects" : [ ] , "schoolId" : "40226b09b3ae1336f4621a65f8987d6cc869b035_id" , "programAssignment" : "Regular Education" , "teacherId" : "0f9910858db58989ce477616e2a121f17a395423_id" , "instructionalGradeLevels" : [ ] , "id" : "88fb7099de78ce94c7cffa0e17160905ad4c3bfe_id" , "entityType" : "teacherSchoolAssociation"}
{ "academicSubjects" : [ ] , "schoolId" : "3cfda7be0a946439b0340593e89d0d640cf307c4_id" , "programAssignment" : "Regular Education" , "teacherId" : "70a3e65b6adbdfbf0915b5c117193c565cb69f44_id" , "instructionalGradeLevels" : [ ] , "id" : "5548e27631110a8287f861afc635d019aafe351a_id" , "entityType" : "teacherSchoolAssociation"}
{ "academicSubjects" : [ ] , "schoolId" : "06d61fc205e9c636146e0f219cb6e60f7d283980_id" , "programAssignment" : "Regular Education" , "teacherId" : "1032245f376938585a79cf460b42f811fb332ef1_id" , "instructionalGradeLevels" : [ ] , "id" : "c3c31f5a36e34475c4d1c503549d4f3fe079d2df_id" , "entityType" : "teacherSchoolAssociation"}
{ "academicSubjects" : [ ] , "schoolId" : "40226b09b3ae1336f4621a65f8987d6cc869b035_id" , "programAssignment" : "Regular Education" , "teacherId" : "e97dbb6a8a945c1597c813402133a65382011632_id" , "instructionalGradeLevels" : [ ] , "id" : "fc5abdd59dd9e9e309ec3d2552844137266ea788_id" , "entityType" : "teacherSchoolAssociation"}
{ "academicSubjects" : [ ] , "schoolId" : "7d0ad460285058e4f924acbd10d416fa3e8dd60e_id" , "programAssignment" : "Regular Education" , "teacherId" : "324ccebe0cc1d0c4176dc677aafdf94b385d4e04_id" , "instructionalGradeLevels" : [ ] , "id" : "aa1f1bf49140e1c93da8c29c1b7172580501c9fb_id" , "entityType" : "teacherSchoolAssociation"}
{ "academicSubjects" : [ ] , "schoolId" : "7d0ad460285058e4f924acbd10d416fa3e8dd60e_id" , "programAssignment" : "Regular Education" , "teacherId" : "66702490fafff364d529e6a240e52a22691c061f_id" , "instructionalGradeLevels" : [ ] , "id" : "a9ee9f009b2af2e6ea0f1f317a762c2039150bf2_id" , "entityType" : "teacherSchoolAssociation"}
{ "academicSubjects" : [ ] , "schoolId" : "3cfda7be0a946439b0340593e89d0d640cf307c4_id" , "programAssignment" : "Regular Education" , "teacherId" : "7722d0fd0eaaa2f177969fc68a1a6f7bd9cfb044_id" , "instructionalGradeLevels" : [ ] , "id" : "f5643594ac8f3b1c77897a2fa10edde5d35d1254_id" , "entityType" : "teacherSchoolAssociation"}
{ "academicSubjects" : [ ] , "schoolId" : "06d61fc205e9c636146e0f219cb6e60f7d283980_id" , "programAssignment" : "Regular Education" , "teacherId" : "1869e63e2be04dc71e6d2a0ec751962db5913616_id" , "instructionalGradeLevels" : [ ] , "id" : "a4e688ea3afd5ca2e7f534d045b17b09d2e67d47_id" , "entityType" : "teacherSchoolAssociation"}
{ "academicSubjects" : [ ] , "schoolId" : "7d0ad460285058e4f924acbd10d416fa3e8dd60e_id" , "programAssignment" : "Regular Education" , "teacherId" : "28f3540553f3e6b25aed17ecb796ba7236143a9f_id" , "instructionalGradeLevels" : [ ] , "id" : "fdc1ac45ec078b6a93d2ec29ad9caa448d110335_id" , "entityType" : "teacherSchoolAssociation"}
{ "academicSubjects" : [ ] , "schoolId" : "40226b09b3ae1336f4621a65f8987d6cc869b035_id" , "programAssignment" : "Regular Education" , "teacherId" : "d313b5f0c105d47796fb0d5ffe6cbbb00df8f849_id" , "instructionalGradeLevels" : [ ] , "id" : "bc97f4301b93844497701e11e056bb9ec0dfc6d4_id" , "entityType" : "teacherSchoolAssociation"}
{ "academicSubjects" : [ ] , "schoolId" : "3cfda7be0a946439b0340593e89d0d640cf307c4_id" , "programAssignment" : "Regular Education" , "teacherId" : "36b6aa29a3cea308d6e1cfb359967c45f75794de_id" , "instructionalGradeLevels" : [ ] , "id" : "559fd55a6d2217ac9a115f36ba7272d96e2c9898_id" , "entityType" : "teacherSchoolAssociation"}
{ "academicSubjects" : [ ] , "schoolId" : "06d61fc205e9c636146e0f219cb6e60f7d283980_id" , "programAssignment" : "Regular Education" , "teacherId" : "ddcd9c940df470741dd319314e82f0059c1805cc_id" , "instructionalGradeLevels" : [ ] , "id" : "837dd5b926ca66f6db07204fe4feb9a6247966ee_id" , "entityType" : "teacherSchoolAssociation"}
{ "academicSubjects" : [ ] , "schoolId" : "3cfda7be0a946439b0340593e89d0d640cf307c4_id" , "programAssignment" : "Regular Education" , "teacherId" : "d76bbf0c5cea9b785923f55ddf45024c432c51ee_id" , "instructionalGradeLevels" : [ ] , "id" : "5871c422c71c22c4425a8a0601042e5860975110_id" , "entityType" : "teacherSchoolAssociation"}
{ "academicSubjects" : [ ] , "schoolId" : "40226b09b3ae1336f4621a65f8987d6cc869b035_id" , "programAssignment" : "Regular Education" , "teacherId" : "d7d6a3da3c9a805497284bb005fed42f16f24872_id" , "instructionalGradeLevels" : [ ] , "id" : "652d313d2eef720354069638eae599a8bf2c78c0_id" , "entityType" : "teacherSchoolAssociation"}
{ "academicSubjects" : [ ] , "schoolId" : "06d61fc205e9c636146e0f219cb6e60f7d283980_id" , "programAssignment" : "Regular Education" , "teacherId" : "f031c323e738fe56a69d2682786bebc03b629311_id" , "instructionalGradeLevels" : [ ] , "id" : "2b7dc70a519f6e289eafcee17d48893deced4774_id" , "entityType" : "teacherSchoolAssociation"}
{ "academicSubjects" : [ ] , "schoolId" : "7d0ad460285058e4f924acbd10d416fa3e8dd60e_id" , "programAssignment" : "Regular Education" , "teacherId" : "042175a8a2e861d756e663ba35417714b03fc4cd_id" , "instructionalGradeLevels" : [ ] , "id" : "0c6c4440e95aa27f38b97aae773759b117e55cb2_id" , "entityType" : "teacherSchoolAssociation"}
