{ "sex" : "Male" , "staffUniqueStateId" : "rburton" , "hispanicLatinoEthnicity" : false , "name" : { "lastSurname" : "Burton" , "firstName" : "Russell"} , "highestLevelOfEducationCompleted" : "No Degree" , "race" : [ "White" , "Black - African American"] , "id" : "7722d0fd0eaaa2f177969fc68a1a6f7bd9cfb044_id" , "entityType" : "teacher"}
{ "sex" : "Female" , "staffUniqueStateId" : "mmcgregor" , "hispanicLatinoEthnicity" : false , "name" : { "lastSurname" : "Mcgregor" , "firstName" : "Marlene"} , "highestLevelOfEducationCompleted" : "Bachelor's" , "race" : [ "Asian"] , "id" : "d313b5f0c105d47796fb0d5ffe6cbbb00df8f849_id" , "entityType" : "teacher"}
{ "sex" : "Female" , "staffUniqueStateId" : "eroemer" , "hispanicLatinoEthnicity" : false , "name" : { "lastSurname" : "Roemer" , "firstName" : "Erika"} , "highestLevelOfEducationCompleted" : "No Degree" , "race" : [ "Black - African American"] , "id" : "e97dbb6a8a945c1597c813402133a65382011632_id" , "entityType" : "teacher"}
{ "sex" : "Female" , "staffUniqueStateId" : "nballinger" , "hispanicLatinoEthnicity" : false , "name" : { "lastSurname" : "Ballinger" , "firstName" : "Nina"} , "highestLevelOfEducationCompleted" : "No Degree" , "race" : [ "Black - African American"] , "id" : "ddcd9c940df470741dd319314e82f0059c1805cc_id" , "entityType" : "teacher"}
{ "sex" : "Male" , "staffUniqueStateId" : "emcroberts" , "hispanicLatinoEthnicity" : false , "name" : { "lastSurname" : "Mcroberts" , "firstName" : "Ernest"} , "highestLevelOfEducationCompleted" : "No Degree" , "race" : [ "White" , "Asian"] , "id" : "70a3e65b6adbdfbf0915b5c117193c565cb69f44_id" , "entityType" : "teacher"}
{ "otherName" : [ { "lastSurname" : "Poppins" , "firstName" : "C&amp;lifragilisticexpialid'cious" , "otherNameType" : "Other Name"}] , "sex" : "Male" , "staffUniqueStateId" : "dreiss" , "hispanicLatinoEthnicity" : false , "name" : { "lastSurname" : "Reiss" , "firstName" : "Dale"} , "highestLevelOfEducationCompleted" : "No Degree" , "race" : [ "Black - African American"] , "id" : "0f9910858db58989ce477616e2a121f17a395423_id" , "entityType" : "teacher"}
{ "sex" : "Male" , "staffUniqueStateId" : "jmasterson" , "hispanicLatinoEthnicity" : false , "name" : { "lastSurname" : "Masterson" , "firstName" : "Jerry"} , "highestLevelOfEducationCompleted" : "No Degree" , "race" : [ "White"] , "id" : "1869e63e2be04dc71e6d2a0ec751962db5913616_id" , "entityType" : "teacher"}
{ "sex" : "Female" , "staffUniqueStateId" : "rwagers" , "hispanicLatinoEthnicity" : false , "name" : { "lastSurname" : "Wagers" , "firstName" : "Ramona"} , "highestLevelOfEducationCompleted" : "No Degree" , "race" : [ "American Indian - Alaskan Native"] , "id" : "28f3540553f3e6b25aed17ecb796ba7236143a9f_id" , "entityType" : "teacher"}
{ "sex" : "Female" , "staffUniqueStateId" : "cclift" , "hispanicLatinoEthnicity" : false , "name" : { "lastSurname" : "Clift" , "firstName" : "Charlene"} , "highestLevelOfEducationCompleted" : "No Degree" , "race" : [ "White"] , "id" : "66702490fafff364d529e6a240e52a22691c061f_id" , "entityType" : "teacher"}
{ "sex" : "Male" , "staffUniqueStateId" : "sgoddard" , "hispanicLatinoEthnicity" : false , "name" : { "lastSurname" : "Goddard" , "firstName" : "Stephen"} , "highestLevelOfEducationCompleted" : "No Degree" , "race" : [ "White"] , "id" : "d76bbf0c5cea9b785923f55ddf45024c432c51ee_id" , "entityType" : "teacher"}
{ "sex" : "Female" , "staffUniqueStateId" : "ngriffith" , "hispanicLatinoEthnicity" : false , "name" : { "lastSurname" : "Griffith" , "firstName" : "Natalie"} , "highestLevelOfEducationCompleted" : "No Degree" , "race" : [ "Black - African American"] , "id" : "1032245f376938585a79cf460b42f811fb332ef1_id" , "entityType" : "teacher"}
{ "sex" : "Female" , "staffUniqueStateId" : "dmallard" , "hispanicLatinoEthnicity" : false , "name" : { "lastSurname" : "Mallard" , "firstName" : "Darlene"} , "highestLevelOfEducationCompleted" : "No Degree" , "race" : [ "White"] , "id" : "36b6aa29a3cea308d6e1cfb359967c45f75794de_id" , "entityType" : "teacher"}
{ "sex" : "Male" , "staffUniqueStateId" : "aharwell" , "hispanicLatinoEthnicity" : false , "name" : { "lastSurname" : "Harwell" , "firstName" : "Andrew"} , "highestLevelOfEducationCompleted" : "Bachelor's" , "race" : [ "White" , "Asian"] , "id" : "042175a8a2e861d756e663ba35417714b03fc4cd_id" , "entityType" : "teacher"}
{ "sex" : "Male" , "staffUniqueStateId" : "jroebuck" , "hispanicLatinoEthnicity" : false , "name" : { "lastSurname" : "Roebuck" , "firstName" : "James"} , "highestLevelOfEducationCompleted" : "No Degree" , "race" : [ "Asian"] , "id" : "d7d6a3da3c9a805497284bb005fed42f16f24872_id" , "entityType" : "teacher"}
{ "sex" : "Female" , "staffUniqueStateId" : "cbeadette" , "hispanicLatinoEthnicity" : false , "name" : { "lastSurname" : "Beaudette" , "firstName" : "Charlotte"} , "highestLevelOfEducationCompleted" : "No Degree" , "race" : [ "White"] , "id" : "324ccebe0cc1d0c4176dc677aafdf94b385d4e04_id" , "entityType" : "teacher"}
{ "sex" : "Male" , "staffUniqueStateId" : "alovato" , "hispanicLatinoEthnicity" : false , "name" : { "lastSurname" : "Lovato" , "firstName" : "Anthony"} , "highestLevelOfEducationCompleted" : "No Degree" , "race" : [ "Native Hawaiian - Pacific Islander"] , "id" : "f031c323e738fe56a69d2682786bebc03b629311_id" , "entityType" : "teacher"}
