{ "sectionId" : "b3103d3746282242db9b3130391ff26c420a10b8_id" , "classroomPosition" : "Teacher of Record" , "teacherId" : "70a3e65b6adbdfbf0915b5c117193c565cb69f44_id" , "id" : "b3103d3746282242db9b3130391ff26c420a10b8_id7422e7c7e13414904d732bdea237e6242f597f60_id" , "entityType" : "teacherSectionAssociation"}
{ "sectionId" : "5e93b736d925c68be172012f2cc619ac9b7567c1_id" , "classroomPosition" : "Teacher of Record" , "teacherId" : "d76bbf0c5cea9b785923f55ddf45024c432c51ee_id" , "id" : "5e93b736d925c68be172012f2cc619ac9b7567c1_id555818f7872a9ddaa904b54ffbd382377b20715e_id" , "entityType" : "teacherSectionAssociation"}
{ "sectionId" : "f85bccb24dc9b93e2628c456ef7f1fbb78d39118_id" , "classroomPosition" : "Teacher of Record" , "teacherId" : "324ccebe0cc1d0c4176dc677aafdf94b385d4e04_id" , "id" : "f85bccb24dc9b93e2628c456ef7f1fbb78d39118_id6be18749d014c15e88eba54d09136cd850c15287_id" , "entityType" : "teacherSectionAssociation"}
{ "sectionId" : "76b60ce596966389d319f0a491b273b76de40dcf_id" , "classroomPosition" : "Teacher of Record" , "teacherId" : "1869e63e2be04dc71e6d2a0ec751962db5913616_id" , "id" : "76b60ce596966389d319f0a491b273b76de40dcf_id38da5ad525cb9b5ecb5f3c99f7c04104c5886b1f_id" , "entityType" : "teacherSectionAssociation"}
{ "sectionId" : "62a388ce7fdba6e1f5f7682a1c620b4e420f01ab_id" , "classroomPosition" : "Teacher of Record" , "teacherId" : "28f3540553f3e6b25aed17ecb796ba7236143a9f_id" , "id" : "62a388ce7fdba6e1f5f7682a1c620b4e420f01ab_id6f11e880c31c773f91e0b92fb12fea69cecda9e2_id" , "entityType" : "teacherSectionAssociation"}
{ "sectionId" : "2a01055ea83f2867f84dbb8ec0d8a230208b2cf5_id" , "classroomPosition" : "Teacher of Record" , "teacherId" : "d7d6a3da3c9a805497284bb005fed42f16f24872_id" , "id" : "2a01055ea83f2867f84dbb8ec0d8a230208b2cf5_idf741cf4ff5610a46cdf18dde58adf1b6a17c16d2_id" , "entityType" : "teacherSectionAssociation"}
{ "sectionId" : "ac1e8e7aad5351be6a7aab79983d24fd88a61125_id" , "classroomPosition" : "Teacher of Record" , "teacherId" : "d313b5f0c105d47796fb0d5ffe6cbbb00df8f849_id" , "id" : "ac1e8e7aad5351be6a7aab79983d24fd88a61125_id769f61889ec74d34648a1c2414f83f99f39e9999_id" , "entityType" : "teacherSectionAssociation"}
{ "sectionId" : "c1cdfa54ed19ba1552fe4bdf73a745c6d8851e3e_id" , "classroomPosition" : "Teacher of Record" , "teacherId" : "36b6aa29a3cea308d6e1cfb359967c45f75794de_id" , "id" : "c1cdfa54ed19ba1552fe4bdf73a745c6d8851e3e_idb4bb4400093e76da22b06d9c90bc8764300a0836_id" , "entityType" : "teacherSectionAssociation"}
{ "sectionId" : "3810a09ce45150588ca22fcf5b3d25a0929d8059_id" , "classroomPosition" : "Teacher of Record" , "teacherId" : "ddcd9c940df470741dd319314e82f0059c1805cc_id" , "id" : "3810a09ce45150588ca22fcf5b3d25a0929d8059_id8f292f0cf64d4d35693f0a63f12dabbb89d4f818_id" , "entityType" : "teacherSectionAssociation"}
{ "sectionId" : "3ebc0fb023f760621807722649eee42696629444_id" , "classroomPosition" : "Teacher of Record" , "teacherId" : "042175a8a2e861d756e663ba35417714b03fc4cd_id" , "id" : "3ebc0fb023f760621807722649eee42696629444_id8ff15dde82f08d89e198379d356b48fd85b75d40_id" , "entityType" : "teacherSectionAssociation"}
{ "sectionId" : "0fb0afb11ec21db5f8ffa4869c8e3e3b85997482_id" , "classroomPosition" : "Teacher of Record" , "teacherId" : "7722d0fd0eaaa2f177969fc68a1a6f7bd9cfb044_id" , "id" : "0fb0afb11ec21db5f8ffa4869c8e3e3b85997482_id4970d73d634d2a07d47a15e2a5e6d03526ec4a4d_id" , "entityType" : "teacherSectionAssociation"}
{ "sectionId" : "a86135095736191d4423ec2447d489cd16e7d001_id" , "classroomPosition" : "Teacher of Record" , "teacherId" : "f031c323e738fe56a69d2682786bebc03b629311_id" , "id" : "a86135095736191d4423ec2447d489cd16e7d001_idd1953ba397b88e62d5ee756ce005f403919c665b_id" , "entityType" : "teacherSectionAssociation"}
{ "sectionId" : "be2c47d8a8e611ae2c21019217e4aaff07cf2a2d_id" , "classroomPosition" : "Teacher of Record" , "teacherId" : "0f9910858db58989ce477616e2a121f17a395423_id" , "id" : "be2c47d8a8e611ae2c21019217e4aaff07cf2a2d_id7e3557048db4c172fcd6ca18088b44033449f18d_id" , "entityType" : "teacherSectionAssociation"}
{ "sectionId" : "246957e48fa95916b3799ba5176a67d48dad8735_id" , "classroomPosition" : "Teacher of Record" , "teacherId" : "1032245f376938585a79cf460b42f811fb332ef1_id" , "id" : "246957e48fa95916b3799ba5176a67d48dad8735_ide8e6e349410392d5c6039aabc538b65115d55513_id" , "entityType" : "teacherSectionAssociation"}
{ "sectionId" : "0d85978d1d9183b5cf4d702572e2886b26a3c67e_id" , "classroomPosition" : "Teacher of Record" , "teacherId" : "66702490fafff364d529e6a240e52a22691c061f_id" , "id" : "0d85978d1d9183b5cf4d702572e2886b26a3c67e_id2dc2c16831a6d49ecb230d76263e9de1e5d57fe3_id" , "entityType" : "teacherSectionAssociation"}
{ "sectionId" : "34512c43d084e07495f29a4fc83a32dc9ef7562d_id" , "classroomPosition" : "Teacher of Record" , "teacherId" : "e97dbb6a8a945c1597c813402133a65382011632_id" , "id" : "34512c43d084e07495f29a4fc83a32dc9ef7562d_id939640f9c8bceecfb07e81aedc5f7b982be599eb_id" , "entityType" : "teacherSectionAssociation"}
