<?xml version="1.0" encoding="UTF-8"?>
<InterchangeEducationOrganization xmlns:xsi="http://www.w3.org/2001/XMLSchema-instance"
 xmlns="http://ed-fi.org/0100" xsi:schemaLocation="http://ed-fi.org/0100 ../../sli/common/domain/src/main/resources/edfiXsd/Interchange-EducationOrganization.xsd">

 <StateEducationAgency>
  <StateOrganizationId>IL</StateOrganizationId>
  <NameOfInstitution>Illinois State Board of Education</NameOfInstitution>
  <OrganizationCategories>
   <OrganizationCategory>School</OrganizationCategory>
  </OrganizationCategories>
  <Address>
   <StreetNumberName>123 Street</StreetNumberName>
   <City>Chicago</City>
   <StateAbbreviation>IL</StateAbbreviation>
   <PostalCode>00000</PostalCode>
  </Address>
 </StateEducationAgency>

 <LocalEducationAgency>
  <StateOrganizationId>IL-DAYBREAK</StateOrganizationId>
  <NameOfInstitution>Daybreak School District 4529</NameOfInstitution>
  <OrganizationCategories>
   <OrganizationCategory>School</OrganizationCategory>
  </OrganizationCategories>
  <Address>
   <StreetNumberName>123 Street</StreetNumberName>
   <City>Chicago</City>
   <StateAbbreviation>IL</StateAbbreviation>
   <PostalCode>00000</PostalCode>
  </Address>
  <LEACategory>Independent</LEACategory>
 </LocalEducationAgency>
 <LocalEducationAgency>
  <StateOrganizationId>IL-SUNSET</StateOrganizationId>
  <NameOfInstitution>Sunset School District 4526</NameOfInstitution>
  <OrganizationCategories>
   <OrganizationCategory>School</OrganizationCategory>
  </OrganizationCategories>
  <Address>
   <StreetNumberName>123 Street</StreetNumberName>
   <City>Chicago</City>
   <StateAbbreviation>IL</StateAbbreviation>
   <PostalCode>00000</PostalCode>
  </Address>
  <LEACategory>Charter</LEACategory>
 </LocalEducationAgency>

 <Course>
  <CourseTitle>Club/Team</CourseTitle>
  <NumberOfParts>1</NumberOfParts>
  <CourseCode IdentificationSystem="CSSC course code">
   <ID>1</ID>
  </CourseCode>
  <DateCourseAdopted>2000-01-01</DateCourseAdopted>
  <HighSchoolCourseRequirement>false</HighSchoolCourseRequirement>
  <MinimumAvailableCredit>
   <Credit>1</Credit>
  </MinimumAvailableCredit>
  <MaximumAvailableCredit>
   <Credit>1</Credit>
  </MaximumAvailableCredit>
  <EducationOrganizationReference></EducationOrganizationReference>
 </Course>
 <Course>
  <CourseTitle>Senior Homeroom</CourseTitle>
  <NumberOfParts>1</NumberOfParts>
  <CourseCode IdentificationSystem="CSSC course code">
   <ID>2</ID>
  </CourseCode>
  <DateCourseAdopted>2000-01-01</DateCourseAdopted>
  <HighSchoolCourseRequirement>false</HighSchoolCourseRequirement>
  <MinimumAvailableCredit>
   <Credit>1</Credit>
  </MinimumAvailableCredit>
  <MaximumAvailableCredit>
   <Credit>1</Credit>
  </MaximumAvailableCredit>
  <EducationOrganizationReference></EducationOrganizationReference>
 </Course>
 <Course>
  <CourseTitle>Writing about Government</CourseTitle>
  <NumberOfParts>1</NumberOfParts>
  <CourseCode IdentificationSystem="CSSC course code">
   <ID>3</ID>
  </CourseCode>
  <DateCourseAdopted>2000-01-01</DateCourseAdopted>
  <HighSchoolCourseRequirement>false</HighSchoolCourseRequirement>
  <MinimumAvailableCredit>
   <Credit>1</Credit>
  </MinimumAvailableCredit>
  <MaximumAvailableCredit>
   <Credit>1</Credit>
  </MaximumAvailableCredit>
  <EducationOrganizationReference></EducationOrganizationReference>
 </Course>
 <Course>
  <CourseTitle>Honors American Literature</CourseTitle>
  <NumberOfParts>1</NumberOfParts>
  <CourseCode IdentificationSystem="CSSC course code">
   <ID>4</ID>
  </CourseCode>
  <DateCourseAdopted>2000-01-01</DateCourseAdopted>
  <HighSchoolCourseRequirement>false</HighSchoolCourseRequirement>
  <MinimumAvailableCredit>
   <Credit>1</Credit>
  </MinimumAvailableCredit>
  <MaximumAvailableCredit>
   <Credit>1</Credit>
  </MaximumAvailableCredit>
  <EducationOrganizationReference></EducationOrganizationReference>
 </Course>
 <Course>
  <CourseTitle>American Literature</CourseTitle>
  <NumberOfParts>1</NumberOfParts>
  <CourseCode IdentificationSystem="CSSC course code">
   <ID>5</ID>
  </CourseCode>
  <DateCourseAdopted>2000-01-01</DateCourseAdopted>
  <HighSchoolCourseRequirement>false</HighSchoolCourseRequirement>
  <MinimumAvailableCredit>
   <Credit>1</Credit>
  </MinimumAvailableCredit>
  <MaximumAvailableCredit>
   <Credit>1</Credit>
  </MaximumAvailableCredit>
  <EducationOrganizationReference></EducationOrganizationReference>
 </Course>
 <Course>
  <CourseTitle>Special Elective: Debate Clinic</CourseTitle>
  <NumberOfParts>1</NumberOfParts>
  <CourseCode IdentificationSystem="CSSC course code">
   <ID>6</ID>
  </CourseCode>
  <DateCourseAdopted>2000-01-01</DateCourseAdopted>
  <HighSchoolCourseRequirement>false</HighSchoolCourseRequirement>
  <MinimumAvailableCredit>
   <Credit>1</Credit>
  </MinimumAvailableCredit>
  <MaximumAvailableCredit>
   <Credit>1</Credit>
  </MaximumAvailableCredit>
  <EducationOrganizationReference></EducationOrganizationReference>
 </Course>
 <Course>
  <CourseTitle>Club/Team</CourseTitle>
  <NumberOfParts>1</NumberOfParts>
  <CourseCode IdentificationSystem="CSSC course code">
   <ID>7</ID>
  </CourseCode>
  <DateCourseAdopted>2000-01-01</DateCourseAdopted>
  <HighSchoolCourseRequirement>false</HighSchoolCourseRequirement>
  <MinimumAvailableCredit>
   <Credit>1</Credit>
  </MinimumAvailableCredit>
  <MaximumAvailableCredit>
   <Credit>1</Credit>
  </MaximumAvailableCredit>
  <EducationOrganizationReference></EducationOrganizationReference>
 </Course>
 <Course>
  <CourseTitle>7th Grade Homeroom</CourseTitle>
  <NumberOfParts>1</NumberOfParts>
  <CourseCode IdentificationSystem="CSSC course code">
   <ID>8</ID>
  </CourseCode>
  <DateCourseAdopted>2000-01-01</DateCourseAdopted>
  <HighSchoolCourseRequirement>false</HighSchoolCourseRequirement>
  <MinimumAvailableCredit>
   <Credit>1</Credit>
  </MinimumAvailableCredit>
  <MaximumAvailableCredit>
   <Credit>1</Credit>
  </MaximumAvailableCredit>
  <EducationOrganizationReference></EducationOrganizationReference>
 </Course>
 <Course>
  <CourseTitle>7th Grade English</CourseTitle>
  <NumberOfParts>1</NumberOfParts>
  <CourseCode IdentificationSystem="CSSC course code">
   <ID>9</ID>
  </CourseCode>
  <DateCourseAdopted>2000-01-01</DateCourseAdopted>
  <HighSchoolCourseRequirement>false</HighSchoolCourseRequirement>
  <MinimumAvailableCredit>
   <Credit>1</Credit>
  </MinimumAvailableCredit>
  <MaximumAvailableCredit>
   <Credit>1</Credit>
  </MaximumAvailableCredit>
  <EducationOrganizationReference></EducationOrganizationReference>
 </Course>
 <Course>
  <CourseTitle>8th Grade English</CourseTitle>
  <NumberOfParts>1</NumberOfParts>
  <CourseCode IdentificationSystem="CSSC course code">
   <ID>10</ID>
  </CourseCode>
  <DateCourseAdopted>2000-01-01</DateCourseAdopted>
  <HighSchoolCourseRequirement>false</HighSchoolCourseRequirement>
  <MinimumAvailableCredit>
   <Credit>1</Credit>
  </MinimumAvailableCredit>
  <MaximumAvailableCredit>
   <Credit>1</Credit>
  </MaximumAvailableCredit>
  <EducationOrganizationReference></EducationOrganizationReference>
 </Course>
 <Course>
  <CourseTitle>Reading Group</CourseTitle>
  <NumberOfParts>1</NumberOfParts>
  <CourseCode IdentificationSystem="CSSC course code">
   <ID>11</ID>
  </CourseCode>
  <DateCourseAdopted>2000-01-01</DateCourseAdopted>
  <HighSchoolCourseRequirement>false</HighSchoolCourseRequirement>
  <MinimumAvailableCredit>
   <Credit>1</Credit>
  </MinimumAvailableCredit>
  <MaximumAvailableCredit>
   <Credit>1</Credit>
  </MaximumAvailableCredit>
  <EducationOrganizationReference></EducationOrganizationReference>
 </Course>
 <Course>
  <CourseTitle>1st Grade Homeroom</CourseTitle>
  <NumberOfParts>1</NumberOfParts>
  <CourseCode IdentificationSystem="CSSC course code">
   <ID>12</ID>
  </CourseCode>
  <DateCourseAdopted>2000-01-01</DateCourseAdopted>
  <HighSchoolCourseRequirement>false</HighSchoolCourseRequirement>
  <MinimumAvailableCredit>
   <Credit>1</Credit>
  </MinimumAvailableCredit>
  <MaximumAvailableCredit>
   <Credit>1</Credit>
  </MaximumAvailableCredit>
  <EducationOrganizationReference></EducationOrganizationReference>
 </Course>
<School>
	<StateOrganizationId>South Daybreak Elementary</StateOrganizationId>
	<NameOfInstitution>South Daybreak Elementary</NameOfInstitution>
	<OrganizationCategories>
		<OrganizationCategory>School</OrganizationCategory>
	</OrganizationCategories>
	<Address AddressType="Physical">
		<StreetNumberName>111 Ave A</StreetNumberName>
		<City>Chicago</City>
		<StateAbbreviation>IL</StateAbbreviation>
		<PostalCode>11011</PostalCode>
		<NameOfCounty>Wake</NameOfCounty>
	</Address>
	<Telephone InstitutionTelephoneNumberType="Main">
		<TelephoneNumber>(917)-555-0212</TelephoneNumber>
	</Telephone>
	<GradesOffered>
		<GradeLevel>Kindergarten</GradeLevel>
		<GradeLevel>First grade</GradeLevel>
		<GradeLevel>Second grade</GradeLevel>
		<GradeLevel>Third grade</GradeLevel>
		<GradeLevel>Fourth grade</GradeLevel>
		<GradeLevel>Fifth grade</GradeLevel>
		<GradeLevel>Sixth grade</GradeLevel>
		<GradeLevel>Seventh grade</GradeLevel>
		<GradeLevel>Eighth grade</GradeLevel>
		<GradeLevel>Ninth grade</GradeLevel>
		<GradeLevel>Tenth grade</GradeLevel>
		<GradeLevel>Eighth grade</GradeLevel>
		<GradeLevel>Twelfth grade</GradeLevel>
	</GradesOffered>
	<SchoolCategories>
		<SchoolCategory>Elementary School</SchoolCategory>
	</SchoolCategories>
</School>
<School>
	<StateOrganizationId>East Daybreak Junior High</StateOrganizationId>
	<NameOfInstitution>East Daybreak Junior High</NameOfInstitution>
	<OrganizationCategories>
		<OrganizationCategory>School</OrganizationCategory>
	</OrganizationCategories>
	<Address AddressType="Physical">
		<StreetNumberName>111 Ave B</StreetNumberName>
		<City>Chicago</City>
		<StateAbbreviation>IL</StateAbbreviation>
		<PostalCode>10112</PostalCode>
		<NameOfCounty>Wake</NameOfCounty>
	</Address>
	<Telephone InstitutionTelephoneNumberType="Main">
		<TelephoneNumber>(917)-555-3312</TelephoneNumber>
	</Telephone>
	<GradesOffered>
		<GradeLevel>Kindergarten</GradeLevel>
		<GradeLevel>First grade</GradeLevel>
		<GradeLevel>Second grade</GradeLevel>
		<GradeLevel>Third grade</GradeLevel>
		<GradeLevel>Fourth grade</GradeLevel>
		<GradeLevel>Fifth grade</GradeLevel>
		<GradeLevel>Sixth grade</GradeLevel>
		<GradeLevel>Seventh grade</GradeLevel>
		<GradeLevel>Eighth grade</GradeLevel>
		<GradeLevel>Ninth grade</GradeLevel>
		<GradeLevel>Tenth grade</GradeLevel>
		<GradeLevel>Eighth grade</GradeLevel>
		<GradeLevel>Twelfth grade</GradeLevel>
	</GradesOffered>
	<SchoolCategories>
		<SchoolCategory>Elementary School</SchoolCategory>
	</SchoolCategories>
</School>
<School>
	<StateOrganizationId>Sunset Central High School</StateOrganizationId>
	<NameOfInstitution>Sunset Central High School</NameOfInstitution>
	<OrganizationCategories>
		<OrganizationCategory>School</OrganizationCategory>
	</OrganizationCategories>
	<Address AddressType="Physical">
		<StreetNumberName>111 Ave C</StreetNumberName>
		<City>Chicago</City>
		<StateAbbreviation>IL</StateAbbreviation>
		<PostalCode>10098</PostalCode>
		<NameOfCounty>Wake</NameOfCounty>
	</Address>
	<Telephone InstitutionTelephoneNumberType="Main">
		<TelephoneNumber>(917)-555-0216</TelephoneNumber>
	</Telephone>
	<GradesOffered>
		<GradeLevel>Kindergarten</GradeLevel>
		<GradeLevel>First grade</GradeLevel>
		<GradeLevel>Second grade</GradeLevel>
		<GradeLevel>Third grade</GradeLevel>
		<GradeLevel>Fourth grade</GradeLevel>
		<GradeLevel>Fifth grade</GradeLevel>
		<GradeLevel>Sixth grade</GradeLevel>
		<GradeLevel>Seventh grade</GradeLevel>
		<GradeLevel>Eighth grade</GradeLevel>
		<GradeLevel>Ninth grade</GradeLevel>
		<GradeLevel>Tenth grade</GradeLevel>
		<GradeLevel>Eighth grade</GradeLevel>
		<GradeLevel>Twelfth grade</GradeLevel>
	</GradesOffered>
	<SchoolCategories>
		<SchoolCategory>Elementary School</SchoolCategory>
	</SchoolCategories>
</School>
<School>
	<StateOrganizationId>Illinois PS145</StateOrganizationId>
	<NameOfInstitution>Illinois PS145</NameOfInstitution>
	<OrganizationCategories>
		<OrganizationCategory>School</OrganizationCategory>
	</OrganizationCategories>
	<Address AddressType="Physical">
		<StreetNumberName>111 Ave Z</StreetNumberName>
		<City>Chicago</City>
		<StateAbbreviation>IL</StateAbbreviation>
		<PostalCode>10102</PostalCode>
		<NameOfCounty>Wake</NameOfCounty>
	</Address>
	<Telephone InstitutionTelephoneNumberType="Main">
		<TelephoneNumber>(917)-555-06070</TelephoneNumber>
	</Telephone>
	<GradesOffered>
		<GradeLevel>Kindergarten</GradeLevel>
		<GradeLevel>First grade</GradeLevel>
		<GradeLevel>Second grade</GradeLevel>
		<GradeLevel>Third grade</GradeLevel>
		<GradeLevel>Fourth grade</GradeLevel>
		<GradeLevel>Fifth grade</GradeLevel>
		<GradeLevel>Sixth grade</GradeLevel>
		<GradeLevel>Seventh grade</GradeLevel>
		<GradeLevel>Eighth grade</GradeLevel>
		<GradeLevel>Ninth grade</GradeLevel>
		<GradeLevel>Tenth grade</GradeLevel>
		<GradeLevel>Eighth grade</GradeLevel>
		<GradeLevel>Twelfth grade</GradeLevel>
	</GradesOffered>
	<SchoolCategories>
		<SchoolCategory>Elementary School</SchoolCategory>
	</SchoolCategories>
</School>
<School>
	<StateOrganizationId>Daybreak Central High</StateOrganizationId>
	<NameOfInstitution>Daybreak Central High</NameOfInstitution>
	<OrganizationCategories>
		<OrganizationCategory>School</OrganizationCategory>
	</OrganizationCategories>
	<Address AddressType="Physical">
		<StreetNumberName>111 Ave X</StreetNumberName>
		<City>Chicago</City>
		<StateAbbreviation>IL</StateAbbreviation>
		<PostalCode>10120</PostalCode>
		<NameOfCounty>Wake</NameOfCounty>
	</Address>
	<Telephone InstitutionTelephoneNumberType="Main">
		<TelephoneNumber>(917)-555-0299</TelephoneNumber>
	</Telephone>
	<GradesOffered>
		<GradeLevel>Kindergarten</GradeLevel>
		<GradeLevel>First grade</GradeLevel>
		<GradeLevel>Second grade</GradeLevel>
		<GradeLevel>Third grade</GradeLevel>
		<GradeLevel>Fourth grade</GradeLevel>
		<GradeLevel>Fifth grade</GradeLevel>
		<GradeLevel>Sixth grade</GradeLevel>
		<GradeLevel>Seventh grade</GradeLevel>
		<GradeLevel>Eighth grade</GradeLevel>
		<GradeLevel>Ninth grade</GradeLevel>
		<GradeLevel>Tenth grade</GradeLevel>
		<GradeLevel>Eighth grade</GradeLevel>
		<GradeLevel>Twelfth grade</GradeLevel>
	</GradesOffered>
	<SchoolCategories>
		<SchoolCategory>Elementary School</SchoolCategory>
	</SchoolCategories>
</School>
</InterchangeEducationOrganization>
