{ "assessmentIdentificationCode" : [ { "identificationSystem" : "Test Contractor" , "ID" : "Grade 8 2011 StateTest Reading"}] , "academicSubject" : "Reading" , "contentStandard" : "State Standard" , "assessmentFamilyHierarchyName" : "StateTest.StateTest Reading for Grades 3-8.StateTest Reading for Grade 8" , "assessmentCategory" : "State summative assessment 3-8 general" , "assessmentPerformanceLevel" : [ { "performanceLevelDescriptor" : [ { "codeValue" : "W"}] , "assessmentReportingMethod" : "Scale score" , "minimumScore" : 120 , "maximumScore" : 179} , { "performanceLevelDescriptor" : [ { "codeValue" : "B"}] , "assessmentReportingMethod" : "Scale score" , "minimumScore" : 180 , "maximumScore" : 230} , { "performanceLevelDescriptor" : [ { "codeValue" : "S"}] , "assessmentReportingMethod" : "Scale score" , "minimumScore" : 231 , "maximumScore" : 277} , { "performanceLevelDescriptor" : [ { "codeValue" : "E"}] , "assessmentReportingMethod" : "Scale score" , "minimumScore" : 278 , "maximumScore" : 364}] , "revisionDate" : "2011-03-12" , "assessmentTitle" : "Grade 8 2011 StateTest Reading" , "gradeLevelAssessed" : "Eighth grade" , "maxRawScore" : 364 , "version" : 1 , "id" : "895214693ea3349d9e1dfd6be410b5a16f3ddb11_id" , "entityType" : "assessment"}
{ "assessmentIdentificationCode" : [ { "identificationSystem" : "Test Contractor" , "ID" : "ACT"}] , "assessmentFamilyHierarchyName" : "ACT" , "assessmentCategory" : "College entrance exam" , "assessmentPerformanceLevel" : [ ] , "revisionDate" : "2005-03-12" , "assessmentTitle" : "ACT" , "gradeLevelAssessed" : "Twelfth grade" , "maxRawScore" : 36 , "version" : 1 , "id" : "d50118aaad960b54a8b2afc7268d01d13842cb58_id" , "entityType" : "assessment"}
{ "assessmentIdentificationCode" : [ { "identificationSystem" : "Test Contractor" , "ID" : "Grade 6 2010 State Math"}] , "academicSubject" : "Mathematics" , "contentStandard" : "State Standard" , "assessmentFamilyHierarchyName" : "State Math Assessments.State Math for Grades 3-8.State Math for Grade 6" , "assessmentCategory" : "State summative assessment 3-8 general" , "assessmentPerformanceLevel" : [ { "performanceLevelDescriptor" : [ { "codeValue" : "W"}] , "assessmentReportingMethod" : "Scale score" , "minimumScore" : 120 , "maximumScore" : 179} , { "performanceLevelDescriptor" : [ { "codeValue" : "B"}] , "assessmentReportingMethod" : "Scale score" , "minimumScore" : 180 , "maximumScore" : 230} , { "performanceLevelDescriptor" : [ { "codeValue" : "S"}] , "assessmentReportingMethod" : "Scale score" , "minimumScore" : 231 , "maximumScore" : 277} , { "performanceLevelDescriptor" : [ { "codeValue" : "E"}] , "assessmentReportingMethod" : "Scale score" , "minimumScore" : 278 , "maximumScore" : 364}] , "revisionDate" : "2011-03-12" , "assessmentTitle" : "Grade 6 2010 State Math" , "gradeLevelAssessed" : "Sixth grade" , "maxRawScore" : 364 , "version" : 1 , "id" : "324a2b61cf57ca7f0a5081bc8e107aee84245483_id" , "entityType" : "assessment"}
{ "assessmentIdentificationCode" : [ { "identificationSystem" : "Test Contractor" , "ID" : "Grade 7 2011 State Reading"}] , "academicSubject" : "Reading" , "contentStandard" : "State Standard" , "assessmentFamilyHierarchyName" : "State Assessments.State Reading Assessments.State Reading for Grades 3-8.State Reading for Grade 7" , "assessmentCategory" : "State summative assessment 3-8 general" , "assessmentPerformanceLevel" : [ { "performanceLevelDescriptor" : [ { "codeValue" : "W"}] , "assessmentReportingMethod" : "Scale score" , "minimumScore" : 120 , "maximumScore" : 179} , { "performanceLevelDescriptor" : [ { "codeValue" : "B"}] , "assessmentReportingMethod" : "Scale score" , "minimumScore" : 180 , "maximumScore" : 230} , { "performanceLevelDescriptor" : [ { "codeValue" : "S"}] , "assessmentReportingMethod" : "Scale score" , "minimumScore" : 231 , "maximumScore" : 277} , { "performanceLevelDescriptor" : [ { "codeValue" : "E"}] , "assessmentReportingMethod" : "Scale score" , "minimumScore" : 278 , "maximumScore" : 364}] , "revisionDate" : "2011-03-12" , "assessmentTitle" : "Grade 7 2011 State Reading" , "gradeLevelAssessed" : "Seventh grade" , "maxRawScore" : 364 , "version" : 1 , "id" : "a33bf0d6929a1804e7d01b1aff69564fd410a0a8_id" , "entityType" : "assessment"}
{ "assessmentIdentificationCode" : [ { "identificationSystem" : "Test Contractor" , "ID" : "Grade 4 2008 State Reading"}] , "academicSubject" : "Reading" , "contentStandard" : "State Standard" , "assessmentFamilyHierarchyName" : "State Assessments.State Reading Assessments.State Reading for Grades 3-8.State Reading for Grade 4" , "assessmentCategory" : "State summative assessment 3-8 general" , "assessmentPerformanceLevel" : [ { "performanceLevelDescriptor" : [ { "codeValue" : "W"}] , "assessmentReportingMethod" : "Scale score" , "minimumScore" : 120 , "maximumScore" : 179} , { "performanceLevelDescriptor" : [ { "codeValue" : "B"}] , "assessmentReportingMethod" : "Scale score" , "minimumScore" : 180 , "maximumScore" : 230} , { "performanceLevelDescriptor" : [ { "codeValue" : "S"}] , "assessmentReportingMethod" : "Scale score" , "minimumScore" : 231 , "maximumScore" : 277} , { "performanceLevelDescriptor" : [ { "codeValue" : "E"}] , "assessmentReportingMethod" : "Scale score" , "minimumScore" : 278 , "maximumScore" : 364}] , "revisionDate" : "2011-03-12" , "assessmentTitle" : "Grade 4 2008 State Reading" , "gradeLevelAssessed" : "Fourth grade" , "maxRawScore" : 364 , "version" : 1 , "id" : "9f6c617d898b5818a37e839e08c3e9f4899c78f0_id" , "entityType" : "assessment"}
{ "assessmentIdentificationCode" : [ { "identificationSystem" : "Test Contractor" , "ID" : "Grade 8 2011 StateTest Writing"}] , "academicSubject" : "Writing" , "contentStandard" : "State Standard" , "assessmentFamilyHierarchyName" : "StateTest.StateTest Writing for Grades 3-8.StateTest Writing for Grade 8" , "assessmentCategory" : "State summative assessment 3-8 general" , "assessmentPerformanceLevel" : [ { "performanceLevelDescriptor" : [ { "codeValue" : "W"}] , "assessmentReportingMethod" : "Scale score" , "minimumScore" : 6 , "maximumScore" : 14} , { "performanceLevelDescriptor" : [ { "codeValue" : "B"}] , "assessmentReportingMethod" : "Scale score" , "minimumScore" : 15 , "maximumScore" : 20} , { "performanceLevelDescriptor" : [ { "codeValue" : "S"}] , "assessmentReportingMethod" : "Scale score" , "minimumScore" : 21 , "maximumScore" : 27} , { "performanceLevelDescriptor" : [ { "codeValue" : "E"}] , "assessmentReportingMethod" : "Scale score" , "minimumScore" : 28 , "maximumScore" : 33}] , "revisionDate" : "2011-03-12" , "assessmentTitle" : "Grade 8 2011 StateTest Writing" , "gradeLevelAssessed" : "Eighth grade" , "maxRawScore" : 33 , "version" : 1 , "id" : "8be1b9e5f8b4274b0e0fd49ffe0e199297e0cb30_id" , "entityType" : "assessment"}
{ "assessmentIdentificationCode" : [ { "identificationSystem" : "Test Contractor" , "ID" : "READ 2.0 Grade 1 BOY"}] , "academicSubject" : "Reading" , "assessmentPeriodDescriptor" : { "shortDescription" : "READ2-BOY-2011" , "description" : "Beginning of Year 2011-2012" , "codeValue" : "READ2-BOY-2011" , "endDate" : "2011-12-31" , "beginDate" : "2011-08-01"} , "assessmentFamilyHierarchyName" : "READ 2.0.READ 2.0 Grade 1" , "assessmentCategory" : "Reading readiness test" , "assessmentPerformanceLevel" : [ { "performanceLevelDescriptor" : [ { "codeValue" : "Level 1"}] , "assessmentReportingMethod" : "Composite Score" , "minimumScore" : 113 , "maximumScore" : 380} , { "performanceLevelDescriptor" : [ { "codeValue" : "Level 2"}] , "assessmentReportingMethod" : "Composite Score" , "minimumScore" : 97 , "maximumScore" : 112} , { "performanceLevelDescriptor" : [ { "codeValue" : "Level 3"}] , "assessmentReportingMethod" : "Composite Score" , "minimumScore" : 0 , "maximumScore" : 96}] , "revisionDate" : "2010-05-17" , "assessmentTitle" : "READ 2.0 Grade 1 BOY" , "gradeLevelAssessed" : "First grade" , "version" : 1 , "id" : "f8a8f68c8aed779c2e8c3f9174e5b05e880e9a9d_id" , "entityType" : "assessment"}
{ "assessmentIdentificationCode" : [ { "identificationSystem" : "Test Contractor" , "ID" : "Grade 7 2011 State Math"}] , "academicSubject" : "Mathematics" , "contentStandard" : "State Standard" , "assessmentFamilyHierarchyName" : "State Math Assessments.State Math for Grades 3-8.State Math for Grade 7" , "assessmentCategory" : "State summative assessment 3-8 general" , "assessmentPerformanceLevel" : [ { "performanceLevelDescriptor" : [ { "codeValue" : "W"}] , "assessmentReportingMethod" : "Scale score" , "minimumScore" : 6 , "maximumScore" : 14} , { "performanceLevelDescriptor" : [ { "codeValue" : "B"}] , "assessmentReportingMethod" : "Scale score" , "minimumScore" : 15 , "maximumScore" : 20} , { "performanceLevelDescriptor" : [ { "codeValue" : "S"}] , "assessmentReportingMethod" : "Scale score" , "minimumScore" : 21 , "maximumScore" : 27} , { "performanceLevelDescriptor" : [ { "codeValue" : "E"}] , "assessmentReportingMethod" : "Scale score" , "minimumScore" : 28 , "maximumScore" : 33}] , "revisionDate" : "2011-03-12" , "assessmentTitle" : "Grade 7 2011 State Math" , "gradeLevelAssessed" : "Seventh grade" , "maxRawScore" : 33 , "version" : 1 , "id" : "3b65cc7150da6321354e75104fc854347d6d8067_id" , "entityType" : "assessment"}
{ "assessmentIdentificationCode" : [ { "identificationSystem" : "Test Contractor" , "ID" : "Grade 6 2010 State Reading"}] , "academicSubject" : "Reading" , "contentStandard" : "State Standard" , "assessmentFamilyHierarchyName" : "State Assessments.State Reading Assessments.State Reading for Grades 3-8.State Reading for Grade 6" , "assessmentCategory" : "State summative assessment 3-8 general" , "assessmentPerformanceLevel" : [ { "performanceLevelDescriptor" : [ { "codeValue" : "W"}] , "assessmentReportingMethod" : "Scale score" , "minimumScore" : 120 , "maximumScore" : 179} , { "performanceLevelDescriptor" : [ { "codeValue" : "B"}] , "assessmentReportingMethod" : "Scale score" , "minimumScore" : 180 , "maximumScore" : 230} , { "performanceLevelDescriptor" : [ { "codeValue" : "S"}] , "assessmentReportingMethod" : "Scale score" , "minimumScore" : 231 , "maximumScore" : 277} , { "performanceLevelDescriptor" : [ { "codeValue" : "E"}] , "assessmentReportingMethod" : "Scale score" , "minimumScore" : 278 , "maximumScore" : 364}] , "revisionDate" : "2011-03-12" , "assessmentTitle" : "Grade 6 2010 State Reading" , "gradeLevelAssessed" : "Sixth grade" , "maxRawScore" : 364 , "version" : 1 , "id" : "c4e065c2fc27e4cc53b5201f72b00d8b19a9dde7_id" , "entityType" : "assessment"}
{ "assessmentIdentificationCode" : [ { "identificationSystem" : "Test Contractor" , "ID" : "Grade 7 2011 State Writing"}] , "academicSubject" : "Writing" , "contentStandard" : "State Standard" , "assessmentFamilyHierarchyName" : "State Assessments.State Writing Assessments.State Writing for Grades 3-8.State Writing for Grade 7" , "assessmentCategory" : "State summative assessment 3-8 general" , "assessmentPerformanceLevel" : [ { "performanceLevelDescriptor" : [ { "codeValue" : "W"}] , "assessmentReportingMethod" : "Scale score" , "minimumScore" : 6 , "maximumScore" : 14} , { "performanceLevelDescriptor" : [ { "codeValue" : "B"}] , "assessmentReportingMethod" : "Scale score" , "minimumScore" : 15 , "maximumScore" : 20} , { "performanceLevelDescriptor" : [ { "codeValue" : "S"}] , "assessmentReportingMethod" : "Scale score" , "minimumScore" : 21 , "maximumScore" : 27} , { "performanceLevelDescriptor" : [ { "codeValue" : "E"}] , "assessmentReportingMethod" : "Scale score" , "minimumScore" : 28 , "maximumScore" : 33}] , "revisionDate" : "2011-03-12" , "assessmentTitle" : "Grade 7 2011 State Writing" , "gradeLevelAssessed" : "Seventh grade" , "maxRawScore" : 33 , "version" : 1 , "id" : "d0dce8215169958d8af77d5cf6bb06b24a643c0d_id" , "entityType" : "assessment"}
{ "assessmentIdentificationCode" : [ { "identificationSystem" : "Test Contractor" , "ID" : "AP English Literature and Composition"}] , "contentStandard" : "Advanced Placement" , "assessmentFamilyHierarchyName" : "AP.AP Eng.AP-Eng-and-Literature" , "assessmentCategory" : "College entrance exam" , "assessmentPerformanceLevel" : [ { "performanceLevelDescriptor" : [ { "codeValue" : "5"}] , "assessmentReportingMethod" : "Achievement/proficiency level"} , { "performanceLevelDescriptor" : [ { "codeValue" : "4"}] , "assessmentReportingMethod" : "Achievement/proficiency level"} , { "performanceLevelDescriptor" : [ { "codeValue" : "3"}] , "assessmentReportingMethod" : "Achievement/proficiency level"} , { "performanceLevelDescriptor" : [ { "codeValue" : "2"}] , "assessmentReportingMethod" : "Achievement/proficiency level"} , { "performanceLevelDescriptor" : [ { "codeValue" : "1"}] , "assessmentReportingMethod" : "Achievement/proficiency level"}] , "revisionDate" : "2005-03-12" , "assessmentTitle" : "English Literature and Composition" , "gradeLevelAssessed" : "Twelfth grade" , "version" : 1 , "id" : "b057eaa376d6fe91908a866e02afbdde77bc6384_id" , "entityType" : "assessment"}
{ "assessmentIdentificationCode" : [ { "identificationSystem" : "Test Contractor" , "ID" : "Grade 5 2009 State Reading"}] , "academicSubject" : "Reading" , "contentStandard" : "State Standard" , "assessmentFamilyHierarchyName" : "State Assessments.State Reading Assessments.State Reading for Grades 3-8.State Reading for Grade 5" , "assessmentCategory" : "State summative assessment 3-8 general" , "assessmentPerformanceLevel" : [ { "performanceLevelDescriptor" : [ { "codeValue" : "W"}] , "assessmentReportingMethod" : "Scale score" , "minimumScore" : 120 , "maximumScore" : 179} , { "performanceLevelDescriptor" : [ { "codeValue" : "B"}] , "assessmentReportingMethod" : "Scale score" , "minimumScore" : 180 , "maximumScore" : 230} , { "performanceLevelDescriptor" : [ { "codeValue" : "S"}] , "assessmentReportingMethod" : "Scale score" , "minimumScore" : 231 , "maximumScore" : 277} , { "performanceLevelDescriptor" : [ { "codeValue" : "E"}] , "assessmentReportingMethod" : "Scale score" , "minimumScore" : 278 , "maximumScore" : 364}] , "revisionDate" : "2011-03-12" , "assessmentTitle" : "Grade 5 2009 State Reading" , "gradeLevelAssessed" : "Fifth grade" , "maxRawScore" : 364 , "version" : 1 , "id" : "448bca3ebbe1e997a852583733b80b8302c15f19_id" , "entityType" : "assessment"}
{ "assessmentIdentificationCode" : [ { "identificationSystem" : "Test Contractor" , "ID" : "AP English Language and Composition"}] , "contentStandard" : "Advanced Placement" , "assessmentFamilyHierarchyName" : "AP.AP Eng.AP-Lang-and-Literature" , "assessmentCategory" : "College entrance exam" , "assessmentPerformanceLevel" : [ { "performanceLevelDescriptor" : [ { "codeValue" : "5"}] , "assessmentReportingMethod" : "Achievement/proficiency level"} , { "performanceLevelDescriptor" : [ { "codeValue" : "4"}] , "assessmentReportingMethod" : "Achievement/proficiency level"} , { "performanceLevelDescriptor" : [ { "codeValue" : "3"}] , "assessmentReportingMethod" : "Achievement/proficiency level"} , { "performanceLevelDescriptor" : [ { "codeValue" : "2"}] , "assessmentReportingMethod" : "Achievement/proficiency level"} , { "performanceLevelDescriptor" : [ { "codeValue" : "1"}] , "assessmentReportingMethod" : "Achievement/proficiency level"}] , "revisionDate" : "2005-03-12" , "assessmentTitle" : "English Language and Composition" , "gradeLevelAssessed" : "Twelfth grade" , "version" : 1 , "id" : "cef8b05619d3d3dbb649fe448c7d85765c8b5fd3_id" , "entityType" : "assessment"}
{ "assessmentIdentificationCode" : [ { "identificationSystem" : "Test Contractor" , "ID" : "Grade 3 2007 State Reading"}] , "academicSubject" : "Reading" , "contentStandard" : "State Standard" , "assessmentFamilyHierarchyName" : "State Assessments.State Reading Assessments.State Reading for Grades 3-8.State Reading for Grade 3" , "assessmentCategory" : "State summative assessment 3-8 general" , "assessmentPerformanceLevel" : [ { "performanceLevelDescriptor" : [ { "codeValue" : "W"}] , "assessmentReportingMethod" : "Scale score" , "minimumScore" : 120 , "maximumScore" : 179} , { "performanceLevelDescriptor" : [ { "codeValue" : "B"}] , "assessmentReportingMethod" : "Scale score" , "minimumScore" : 180 , "maximumScore" : 230} , { "performanceLevelDescriptor" : [ { "codeValue" : "S"}] , "assessmentReportingMethod" : "Scale score" , "minimumScore" : 231 , "maximumScore" : 277} , { "performanceLevelDescriptor" : [ { "codeValue" : "E"}] , "assessmentReportingMethod" : "Scale score" , "minimumScore" : 278 , "maximumScore" : 364}] , "revisionDate" : "2011-03-12" , "assessmentTitle" : "Grade 3 2007 State Reading" , "gradeLevelAssessed" : "Third grade" , "maxRawScore" : 364 , "version" : 1 , "id" : "ef265ee72c5a896e5904c77123bc798e3f8ea3b4_id" , "entityType" : "assessment"}
{ "assessmentIdentificationCode" : [ { "identificationSystem" : "Test Contractor" , "ID" : "Grade 3 2007 State Writing"}] , "academicSubject" : "Writing" , "contentStandard" : "State Standard" , "assessmentFamilyHierarchyName" : "State Assessments.State Writing Assessments.State Writing for Grades 3-8.State Writing for Grade 3" , "assessmentCategory" : "State summative assessment 3-8 general" , "assessmentPerformanceLevel" : [ { "performanceLevelDescriptor" : [ { "codeValue" : "W"}] , "assessmentReportingMethod" : "Scale score" , "minimumScore" : 6 , "maximumScore" : 14} , { "performanceLevelDescriptor" : [ { "codeValue" : "B"}] , "assessmentReportingMethod" : "Scale score" , "minimumScore" : 15 , "maximumScore" : 20} , { "performanceLevelDescriptor" : [ { "codeValue" : "S"}] , "assessmentReportingMethod" : "Scale score" , "minimumScore" : 21 , "maximumScore" : 27} , { "performanceLevelDescriptor" : [ { "codeValue" : "E"}] , "assessmentReportingMethod" : "Scale score" , "minimumScore" : 28 , "maximumScore" : 33}] , "revisionDate" : "2011-03-12" , "assessmentTitle" : "Grade 3 2007 State Writing" , "gradeLevelAssessed" : "Third grade" , "maxRawScore" : 33 , "version" : 1 , "id" : "49d25794e370e58e0205139d4f5f93b7831e1e79_id" , "entityType" : "assessment"}
{ "assessmentIdentificationCode" : [ { "identificationSystem" : "Test Contractor" , "ID" : "Grade 5 2009 State Math"}] , "academicSubject" : "Mathematics" , "contentStandard" : "State Standard" , "assessmentFamilyHierarchyName" : "State Math Assessments.State Math for Grades 3-8.State Math for Grade 5" , "assessmentCategory" : "State summative assessment 3-8 general" , "assessmentPerformanceLevel" : [ { "performanceLevelDescriptor" : [ { "codeValue" : "W"}] , "assessmentReportingMethod" : "Scale score" , "minimumScore" : 120 , "maximumScore" : 179} , { "performanceLevelDescriptor" : [ { "codeValue" : "B"}] , "assessmentReportingMethod" : "Scale score" , "minimumScore" : 180 , "maximumScore" : 230} , { "performanceLevelDescriptor" : [ { "codeValue" : "S"}] , "assessmentReportingMethod" : "Scale score" , "minimumScore" : 231 , "maximumScore" : 277} , { "performanceLevelDescriptor" : [ { "codeValue" : "E"}] , "assessmentReportingMethod" : "Scale score" , "minimumScore" : 278 , "maximumScore" : 364}] , "revisionDate" : "2011-03-12" , "assessmentTitle" : "Grade 5 2009 State Math" , "gradeLevelAssessed" : "Fifth grade" , "maxRawScore" : 364 , "version" : 1 , "id" : "d8c950ea674f34a903489fe43b514a853daee6a9_id" , "entityType" : "assessment"}
{ "assessmentIdentificationCode" : [ { "identificationSystem" : "Test Contractor" , "ID" : "Grade 4 2008 State Math"}] , "academicSubject" : "Mathematics" , "contentStandard" : "State Standard" , "assessmentFamilyHierarchyName" : "State Math Assessments.State Math for Grades 3-8.State Math for Grade 4" , "assessmentCategory" : "State summative assessment 3-8 general" , "assessmentPerformanceLevel" : [ { "performanceLevelDescriptor" : [ { "codeValue" : "W"}] , "assessmentReportingMethod" : "Scale score" , "minimumScore" : 120 , "maximumScore" : 179} , { "performanceLevelDescriptor" : [ { "codeValue" : "B"}] , "assessmentReportingMethod" : "Scale score" , "minimumScore" : 180 , "maximumScore" : 230} , { "performanceLevelDescriptor" : [ { "codeValue" : "S"}] , "assessmentReportingMethod" : "Scale score" , "minimumScore" : 231 , "maximumScore" : 277} , { "performanceLevelDescriptor" : [ { "codeValue" : "E"}] , "assessmentReportingMethod" : "Scale score" , "minimumScore" : 278 , "maximumScore" : 364}] , "revisionDate" : "2011-03-12" , "assessmentTitle" : "Grade 4 2008 State Math" , "gradeLevelAssessed" : "Fourth grade" , "maxRawScore" : 364 , "version" : 1 , "id" : "7802238a6dfbae364b46751384e75b527a5faa49_id" , "entityType" : "assessment"}
{ "assessmentIdentificationCode" : [ { "identificationSystem" : "Test Contractor" , "ID" : "READ 2.0 Grade 1 MOY"}] , "academicSubject" : "Reading" , "assessmentPeriodDescriptor" : { "shortDescription" : "READ2-MOY-2011" , "description" : "Middle of Year 2011-2012" , "codeValue" : "READ2-MOY-2011" , "endDate" : "2012-03-31" , "beginDate" : "2012-01-01"} , "assessmentFamilyHierarchyName" : "READ 2.0.READ 2.0 Grade 1" , "assessmentCategory" : "Reading readiness test" , "assessmentPerformanceLevel" : [ { "performanceLevelDescriptor" : [ { "codeValue" : "Level 1"}] , "assessmentReportingMethod" : "Composite Score" , "minimumScore" : 130 , "maximumScore" : 380} , { "performanceLevelDescriptor" : [ { "codeValue" : "Level 2"}] , "assessmentReportingMethod" : "Composite Score" , "minimumScore" : 100 , "maximumScore" : 129} , { "performanceLevelDescriptor" : [ { "codeValue" : "Level 3"}] , "assessmentReportingMethod" : "Composite Score" , "minimumScore" : 0 , "maximumScore" : 99}] , "revisionDate" : "2010-05-17" , "assessmentTitle" : "READ 2.0 Grade 1 MOY" , "gradeLevelAssessed" : "First grade" , "version" : 1 , "id" : "060f1d61807b473021b82e0d0831bc47edc9fd96_id" , "entityType" : "assessment"}
{ "assessmentIdentificationCode" : [ { "identificationSystem" : "Test Contractor" , "ID" : "Grade 3 2007 State Math"}] , "academicSubject" : "Mathematics" , "contentStandard" : "State Standard" , "assessmentFamilyHierarchyName" : "State Math Assessments.State Math for Grades 3-8.State Math for Grade 3" , "assessmentCategory" : "State summative assessment 3-8 general" , "assessmentPerformanceLevel" : [ { "performanceLevelDescriptor" : [ { "codeValue" : "W"}] , "assessmentReportingMethod" : "Scale score" , "minimumScore" : 6 , "maximumScore" : 14} , { "performanceLevelDescriptor" : [ { "codeValue" : "B"}] , "assessmentReportingMethod" : "Scale score" , "minimumScore" : 15 , "maximumScore" : 20} , { "performanceLevelDescriptor" : [ { "codeValue" : "S"}] , "assessmentReportingMethod" : "Scale score" , "minimumScore" : 21 , "maximumScore" : 27} , { "performanceLevelDescriptor" : [ { "codeValue" : "E"}] , "assessmentReportingMethod" : "Scale score" , "minimumScore" : 28 , "maximumScore" : 33}] , "revisionDate" : "2011-03-12" , "assessmentTitle" : "Grade 3 2007 State Math" , "gradeLevelAssessed" : "Third grade" , "maxRawScore" : 33 , "version" : 1 , "id" : "7a896d5c326293b5056af4a09880bfb5822944d3_id" , "entityType" : "assessment"}
