{ "programId" : [ "a50802f02c7e771d979f7d5b3870c500014e6803_id"] , "academicSubject" : "Social Studies" , "cohortType" : "Academic Intervention" , "cohortScope" : "District" , "educationOrgId" : "b64ee2bcc92805cdd8ada6b7d8f9c643c9459831_id" , "cohortDescription" : "District-wide academic intervention cohort for Social Studies" , "cohortIdentifier" : "ACC-TEST-COH-3" , "id" : "d4141f13a54a30a0daef0adced5db8ef9c3d8879_id" , "entityType" : "cohort"}
{ "programId" : [ "a50802f02c7e771d979f7d5b3870c500014e6803_id"] , "academicSubject" : "English" , "cohortType" : "Academic Intervention" , "cohortScope" : "Statewide" , "educationOrgId" : "b64ee2bcc92805cdd8ada6b7d8f9c643c9459831_id" , "cohortDescription" : "Statewide academic intervention cohort for English" , "cohortIdentifier" : "ACC-TEST-COH-1" , "id" : "e5c71e5eed5b9ded0b4df10ad97860a80cbd4d6c_id" , "entityType" : "cohort"}
{ "programId" : [ "983dd657325009aefa88a234fa18bdb1e11c82a8_id"] , "academicSubject" : "Mathematics" , "cohortType" : "Academic Intervention" , "cohortScope" : "District" , "educationOrgId" : "1b223f577827204a1c7e9c851dba06bea6b031fe_id" , "cohortDescription" : "District-wide academic intervention cohort for Mathematics" , "cohortIdentifier" : "ACC-TEST-COH-2" , "id" : "e097d0f6e1e3d40d58930052eae2d7074eaa901a_id" , "entityType" : "cohort"}
