{ "description" : "Herman tends to throw tantrums" , "codeValue" : "Barely Competent 1" , "performanceBaseConversion" : "Well Below Basic" , "id" : "3a7b0473fd3fdeb24254c08d1250087a2144c642_id" , "entityType" : "competencyLevelDescriptor"}
{ "description" : "Herman tends to throw tantrums" , "codeValue" : "Barely Competent 6" , "performanceBaseConversion" : "Fail" , "id" : "064c45555a16f4a1c311c624670e2b9b7333bf71_id" , "entityType" : "competencyLevelDescriptor"}
{ "description" : "Herman tends to throw tantrums" , "codeValue" : "Barely Competent 4" , "performanceBaseConversion" : "Well Below Basic" , "id" : "fb623d47656476ad67d8b698ee19d3a1932fd2ea_id" , "entityType" : "competencyLevelDescriptor"}
{ "description" : "Herman tends to throw tantrums" , "codeValue" : "Barely Competent 5" , "performanceBaseConversion" : "Pass" , "id" : "64470d708ad3d1061f65e32da8c1a1196319c993_id" , "entityType" : "competencyLevelDescriptor"}
{ "description" : "Herman tends to throw tantrums" , "codeValue" : "Barely Competent 2" , "performanceBaseConversion" : "Well Below Basic" , "id" : "07e40a631e94f20a437fc2c06d4371b7f46055d3_id" , "entityType" : "competencyLevelDescriptor"}
{ "description" : "Herman tends to throw tantrums" , "codeValue" : "Barely Competent 3" , "performanceBaseConversion" : "Well Below Basic" , "id" : "265ef868b070a3a22adb28f349fba842300cb05b_id" , "entityType" : "competencyLevelDescriptor"}
