{ "dateCourseAdopted" : "2000-01-01" , "maximumAvailableCredit" : { "credit" : 1.0} , "minimumAvailableCredit" : { "credit" : 1.0} , "subjectArea" : "English Language and Literature" , "courseTitle" : "ELA 6B" , "highSchoolCourseRequirement" : true , "numberOfParts" : 1 , "uniqueCourseId" : "ELA-6B-59" , "schoolId" : "772a61c687ee7ecd8e6d9ad3369f7883409f803b_id" , "courseCode" : [ { "identificationSystem" : "CSSC course code" , "ID" : "ELA 6B"}] , "id" : "e7920ca7437eda85c4c80a5dcb8aea27df5e5cb0_id" , "entityType" : "course"}
{ "dateCourseAdopted" : "2000-01-01" , "maximumAvailableCredit" : { "credit" : 1.0} , "minimumAvailableCredit" : { "credit" : 1.0} , "subjectArea" : "Physical, Health, and Safety Education" , "courseTitle" : "Phys-Ed 5A" , "highSchoolCourseRequirement" : false , "numberOfParts" : 1 , "uniqueCourseId" : "Phys-Ed-5A-84" , "schoolId" : "352e8570bd1116d11a72755b987902440045d346_id" , "courseCode" : [ { "identificationSystem" : "CSSC course code" , "ID" : "Phys-Ed 5A"}] , "id" : "5bb6a8e0c65eb9cf5821d069cfb8116a6231b1ab_id" , "entityType" : "course"}
{ "dateCourseAdopted" : "2000-01-01" , "maximumAvailableCredit" : { "credit" : 1.0} , "minimumAvailableCredit" : { "credit" : 1.0} , "subjectArea" : "Physical, Health, and Safety Education" , "courseTitle" : "Phys-Ed 4A" , "highSchoolCourseRequirement" : false , "numberOfParts" : 1 , "uniqueCourseId" : "Phys-Ed-4A-95" , "schoolId" : "352e8570bd1116d11a72755b987902440045d346_id" , "courseCode" : [ { "identificationSystem" : "CSSC course code" , "ID" : "Phys-Ed 4A"}] , "id" : "c0a55aae2bcc2144e527af39c0e8133a10df08ca_id" , "entityType" : "course"}
{ "dateCourseAdopted" : "2000-01-01" , "maximumAvailableCredit" : { "credit" : 1.0} , "minimumAvailableCredit" : { "credit" : 1.0} , "subjectArea" : "Science" , "courseTitle" : "Science 6B" , "highSchoolCourseRequirement" : false , "numberOfParts" : 1 , "uniqueCourseId" : "Science-6B-62" , "schoolId" : "772a61c687ee7ecd8e6d9ad3369f7883409f803b_id" , "courseCode" : [ { "identificationSystem" : "CSSC course code" , "ID" : "Science 6B"}] , "id" : "b8472374d3c85c47f7dfdb8259c13ba027b9da70_id" , "entityType" : "course"}
{ "dateCourseAdopted" : "2000-01-01" , "maximumAvailableCredit" : { "credit" : 1.0} , "minimumAvailableCredit" : { "credit" : 1.0} , "courseTitle" : "Kindergarten Homeroom" , "highSchoolCourseRequirement" : false , "numberOfParts" : 1 , "uniqueCourseId" : "Kindergarten-Homeroom-11" , "schoolId" : "352e8570bd1116d11a72755b987902440045d346_id" , "courseCode" : [ { "identificationSystem" : "CSSC course code" , "ID" : "Kindergarten Homeroom"}] , "id" : "5b950ca02fceae8c31b8e9b82d72f8ecb6013b49_id" , "entityType" : "course"}
{ "dateCourseAdopted" : "2000-01-01" , "maximumAvailableCredit" : { "credit" : 1.0} , "minimumAvailableCredit" : { "credit" : 1.0} , "subjectArea" : "Science" , "courseTitle" : "Science 5A" , "highSchoolCourseRequirement" : false , "numberOfParts" : 1 , "uniqueCourseId" : "Science-5A-83" , "schoolId" : "352e8570bd1116d11a72755b987902440045d346_id" , "courseCode" : [ { "identificationSystem" : "CSSC course code" , "ID" : "Science 5A"}] , "id" : "12310cd89ffada1ef053b00a9ba06fe0e10a53e4_id" , "entityType" : "course"}
{ "dateCourseAdopted" : "2000-01-01" , "maximumAvailableCredit" : { "credit" : 1.0} , "minimumAvailableCredit" : { "credit" : 1.0} , "subjectArea" : "Science" , "courseTitle" : "Earth Sciences II" , "highSchoolCourseRequirement" : true , "numberOfParts" : 1 , "uniqueCourseId" : "Earth-Sciences-II-16" , "schoolId" : "a13489364c2eb015c219172d561c62350f0453f3_id" , "courseCode" : [ { "identificationSystem" : "CSSC course code" , "ID" : "Earth Sciences II"}] , "id" : "b0732525df55df8a0417edfc6ad19610a0c32a31_id" , "entityType" : "course"}
{ "dateCourseAdopted" : "2000-01-01" , "maximumAvailableCredit" : { "credit" : 1.0} , "minimumAvailableCredit" : { "credit" : 1.0} , "subjectArea" : "English Language and Literature" , "courseTitle" : "American Literature" , "highSchoolCourseRequirement" : false , "numberOfParts" : 1 , "uniqueCourseId" : "American-Literature-7" , "schoolId" : "a13489364c2eb015c219172d561c62350f0453f3_id" , "courseCode" : [ { "identificationSystem" : "CSSC course code" , "ID" : "American Literature"}] , "id" : "799fdfac4d1fa74f40c11230ba17d56c8241a979_id" , "entityType" : "course"}
{ "dateCourseAdopted" : "2000-01-01" , "maximumAvailableCredit" : { "credit" : 1.0} , "minimumAvailableCredit" : { "credit" : 1.0} , "subjectArea" : "Fine and Performing Arts" , "courseTitle" : "Drama II" , "highSchoolCourseRequirement" : false , "numberOfParts" : 1 , "uniqueCourseId" : "Drama-II-63" , "schoolId" : "772a61c687ee7ecd8e6d9ad3369f7883409f803b_id" , "courseCode" : [ { "identificationSystem" : "CSSC course code" , "ID" : "Drama II"}] , "id" : "6fd45fd6308ad444d1a13fc74a7eaa0b6abe4fa8_id" , "entityType" : "course"}
{ "dateCourseAdopted" : "2000-01-01" , "maximumAvailableCredit" : { "credit" : 1.0} , "minimumAvailableCredit" : { "credit" : 1.0} , "subjectArea" : "Science" , "courseTitle" : "Science 5B" , "highSchoolCourseRequirement" : false , "numberOfParts" : 1 , "uniqueCourseId" : "Science-5B-75" , "schoolId" : "352e8570bd1116d11a72755b987902440045d346_id" , "courseCode" : [ { "identificationSystem" : "CSSC course code" , "ID" : "Science 5B"}] , "id" : "07f295958af3ea41bed6b20106f727a74a64301e_id" , "entityType" : "course"}
{ "dateCourseAdopted" : "2000-01-01" , "maximumAvailableCredit" : { "credit" : 1.0} , "minimumAvailableCredit" : { "credit" : 1.0} , "subjectArea" : "English Language and Literature" , "courseTitle" : "10th Grade Writing" , "highSchoolCourseRequirement" : true , "numberOfParts" : 1 , "uniqueCourseId" : "10th-Grade-Writing-12" , "schoolId" : "a13489364c2eb015c219172d561c62350f0453f3_id" , "courseCode" : [ { "identificationSystem" : "CSSC course code" , "ID" : "10th Grade Writing"}] , "id" : "e0e8a8a400f4e0dfb27f25e5bade87dff72b61af_id" , "entityType" : "course"}
{ "dateCourseAdopted" : "2000-01-01" , "maximumAvailableCredit" : { "credit" : 1.0} , "minimumAvailableCredit" : { "credit" : 1.0} , "subjectArea" : "Physical, Health, and Safety Education" , "courseTitle" : "Phys-Ed 8B" , "highSchoolCourseRequirement" : false , "numberOfParts" : 1 , "uniqueCourseId" : "Phys-Ed-8B-42" , "schoolId" : "772a61c687ee7ecd8e6d9ad3369f7883409f803b_id" , "courseCode" : [ { "identificationSystem" : "CSSC course code" , "ID" : "Phys-Ed 8B"}] , "id" : "c0e83584920272d3f773cb0f6a04463ad8708a75_id" , "entityType" : "course"}
{ "dateCourseAdopted" : "2000-01-01" , "maximumAvailableCredit" : { "credit" : 1.0} , "minimumAvailableCredit" : { "credit" : 1.0} , "subjectArea" : "English Language and Literature" , "courseTitle" : "8th Grade English" , "highSchoolCourseRequirement" : false , "numberOfParts" : 1 , "uniqueCourseId" : "8th-Grade-English-5" , "schoolId" : "772a61c687ee7ecd8e6d9ad3369f7883409f803b_id" , "courseCode" : [ { "identificationSystem" : "CSSC course code" , "ID" : "8th Grade English"}] , "id" : "b7b4d242f9e3d19347af3ae7dfefda6057739865_id" , "entityType" : "course"}
{ "dateCourseAdopted" : "2000-01-01" , "maximumAvailableCredit" : { "credit" : 1.0} , "minimumAvailableCredit" : { "credit" : 1.0} , "subjectArea" : "Physical, Health, and Safety Education" , "courseTitle" : "Track and Field" , "highSchoolCourseRequirement" : true , "numberOfParts" : 1 , "uniqueCourseId" : "Track-and-Field-28" , "schoolId" : "a13489364c2eb015c219172d561c62350f0453f3_id" , "courseCode" : [ { "identificationSystem" : "CSSC course code" , "ID" : "Track and Field"}] , "id" : "ac827c6aa74152a417acb4c2baa6d19ada17b671_id" , "entityType" : "course"}
{ "dateCourseAdopted" : "2000-01-01" , "maximumAvailableCredit" : { "credit" : 1.0} , "minimumAvailableCredit" : { "credit" : 1.0} , "subjectArea" : "Mathematics" , "courseTitle" : "Math 7B" , "highSchoolCourseRequirement" : false , "numberOfParts" : 1 , "uniqueCourseId" : "Math-7B-49" , "schoolId" : "772a61c687ee7ecd8e6d9ad3369f7883409f803b_id" , "courseCode" : [ { "identificationSystem" : "CSSC course code" , "ID" : "Math 7B"}] , "id" : "d8693cc4562b2ee441ddc13751e603935cc443f8_id" , "entityType" : "course"}
{ "dateCourseAdopted" : "2000-01-01" , "maximumAvailableCredit" : { "credit" : 1.0} , "minimumAvailableCredit" : { "credit" : 1.0} , "subjectArea" : "Writing" , "courseTitle" : "Writing 5A" , "highSchoolCourseRequirement" : false , "numberOfParts" : 1 , "uniqueCourseId" : "Writing-5A-78" , "schoolId" : "352e8570bd1116d11a72755b987902440045d346_id" , "courseCode" : [ { "identificationSystem" : "CSSC course code" , "ID" : "Writing 5A"}] , "id" : "31f1704ca89d2bb9201821f836341820193a0b51_id" , "entityType" : "course"}
{ "dateCourseAdopted" : "2000-01-01" , "maximumAvailableCredit" : { "credit" : 1.0} , "minimumAvailableCredit" : { "credit" : 1.0} , "subjectArea" : "Mathematics" , "courseTitle" : "Math 7A" , "highSchoolCourseRequirement" : false , "numberOfParts" : 1 , "uniqueCourseId" : "Math-7A-54" , "schoolId" : "772a61c687ee7ecd8e6d9ad3369f7883409f803b_id" , "courseCode" : [ { "identificationSystem" : "CSSC course code" , "ID" : "Math 7A"}] , "id" : "d057b067e4fe7a9d76c026b08bc4bba6092ceb89_id" , "entityType" : "course"}
{ "dateCourseAdopted" : "2000-01-01" , "maximumAvailableCredit" : { "credit" : 1.0} , "minimumAvailableCredit" : { "credit" : 1.0} , "subjectArea" : "Physical, Health, and Safety Education" , "courseTitle" : "Weight Training" , "highSchoolCourseRequirement" : true , "numberOfParts" : 1 , "uniqueCourseId" : "Weight-Training-22" , "schoolId" : "a13489364c2eb015c219172d561c62350f0453f3_id" , "courseCode" : [ { "identificationSystem" : "CSSC course code" , "ID" : "Weight Training"}] , "id" : "e450c82dbdaefc157ea6dd76d01938a00c7f0dab_id" , "entityType" : "course"}
{ "dateCourseAdopted" : "2000-01-01" , "maximumAvailableCredit" : { "credit" : 1.0} , "minimumAvailableCredit" : { "credit" : 1.0} , "subjectArea" : "English Language and Literature" , "courseTitle" : "7th Grade Composition" , "highSchoolCourseRequirement" : false , "numberOfParts" : 1 , "uniqueCourseId" : "7th-Grade-Composition-10" , "schoolId" : "772a61c687ee7ecd8e6d9ad3369f7883409f803b_id" , "courseCode" : [ { "identificationSystem" : "CSSC course code" , "ID" : "7th Grade Composition"}] , "id" : "bdf3102f754737db4c7cb2586d01546d36530433_id" , "entityType" : "course"}
{ "dateCourseAdopted" : "2000-01-01" , "maximumAvailableCredit" : { "credit" : 1.0} , "minimumAvailableCredit" : { "credit" : 1.0} , "subjectArea" : "Science" , "courseTitle" : "Environmental Studies I" , "highSchoolCourseRequirement" : true , "numberOfParts" : 1 , "uniqueCourseId" : "Environmental-Studies-I-32" , "schoolId" : "a13489364c2eb015c219172d561c62350f0453f3_id" , "courseCode" : [ { "identificationSystem" : "CSSC course code" , "ID" : "Environmental Studies I"}] , "id" : "dc09570cd231703cf784efeec846085f2d72b401_id" , "entityType" : "course"}
{ "dateCourseAdopted" : "2000-01-01" , "maximumAvailableCredit" : { "credit" : 1.0} , "minimumAvailableCredit" : { "credit" : 1.0} , "subjectArea" : "Social Studies" , "courseTitle" : "World History I-G6" , "highSchoolCourseRequirement" : false , "numberOfParts" : 1 , "uniqueCourseId" : "World-History-I-G6-67" , "schoolId" : "772a61c687ee7ecd8e6d9ad3369f7883409f803b_id" , "courseCode" : [ { "identificationSystem" : "CSSC course code" , "ID" : "World History I-G6"}] , "id" : "630f5df5e332a621e4330e45ab905c3ff0b8b678_id" , "entityType" : "course"}
{ "dateCourseAdopted" : "2000-01-01" , "maximumAvailableCredit" : { "credit" : 1.0} , "minimumAvailableCredit" : { "credit" : 1.0} , "subjectArea" : "Mathematics" , "courseTitle" : "6th Grade Math" , "highSchoolCourseRequirement" : false , "numberOfParts" : 1 , "uniqueCourseId" : "6th-Grade-Math-38" , "schoolId" : "772a61c687ee7ecd8e6d9ad3369f7883409f803b_id" , "courseCode" : [ { "identificationSystem" : "CSSC course code" , "ID" : "6th Grade Math"}] , "id" : "46baf7c52b2de8807459f277957488e3bdb287e2_id" , "entityType" : "course"}
{ "dateCourseAdopted" : "2000-01-01" , "maximumAvailableCredit" : { "credit" : 1.0} , "minimumAvailableCredit" : { "credit" : 1.0} , "subjectArea" : "Writing" , "courseTitle" : "Writing 5B" , "highSchoolCourseRequirement" : false , "numberOfParts" : 1 , "uniqueCourseId" : "Writing-5B-72" , "schoolId" : "352e8570bd1116d11a72755b987902440045d346_id" , "courseCode" : [ { "identificationSystem" : "CSSC course code" , "ID" : "Writing 5B"}] , "id" : "d826744ade3bc0846ce6269ab0de169e1b605e42_id" , "entityType" : "course"}
{ "dateCourseAdopted" : "2000-01-01" , "maximumAvailableCredit" : { "credit" : 1.0} , "minimumAvailableCredit" : { "credit" : 1.0} , "subjectArea" : "Fine and Performing Arts" , "courseTitle" : "Choir A" , "highSchoolCourseRequirement" : false , "numberOfParts" : 1 , "uniqueCourseId" : "Choir-A-47" , "schoolId" : "772a61c687ee7ecd8e6d9ad3369f7883409f803b_id" , "courseCode" : [ { "identificationSystem" : "CSSC course code" , "ID" : "Choir A"}] , "id" : "542d386dbbc7eb88d6aab50da0d6378c85f9ecd4_id" , "entityType" : "course"}
{ "dateCourseAdopted" : "2000-01-01" , "maximumAvailableCredit" : { "credit" : 1.0} , "minimumAvailableCredit" : { "credit" : 1.0} , "subjectArea" : "Reading" , "courseTitle" : "Reading 5B" , "highSchoolCourseRequirement" : false , "numberOfParts" : 1 , "uniqueCourseId" : "Reading-5B-71" , "schoolId" : "352e8570bd1116d11a72755b987902440045d346_id" , "courseCode" : [ { "identificationSystem" : "CSSC course code" , "ID" : "Reading 5B"}] , "id" : "5a4068f7120e8ec1654f94bd9a113dcba3c1a3fc_id" , "entityType" : "course"}
{ "dateCourseAdopted" : "2000-01-01" , "maximumAvailableCredit" : { "credit" : 1.0} , "minimumAvailableCredit" : { "credit" : 1.0} , "subjectArea" : "Physical, Health, and Safety Education" , "courseTitle" : "Phys-Ed 8A" , "highSchoolCourseRequirement" : false , "numberOfParts" : 1 , "uniqueCourseId" : "Phys-Ed-8A-48" , "schoolId" : "772a61c687ee7ecd8e6d9ad3369f7883409f803b_id" , "courseCode" : [ { "identificationSystem" : "CSSC course code" , "ID" : "Phys-Ed 8A"}] , "id" : "814cbf559d8ce180f35c6500f165f7d30da13abe_id" , "entityType" : "course"}
{ "dateCourseAdopted" : "2000-01-01" , "maximumAvailableCredit" : { "credit" : 1.0} , "minimumAvailableCredit" : { "credit" : 1.0} , "subjectArea" : "Science" , "courseTitle" : "Science 6A" , "highSchoolCourseRequirement" : false , "numberOfParts" : 1 , "uniqueCourseId" : "Science-6A-68" , "schoolId" : "772a61c687ee7ecd8e6d9ad3369f7883409f803b_id" , "courseCode" : [ { "identificationSystem" : "CSSC course code" , "ID" : "Science 6A"}] , "id" : "7828cc59336d20002ab0df2580d02cc25141fda7_id" , "entityType" : "course"}
{ "dateCourseAdopted" : "2000-01-01" , "maximumAvailableCredit" : { "credit" : 1.0} , "minimumAvailableCredit" : { "credit" : 1.0} , "subjectArea" : "Science" , "courseTitle" : "Science 7B" , "highSchoolCourseRequirement" : false , "numberOfParts" : 1 , "uniqueCourseId" : "Science-7B-51" , "schoolId" : "772a61c687ee7ecd8e6d9ad3369f7883409f803b_id" , "courseCode" : [ { "identificationSystem" : "CSSC course code" , "ID" : "Science 7B"}] , "id" : "38ecae2979b8b7f093958861bdda716c6470442f_id" , "entityType" : "course"}
{ "dateCourseAdopted" : "2000-01-01" , "maximumAvailableCredit" : { "credit" : 1.0} , "minimumAvailableCredit" : { "credit" : 1.0} , "subjectArea" : "Mathematics" , "courseTitle" : "Algebra I" , "highSchoolCourseRequirement" : true , "numberOfParts" : 1 , "uniqueCourseId" : "Algebra-I-18" , "schoolId" : "a13489364c2eb015c219172d561c62350f0453f3_id" , "courseCode" : [ { "identificationSystem" : "CSSC course code" , "ID" : "Algebra I"}] , "id" : "6cc505210f628fc8ce2599aa2a83136aa6510084_id" , "entityType" : "course"}
{ "dateCourseAdopted" : "2000-01-01" , "maximumAvailableCredit" : { "credit" : 1.0} , "minimumAvailableCredit" : { "credit" : 1.0} , "subjectArea" : "Social Studies" , "courseTitle" : "State History I-G7" , "highSchoolCourseRequirement" : false , "numberOfParts" : 1 , "uniqueCourseId" : "State-History-I-G7-55" , "schoolId" : "772a61c687ee7ecd8e6d9ad3369f7883409f803b_id" , "courseCode" : [ { "identificationSystem" : "CSSC course code" , "ID" : "State History I-G7"}] , "id" : "f6733123732a068606e3d4887ab3af56ce429c81_id" , "entityType" : "course"}
{ "dateCourseAdopted" : "2000-01-01" , "maximumAvailableCredit" : { "credit" : 1.0} , "minimumAvailableCredit" : { "credit" : 1.0} , "subjectArea" : "Physical, Health, and Safety Education" , "courseTitle" : "Team Sports" , "highSchoolCourseRequirement" : false , "numberOfParts" : 1 , "uniqueCourseId" : "Team-Sports-70" , "schoolId" : "772a61c687ee7ecd8e6d9ad3369f7883409f803b_id" , "courseCode" : [ { "identificationSystem" : "CSSC course code" , "ID" : "Team Sports"}] , "id" : "51f09038baf021514779f4159a4782e88c559a42_id" , "entityType" : "course"}
{ "dateCourseAdopted" : "2000-01-01" , "maximumAvailableCredit" : { "credit" : 1.0} , "minimumAvailableCredit" : { "credit" : 1.0} , "subjectArea" : "Fine and Performing Arts" , "courseTitle" : "Vocal Performance II" , "highSchoolCourseRequirement" : true , "numberOfParts" : 1 , "uniqueCourseId" : "Vocal-Performance-II-17" , "schoolId" : "a13489364c2eb015c219172d561c62350f0453f3_id" , "courseCode" : [ { "identificationSystem" : "CSSC course code" , "ID" : "Vocal Performance II"}] , "id" : "9562e282d092b3b19fea530feb72dfa0f0a899a0_id" , "entityType" : "course"}
{ "dateCourseAdopted" : "2000-01-01" , "maximumAvailableCredit" : { "credit" : 1.0} , "minimumAvailableCredit" : { "credit" : 1.0} , "subjectArea" : "Fine and Performing Arts" , "courseTitle" : "Choir B" , "highSchoolCourseRequirement" : false , "numberOfParts" : 1 , "uniqueCourseId" : "Choir-B-41" , "schoolId" : "772a61c687ee7ecd8e6d9ad3369f7883409f803b_id" , "courseCode" : [ { "identificationSystem" : "CSSC course code" , "ID" : "Choir B"}] , "id" : "f85867e296b1939fdfe05cf724c6edada0a2fc6c_id" , "entityType" : "course"}
{ "dateCourseAdopted" : "2000-01-01" , "maximumAvailableCredit" : { "credit" : 1.0} , "minimumAvailableCredit" : { "credit" : 1.0} , "subjectArea" : "Physical, Health, and Safety Education" , "courseTitle" : "Phys-Ed 4B" , "highSchoolCourseRequirement" : false , "numberOfParts" : 1 , "uniqueCourseId" : "Phys-Ed-4B-90" , "schoolId" : "352e8570bd1116d11a72755b987902440045d346_id" , "courseCode" : [ { "identificationSystem" : "CSSC course code" , "ID" : "Phys-Ed 4B"}] , "id" : "895f787dad2e806dcd41bf745c6eff3c10fdb592_id" , "entityType" : "course"}
{ "dateCourseAdopted" : "2000-01-01" , "maximumAvailableCredit" : { "credit" : 1.0} , "minimumAvailableCredit" : { "credit" : 1.0} , "subjectArea" : "English Language and Literature" , "courseTitle" : "ELA 6A" , "highSchoolCourseRequirement" : true , "numberOfParts" : 1 , "uniqueCourseId" : "ELA-6A-65" , "schoolId" : "772a61c687ee7ecd8e6d9ad3369f7883409f803b_id" , "courseCode" : [ { "identificationSystem" : "CSSC course code" , "ID" : "ELA 6A"}] , "id" : "903a821b319befb3407a9b0c81a7b42b86fadd35_id" , "entityType" : "course"}
{ "dateCourseAdopted" : "2000-01-01" , "maximumAvailableCredit" : { "credit" : 1.0} , "minimumAvailableCredit" : { "credit" : 1.0} , "subjectArea" : "English Language and Literature" , "courseTitle" : "English 9A ELL" , "highSchoolCourseRequirement" : true , "numberOfParts" : 1 , "uniqueCourseId" : "English-9A-ELL-29" , "schoolId" : "a13489364c2eb015c219172d561c62350f0453f3_id" , "courseCode" : [ { "identificationSystem" : "CSSC course code" , "ID" : "English 9A ELL"}] , "id" : "afb1d1b44be5207957f0d96f9746436f20310061_id" , "entityType" : "course"}
{ "dateCourseAdopted" : "2000-01-01" , "maximumAvailableCredit" : { "credit" : 1.0} , "minimumAvailableCredit" : { "credit" : 1.0} , "subjectArea" : "Physical, Health, and Safety Education" , "courseTitle" : "Phys-Ed 5B" , "highSchoolCourseRequirement" : false , "numberOfParts" : 1 , "uniqueCourseId" : "Phys-Ed-5B-76" , "schoolId" : "352e8570bd1116d11a72755b987902440045d346_id" , "courseCode" : [ { "identificationSystem" : "CSSC course code" , "ID" : "Phys-Ed 5B"}] , "id" : "d02380527cbb475c372e45a0677c092966752368_id" , "entityType" : "course"}
{ "dateCourseAdopted" : "2000-01-01" , "maximumAvailableCredit" : { "credit" : 1.0} , "minimumAvailableCredit" : { "credit" : 1.0} , "subjectArea" : "Mathematics" , "courseTitle" : "Pre-Algebra I" , "highSchoolCourseRequirement" : false , "numberOfParts" : 1 , "uniqueCourseId" : "Pre-Algebra-I-44" , "schoolId" : "772a61c687ee7ecd8e6d9ad3369f7883409f803b_id" , "courseCode" : [ { "identificationSystem" : "CSSC course code" , "ID" : "Pre-Algebra I"}] , "id" : "bb2d5e8b3cfc6269c947d563499da67d65234e2e_id" , "entityType" : "course"}
{ "dateCourseAdopted" : "2000-01-01" , "maximumAvailableCredit" : { "credit" : 1.0} , "minimumAvailableCredit" : { "credit" : 1.0} , "subjectArea" : "Mathematics" , "courseTitle" : "Math 4A" , "highSchoolCourseRequirement" : false , "numberOfParts" : 1 , "uniqueCourseId" : "Math-4A-80" , "schoolId" : "352e8570bd1116d11a72755b987902440045d346_id" , "courseCode" : [ { "identificationSystem" : "CSSC course code" , "ID" : "Math 4A"}] , "id" : "8c4a7dd6b99a08b5802625b19b9310fd953b0ab1_id" , "entityType" : "course"}
{ "dateCourseAdopted" : "2000-01-01" , "maximumAvailableCredit" : { "credit" : 1.0} , "minimumAvailableCredit" : { "credit" : 1.0} , "subjectArea" : "English Language and Literature" , "courseTitle" : "7th Grade English" , "highSchoolCourseRequirement" : false , "numberOfParts" : 1 , "uniqueCourseId" : "7th-Grade-English-9" , "schoolId" : "772a61c687ee7ecd8e6d9ad3369f7883409f803b_id" , "courseCode" : [ { "identificationSystem" : "CSSC course code" , "ID" : "7th Grade English"}] , "id" : "f26b8145de9a2705edb5f6721efb6e90d308ea11_id" , "entityType" : "course"}
{ "dateCourseAdopted" : "2000-01-01" , "maximumAvailableCredit" : { "credit" : 1.0} , "minimumAvailableCredit" : { "credit" : 1.0} , "courseTitle" : "5th Grade Homeroom" , "highSchoolCourseRequirement" : false , "numberOfParts" : 1 , "uniqueCourseId" : "5th-Grade-Homeroom-3" , "schoolId" : "352e8570bd1116d11a72755b987902440045d346_id" , "courseCode" : [ { "identificationSystem" : "CSSC course code" , "ID" : "5th Grade Homeroom"}] , "id" : "9185160ef615dd7fa4b80f0196a9bb5731dd9db0_id" , "entityType" : "course"}
{ "dateCourseAdopted" : "2000-01-01" , "maximumAvailableCredit" : { "credit" : 1.0} , "minimumAvailableCredit" : { "credit" : 1.0} , "subjectArea" : "Social Studies" , "courseTitle" : "U.S. History II" , "highSchoolCourseRequirement" : false , "numberOfParts" : 1 , "uniqueCourseId" : "U.S.-History-II-37" , "schoolId" : "772a61c687ee7ecd8e6d9ad3369f7883409f803b_id" , "courseCode" : [ { "identificationSystem" : "CSSC course code" , "ID" : "U.S. History II"}] , "id" : "84ab361e70d837a0a981d3085ef65b11b3a82ea8_id" , "entityType" : "course"}
{ "dateCourseAdopted" : "2000-01-01" , "maximumAvailableCredit" : { "credit" : 1.0} , "minimumAvailableCredit" : { "credit" : 1.0} , "subjectArea" : "Reading" , "courseTitle" : "Reading 4B" , "highSchoolCourseRequirement" : false , "numberOfParts" : 1 , "uniqueCourseId" : "Reading-4B-85" , "schoolId" : "352e8570bd1116d11a72755b987902440045d346_id" , "courseCode" : [ { "identificationSystem" : "CSSC course code" , "ID" : "Reading 4B"}] , "id" : "b457c62d82c127aaf3cf302fcd1a5fa29cd49e14_id" , "entityType" : "course"}
{ "dateCourseAdopted" : "2000-01-01" , "maximumAvailableCredit" : { "credit" : 1.0} , "minimumAvailableCredit" : { "credit" : 1.0} , "subjectArea" : "Writing" , "courseTitle" : "Writing 4A" , "highSchoolCourseRequirement" : false , "numberOfParts" : 1 , "uniqueCourseId" : "Writing-4A-92" , "schoolId" : "352e8570bd1116d11a72755b987902440045d346_id" , "courseCode" : [ { "identificationSystem" : "CSSC course code" , "ID" : "Writing 4A"}] , "id" : "05b80391559ec8f20b602b5c37d201ca8a87ab74_id" , "entityType" : "course"}
{ "dateCourseAdopted" : "2000-01-01" , "maximumAvailableCredit" : { "credit" : 1.0} , "minimumAvailableCredit" : { "credit" : 1.0} , "subjectArea" : "Social Studies" , "courseTitle" : "World History II" , "highSchoolCourseRequirement" : true , "numberOfParts" : 1 , "uniqueCourseId" : "World-History-II-25" , "schoolId" : "a13489364c2eb015c219172d561c62350f0453f3_id" , "courseCode" : [ { "identificationSystem" : "CSSC course code" , "ID" : "World History II"}] , "id" : "2e6efa66fb07504bc6f4ec9a05cb6804cb866c7b_id" , "entityType" : "course"}
{ "dateCourseAdopted" : "2000-01-01" , "maximumAvailableCredit" : { "credit" : 1.0} , "minimumAvailableCredit" : { "credit" : 1.0} , "subjectArea" : "Mathematics" , "courseTitle" : "Math 5A" , "highSchoolCourseRequirement" : false , "numberOfParts" : 1 , "uniqueCourseId" : "Math-5A-79" , "schoolId" : "352e8570bd1116d11a72755b987902440045d346_id" , "courseCode" : [ { "identificationSystem" : "CSSC course code" , "ID" : "Math 5A"}] , "id" : "7724c497f9b2d4b227834f31aa37b1f8cc0e1465_id" , "entityType" : "course"}
{ "dateCourseAdopted" : "2000-01-01" , "maximumAvailableCredit" : { "credit" : 1.0} , "minimumAvailableCredit" : { "credit" : 1.0} , "subjectArea" : "Mathematics" , "courseTitle" : "Basic Math II" , "highSchoolCourseRequirement" : true , "numberOfParts" : 1 , "uniqueCourseId" : "Basic-Math-II-24" , "schoolId" : "a13489364c2eb015c219172d561c62350f0453f3_id" , "courseCode" : [ { "identificationSystem" : "CSSC course code" , "ID" : "Basic Math II"}] , "id" : "9544f213807352f20c51c370cff478eefa66644c_id" , "entityType" : "course"}
{ "dateCourseAdopted" : "2000-01-01" , "maximumAvailableCredit" : { "credit" : 1.0} , "minimumAvailableCredit" : { "credit" : 1.0} , "subjectArea" : "Mathematics" , "courseTitle" : "Basic Math I" , "highSchoolCourseRequirement" : true , "numberOfParts" : 1 , "uniqueCourseId" : "Basic-Math-I-30" , "schoolId" : "a13489364c2eb015c219172d561c62350f0453f3_id" , "courseCode" : [ { "identificationSystem" : "CSSC course code" , "ID" : "Basic Math I"}] , "id" : "14d37e3ceb644fd0a328f2eda1edb3edbb371935_id" , "entityType" : "course"}
{ "dateCourseAdopted" : "2000-01-01" , "maximumAvailableCredit" : { "credit" : 1.0} , "minimumAvailableCredit" : { "credit" : 1.0} , "subjectArea" : "Fine and Performing Arts" , "courseTitle" : "Vocal Ensemble I" , "highSchoolCourseRequirement" : true , "numberOfParts" : 1 , "uniqueCourseId" : "Vocal-Ensemble-I-33" , "schoolId" : "a13489364c2eb015c219172d561c62350f0453f3_id" , "courseCode" : [ { "identificationSystem" : "CSSC course code" , "ID" : "Vocal Ensemble I"}] , "id" : "0e451e7bfc113616b42edca215681363ae446017_id" , "entityType" : "course"}
{ "dateCourseAdopted" : "2000-01-01" , "maximumAvailableCredit" : { "credit" : 1.0} , "minimumAvailableCredit" : { "credit" : 1.0} , "subjectArea" : "English Language and Literature" , "courseTitle" : "ELA 8B" , "highSchoolCourseRequirement" : true , "numberOfParts" : 1 , "uniqueCourseId" : "ELA-8B-35" , "schoolId" : "772a61c687ee7ecd8e6d9ad3369f7883409f803b_id" , "courseCode" : [ { "identificationSystem" : "CSSC course code" , "ID" : "ELA 8B"}] , "id" : "8078c72090bf1bb6d4d243a6907adaa2f46bcd7b_id" , "entityType" : "course"}
{ "dateCourseAdopted" : "2000-01-01" , "maximumAvailableCredit" : { "credit" : 1.0} , "minimumAvailableCredit" : { "credit" : 1.0} , "subjectArea" : "Social Studies" , "courseTitle" : "U.S. History I" , "highSchoolCourseRequirement" : false , "numberOfParts" : 1 , "uniqueCourseId" : "U.S.-History-I-45" , "schoolId" : "772a61c687ee7ecd8e6d9ad3369f7883409f803b_id" , "courseCode" : [ { "identificationSystem" : "CSSC course code" , "ID" : "U.S. History I"}] , "id" : "2578610a00533c43e57978c444fd7006f5415cd7_id" , "entityType" : "course"}
{ "dateCourseAdopted" : "2000-01-01" , "maximumAvailableCredit" : { "credit" : 1.0} , "minimumAvailableCredit" : { "credit" : 1.0} , "courseTitle" : "1st Grade Homeroom" , "highSchoolCourseRequirement" : false , "numberOfParts" : 1 , "uniqueCourseId" : "1st-Grade-Homeroom-4" , "schoolId" : "352e8570bd1116d11a72755b987902440045d346_id" , "courseCode" : [ { "identificationSystem" : "CSSC course code" , "ID" : "1st Grade Homeroom"}] , "id" : "594eb7e6200ed1e2081a7278ce70cd20a755a013_id" , "entityType" : "course"}
{ "dateCourseAdopted" : "2000-01-01" , "maximumAvailableCredit" : { "credit" : 1.0} , "minimumAvailableCredit" : { "credit" : 1.0} , "subjectArea" : "English Language and Literature" , "courseTitle" : "English 9B ELL" , "highSchoolCourseRequirement" : true , "numberOfParts" : 1 , "uniqueCourseId" : "English-9B-ELL-23" , "schoolId" : "a13489364c2eb015c219172d561c62350f0453f3_id" , "courseCode" : [ { "identificationSystem" : "CSSC course code" , "ID" : "English 9B ELL"}] , "id" : "45ca5053f114b0f00716f4bb238d997e95c44ab6_id" , "entityType" : "course"}
{ "dateCourseAdopted" : "2000-01-01" , "maximumAvailableCredit" : { "credit" : 1.0} , "minimumAvailableCredit" : { "credit" : 1.0} , "subjectArea" : "Science" , "courseTitle" : "Science 8A" , "highSchoolCourseRequirement" : false , "numberOfParts" : 1 , "uniqueCourseId" : "Science-8A-46" , "schoolId" : "772a61c687ee7ecd8e6d9ad3369f7883409f803b_id" , "courseCode" : [ { "identificationSystem" : "CSSC course code" , "ID" : "Science 8A"}] , "id" : "011c2cb78ca325459e456dd603e9c65724526b9b_id" , "entityType" : "course"}
{ "dateCourseAdopted" : "2000-01-01" , "maximumAvailableCredit" : { "credit" : 1.0} , "minimumAvailableCredit" : { "credit" : 1.0} , "subjectArea" : "Science" , "courseTitle" : "Environmental Studies II" , "highSchoolCourseRequirement" : true , "numberOfParts" : 1 , "uniqueCourseId" : "Environmental-Studies-II-26" , "schoolId" : "a13489364c2eb015c219172d561c62350f0453f3_id" , "courseCode" : [ { "identificationSystem" : "CSSC course code" , "ID" : "Environmental Studies II"}] , "id" : "d494cb5a4272ef9fc1e0140af2ff628ecd371cae_id" , "entityType" : "course"}
{ "dateCourseAdopted" : "2000-01-01" , "maximumAvailableCredit" : { "credit" : 1.0} , "minimumAvailableCredit" : { "credit" : 1.0} , "subjectArea" : "Mathematics" , "courseTitle" : "Math 6B" , "highSchoolCourseRequirement" : false , "numberOfParts" : 1 , "uniqueCourseId" : "Math-6B-60" , "schoolId" : "772a61c687ee7ecd8e6d9ad3369f7883409f803b_id" , "courseCode" : [ { "identificationSystem" : "CSSC course code" , "ID" : "Math 6B"}] , "id" : "8a78b03bd93fa58fd296c6484ff331f8844bb797_id" , "entityType" : "course"}
{ "dateCourseAdopted" : "2000-01-01" , "maximumAvailableCredit" : { "credit" : 1.0} , "minimumAvailableCredit" : { "credit" : 1.0} , "subjectArea" : "Social Studies" , "courseTitle" : "Geography-5" , "highSchoolCourseRequirement" : false , "numberOfParts" : 1 , "uniqueCourseId" : "Geography-5-74" , "schoolId" : "352e8570bd1116d11a72755b987902440045d346_id" , "courseCode" : [ { "identificationSystem" : "CSSC course code" , "ID" : "Geography-5"}] , "id" : "b940ceb321d3e550c1d155929e5b1c4c7363a70b_id" , "entityType" : "course"}
{ "dateCourseAdopted" : "2000-01-01" , "maximumAvailableCredit" : { "credit" : 1.0} , "minimumAvailableCredit" : { "credit" : 1.0} , "subjectArea" : "Mathematics" , "courseTitle" : "Math 4B" , "highSchoolCourseRequirement" : false , "numberOfParts" : 1 , "uniqueCourseId" : "Math-4B-87" , "schoolId" : "352e8570bd1116d11a72755b987902440045d346_id" , "courseCode" : [ { "identificationSystem" : "CSSC course code" , "ID" : "Math 4B"}] , "id" : "2e24fa73cbebae9f452dcfb46e530399b66e6087_id" , "entityType" : "course"}
{ "dateCourseAdopted" : "2000-01-01" , "maximumAvailableCredit" : { "credit" : 1.0} , "minimumAvailableCredit" : { "credit" : 1.0} , "subjectArea" : "Science" , "courseTitle" : "Science 7A" , "highSchoolCourseRequirement" : false , "numberOfParts" : 1 , "uniqueCourseId" : "Science-7A-56" , "schoolId" : "772a61c687ee7ecd8e6d9ad3369f7883409f803b_id" , "courseCode" : [ { "identificationSystem" : "CSSC course code" , "ID" : "Science 7A"}] , "id" : "0fae0c000f23d07581691d9dab5d47e9c2fc9aa9_id" , "entityType" : "course"}
{ "dateCourseAdopted" : "2000-01-01" , "maximumAvailableCredit" : { "credit" : 1.0} , "minimumAvailableCredit" : { "credit" : 1.0} , "subjectArea" : "Social Studies" , "courseTitle" : "State History II" , "highSchoolCourseRequirement" : true , "numberOfParts" : 1 , "uniqueCourseId" : "State-History-II-15" , "schoolId" : "a13489364c2eb015c219172d561c62350f0453f3_id" , "courseCode" : [ { "identificationSystem" : "CSSC course code" , "ID" : "State History II"}] , "id" : "ff3d9e3fb1bf23fb251b9c27d2711351a62cfed0_id" , "entityType" : "course"}
{ "dateCourseAdopted" : "2000-01-01" , "maximumAvailableCredit" : { "credit" : 1.0} , "minimumAvailableCredit" : { "credit" : 1.0} , "subjectArea" : "Writing" , "courseTitle" : "Writing 4B" , "highSchoolCourseRequirement" : false , "numberOfParts" : 1 , "uniqueCourseId" : "Writing-4B-86" , "schoolId" : "352e8570bd1116d11a72755b987902440045d346_id" , "courseCode" : [ { "identificationSystem" : "CSSC course code" , "ID" : "Writing 4B"}] , "id" : "32d03e574ef7f8b13c4025b2a1630ec18587c53a_id" , "entityType" : "course"}
{ "dateCourseAdopted" : "2000-01-01" , "maximumAvailableCredit" : { "credit" : 1.0} , "minimumAvailableCredit" : { "credit" : 1.0} , "subjectArea" : "Reading" , "courseTitle" : "Reading 5A" , "highSchoolCourseRequirement" : false , "numberOfParts" : 1 , "uniqueCourseId" : "Reading-5A-77" , "schoolId" : "352e8570bd1116d11a72755b987902440045d346_id" , "courseCode" : [ { "identificationSystem" : "CSSC course code" , "ID" : "Reading 5A"}] , "id" : "2f6b799f47ee774442093b5c2996653c3be9b67d_id" , "entityType" : "course"}
{ "dateCourseAdopted" : "2000-01-01" , "maximumAvailableCredit" : { "credit" : 1.0} , "minimumAvailableCredit" : { "credit" : 1.0} , "subjectArea" : "Fine and Performing Arts" , "courseTitle" : "Jazz Band" , "highSchoolCourseRequirement" : false , "numberOfParts" : 1 , "uniqueCourseId" : "Jazz-Band-53" , "schoolId" : "772a61c687ee7ecd8e6d9ad3369f7883409f803b_id" , "courseCode" : [ { "identificationSystem" : "CSSC course code" , "ID" : "Jazz Band"}] , "id" : "c52671d84c8822e985ad6b2c1b2cc6cc758cb70b_id" , "entityType" : "course"}
{ "dateCourseAdopted" : "2000-01-01" , "maximumAvailableCredit" : { "credit" : 1.0} , "minimumAvailableCredit" : { "credit" : 1.0} , "courseTitle" : "4th Grade Homeroom" , "highSchoolCourseRequirement" : false , "numberOfParts" : 1 , "uniqueCourseId" : "4th-Grade-Homeroom-2" , "schoolId" : "352e8570bd1116d11a72755b987902440045d346_id" , "courseCode" : [ { "identificationSystem" : "CSSC course code" , "ID" : "4th Grade Homeroom"}] , "id" : "6c98d631cc01317e37143cfd11402ace2b7a8913_id" , "entityType" : "course"}
{ "dateCourseAdopted" : "2000-01-01" , "maximumAvailableCredit" : { "credit" : 1.0} , "minimumAvailableCredit" : { "credit" : 1.0} , "subjectArea" : "Mathematics" , "courseTitle" : "Pre-Algebra II" , "highSchoolCourseRequirement" : false , "numberOfParts" : 1 , "uniqueCourseId" : "Pre-Algebra-II-36" , "schoolId" : "772a61c687ee7ecd8e6d9ad3369f7883409f803b_id" , "courseCode" : [ { "identificationSystem" : "CSSC course code" , "ID" : "Pre-Algebra II"}] , "id" : "2cc0fc00e912031f9555ca2429cbc195a9b0ba4e_id" , "entityType" : "course"}
{ "dateCourseAdopted" : "2000-01-01" , "maximumAvailableCredit" : { "credit" : 1.0} , "minimumAvailableCredit" : { "credit" : 1.0} , "subjectArea" : "Physical, Health, and Safety Education" , "courseTitle" : "Nutrition" , "highSchoolCourseRequirement" : false , "numberOfParts" : 1 , "uniqueCourseId" : "Nutrition-64" , "schoolId" : "772a61c687ee7ecd8e6d9ad3369f7883409f803b_id" , "courseCode" : [ { "identificationSystem" : "CSSC course code" , "ID" : "Nutrition"}] , "id" : "7695f3625b3a46b98a003c419f54df5af8c29965_id" , "entityType" : "course"}
{ "dateCourseAdopted" : "2000-01-01" , "maximumAvailableCredit" : { "credit" : 1.0} , "minimumAvailableCredit" : { "credit" : 1.0} , "subjectArea" : "Social Studies" , "courseTitle" : "World History II-G6" , "highSchoolCourseRequirement" : false , "numberOfParts" : 1 , "uniqueCourseId" : "World-History-II-G6-61" , "schoolId" : "772a61c687ee7ecd8e6d9ad3369f7883409f803b_id" , "courseCode" : [ { "identificationSystem" : "CSSC course code" , "ID" : "World History II-G6"}] , "id" : "a8017f1fb5a3048537ae753565082f27ca6001b3_id" , "entityType" : "course"}
{ "dateCourseAdopted" : "2000-01-01" , "maximumAvailableCredit" : { "credit" : 1.0} , "minimumAvailableCredit" : { "credit" : 1.0} , "subjectArea" : "Social Studies" , "courseTitle" : "Government-5" , "highSchoolCourseRequirement" : false , "numberOfParts" : 1 , "uniqueCourseId" : "Government-5-82" , "schoolId" : "352e8570bd1116d11a72755b987902440045d346_id" , "courseCode" : [ { "identificationSystem" : "CSSC course code" , "ID" : "Government-5"}] , "id" : "3e315880535e53af05ca119e827b87b0d7819066_id" , "entityType" : "course"}
{ "dateCourseAdopted" : "2000-01-01" , "maximumAvailableCredit" : { "credit" : 1.0} , "minimumAvailableCredit" : { "credit" : 1.0} , "subjectArea" : "Fine and Performing Arts" , "courseTitle" : "Vocal Ensemble II" , "highSchoolCourseRequirement" : true , "numberOfParts" : 1 , "uniqueCourseId" : "Vocal-Ensemble-II-27" , "schoolId" : "a13489364c2eb015c219172d561c62350f0453f3_id" , "courseCode" : [ { "identificationSystem" : "CSSC course code" , "ID" : "Vocal Ensemble II"}] , "id" : "56ee3a5e389fffec358dc3c8d3a8ef8fc9c411dd_id" , "entityType" : "course"}
{ "dateCourseAdopted" : "2000-01-01" , "maximumAvailableCredit" : { "credit" : 1.0} , "minimumAvailableCredit" : { "credit" : 1.0} , "subjectArea" : "Social Studies" , "courseTitle" : "Government-4" , "highSchoolCourseRequirement" : false , "numberOfParts" : 1 , "uniqueCourseId" : "Government-4-93" , "schoolId" : "352e8570bd1116d11a72755b987902440045d346_id" , "courseCode" : [ { "identificationSystem" : "CSSC course code" , "ID" : "Government-4"}] , "id" : "270dfffbb6bc86c0be4681fbd9083132c2230962_id" , "entityType" : "course"}
{ "dateCourseAdopted" : "2000-01-01" , "maximumAvailableCredit" : { "credit" : 1.0} , "minimumAvailableCredit" : { "credit" : 1.0} , "subjectArea" : "Social Studies" , "courseTitle" : "State History I" , "highSchoolCourseRequirement" : true , "numberOfParts" : 1 , "uniqueCourseId" : "State-History-I-19" , "schoolId" : "a13489364c2eb015c219172d561c62350f0453f3_id" , "courseCode" : [ { "identificationSystem" : "CSSC course code" , "ID" : "State History I"}] , "id" : "c033083aaea79a559828956c632f205734a01b72_id" , "entityType" : "course"}
{ "dateCourseAdopted" : "2000-01-01" , "maximumAvailableCredit" : { "credit" : 1.0} , "minimumAvailableCredit" : { "credit" : 1.0} , "subjectArea" : "Science" , "courseTitle" : "Science 8B" , "highSchoolCourseRequirement" : false , "numberOfParts" : 1 , "uniqueCourseId" : "Science-8B-40" , "schoolId" : "772a61c687ee7ecd8e6d9ad3369f7883409f803b_id" , "courseCode" : [ { "identificationSystem" : "CSSC course code" , "ID" : "Science 8B"}] , "id" : "73879216d273d1849e1a20f1af13cc0dbc90a0a6_id" , "entityType" : "course"}
{ "dateCourseAdopted" : "2000-01-01" , "maximumAvailableCredit" : { "credit" : 1.0} , "minimumAvailableCredit" : { "credit" : 1.0} , "subjectArea" : "Mathematics" , "courseTitle" : "7th Grade Math" , "highSchoolCourseRequirement" : false , "numberOfParts" : 1 , "uniqueCourseId" : "7th-Grade-Math-39" , "schoolId" : "772a61c687ee7ecd8e6d9ad3369f7883409f803b_id" , "courseCode" : [ { "identificationSystem" : "CSSC course code" , "ID" : "7th Grade Math"}] , "id" : "bdca76519dd8777368975cb01006b7e55ef9590e_id" , "entityType" : "course"}
{ "dateCourseAdopted" : "2000-01-01" , "maximumAvailableCredit" : { "credit" : 1.0} , "minimumAvailableCredit" : { "credit" : 1.0} , "subjectArea" : "Science" , "courseTitle" : "Science 4B" , "highSchoolCourseRequirement" : false , "numberOfParts" : 1 , "uniqueCourseId" : "Science-4B-89" , "schoolId" : "352e8570bd1116d11a72755b987902440045d346_id" , "courseCode" : [ { "identificationSystem" : "CSSC course code" , "ID" : "Science 4B"}] , "id" : "c76e6fd337545fdbf0d4baf7781f9e156fd12ef8_id" , "entityType" : "course"}
{ "dateCourseAdopted" : "2000-01-01" , "maximumAvailableCredit" : { "credit" : 1.0} , "minimumAvailableCredit" : { "credit" : 1.0} , "subjectArea" : "Fine and Performing Arts" , "courseTitle" : "Vocal Performance I" , "highSchoolCourseRequirement" : true , "numberOfParts" : 1 , "uniqueCourseId" : "Vocal-Performance-I-21" , "schoolId" : "a13489364c2eb015c219172d561c62350f0453f3_id" , "courseCode" : [ { "identificationSystem" : "CSSC course code" , "ID" : "Vocal Performance I"}] , "id" : "d5593ba3231885ea3e693f345b7f8c012d9a863e_id" , "entityType" : "course"}
{ "dateCourseAdopted" : "2000-01-01" , "maximumAvailableCredit" : { "credit" : 1.0} , "minimumAvailableCredit" : { "credit" : 1.0} , "subjectArea" : "Mathematics" , "courseTitle" : "Math 3A" , "highSchoolCourseRequirement" : false , "numberOfParts" : 1 , "uniqueCourseId" : "Math-3A-81" , "schoolId" : "352e8570bd1116d11a72755b987902440045d346_id" , "courseCode" : [ { "identificationSystem" : "CSSC course code" , "ID" : "Math 3A"}] , "id" : "7e16223c8789cbd5530840b898c401bf72d67125_id" , "entityType" : "course"}
{ "dateCourseAdopted" : "2000-01-01" , "maximumAvailableCredit" : { "credit" : 1.0} , "minimumAvailableCredit" : { "credit" : 1.0} , "subjectArea" : "Fine and Performing Arts" , "courseTitle" : "Drama I" , "highSchoolCourseRequirement" : false , "numberOfParts" : 1 , "uniqueCourseId" : "Drama-I-69" , "schoolId" : "772a61c687ee7ecd8e6d9ad3369f7883409f803b_id" , "courseCode" : [ { "identificationSystem" : "CSSC course code" , "ID" : "Drama I"}] , "id" : "0dafee18ce85b365981910151b36943844162160_id" , "entityType" : "course"}
{ "dateCourseAdopted" : "2000-01-01" , "maximumAvailableCredit" : { "credit" : 1.0} , "minimumAvailableCredit" : { "credit" : 1.0} , "subjectArea" : "Mathematics" , "courseTitle" : "Algebra II" , "highSchoolCourseRequirement" : true , "numberOfParts" : 1 , "uniqueCourseId" : "Algebra-II-14" , "schoolId" : "a13489364c2eb015c219172d561c62350f0453f3_id" , "courseCode" : [ { "identificationSystem" : "CSSC course code" , "ID" : "Algebra II"}] , "id" : "96b9f39e6975619dccf04d61b3377da60e5c8a12_id" , "entityType" : "course"}
{ "dateCourseAdopted" : "2000-01-01" , "maximumAvailableCredit" : { "credit" : 1.0} , "minimumAvailableCredit" : { "credit" : 1.0} , "subjectArea" : "Mathematics" , "courseTitle" : "Math 6A" , "highSchoolCourseRequirement" : false , "numberOfParts" : 1 , "uniqueCourseId" : "Math-6A-66" , "schoolId" : "772a61c687ee7ecd8e6d9ad3369f7883409f803b_id" , "courseCode" : [ { "identificationSystem" : "CSSC course code" , "ID" : "Math 6A"}] , "id" : "8cecd59cd9466218986a63296cbd8880c23142bb_id" , "entityType" : "course"}
{ "dateCourseAdopted" : "2000-01-01" , "maximumAvailableCredit" : { "credit" : 1.0} , "minimumAvailableCredit" : { "credit" : 1.0} , "subjectArea" : "Science" , "courseTitle" : "Science 4A" , "highSchoolCourseRequirement" : false , "numberOfParts" : 1 , "uniqueCourseId" : "Science-4A-94" , "schoolId" : "352e8570bd1116d11a72755b987902440045d346_id" , "courseCode" : [ { "identificationSystem" : "CSSC course code" , "ID" : "Science 4A"}] , "id" : "9953cf63d0645c1981475839054469a51de48445_id" , "entityType" : "course"}
{ "dateCourseAdopted" : "2000-01-01" , "maximumAvailableCredit" : { "credit" : 1.0} , "minimumAvailableCredit" : { "credit" : 1.0} , "subjectArea" : "Foreign Language and Literature" , "courseTitle" : "Spanish I" , "highSchoolCourseRequirement" : false , "numberOfParts" : 1 , "uniqueCourseId" : "Spanish-I-57" , "schoolId" : "772a61c687ee7ecd8e6d9ad3369f7883409f803b_id" , "courseCode" : [ { "identificationSystem" : "CSSC course code" , "ID" : "Spanish I"}] , "id" : "d57e9b8624d622cc638e0489e9670f8f0fd8a517_id" , "entityType" : "course"}
{ "dateCourseAdopted" : "2000-01-01" , "maximumAvailableCredit" : { "credit" : 1.0} , "minimumAvailableCredit" : { "credit" : 1.0} , "subjectArea" : "Social Studies" , "courseTitle" : "State History II-G7" , "highSchoolCourseRequirement" : false , "numberOfParts" : 1 , "uniqueCourseId" : "State-History-II-G7-50" , "schoolId" : "772a61c687ee7ecd8e6d9ad3369f7883409f803b_id" , "courseCode" : [ { "identificationSystem" : "CSSC course code" , "ID" : "State History II-G7"}] , "id" : "a42a8a8deaaf4fa04448d602ea96c0e2f74c6521_id" , "entityType" : "course"}
{ "dateCourseAdopted" : "2000-01-01" , "maximumAvailableCredit" : { "credit" : 1.0} , "minimumAvailableCredit" : { "credit" : 1.0} , "subjectArea" : "English Language and Literature" , "courseTitle" : "ELA 8A" , "highSchoolCourseRequirement" : true , "numberOfParts" : 1 , "uniqueCourseId" : "ELA-8A-43" , "schoolId" : "772a61c687ee7ecd8e6d9ad3369f7883409f803b_id" , "courseCode" : [ { "identificationSystem" : "CSSC course code" , "ID" : "ELA 8A"}] , "id" : "df8cf089ab7b257f8d0a3a62edd73484a6b01e3a_id" , "entityType" : "course"}
{ "dateCourseAdopted" : "2000-01-01" , "maximumAvailableCredit" : { "credit" : 1.0} , "minimumAvailableCredit" : { "credit" : 1.0} , "subjectArea" : "English Language and Literature" , "courseTitle" : "6th Grade English" , "highSchoolCourseRequirement" : false , "numberOfParts" : 1 , "uniqueCourseId" : "6th-Grade-English-6" , "schoolId" : "772a61c687ee7ecd8e6d9ad3369f7883409f803b_id" , "courseCode" : [ { "identificationSystem" : "CSSC course code" , "ID" : "6th Grade English"}] , "id" : "057811dadd65dc0595a8240c68c1e133164ee211_id" , "entityType" : "course"}
{ "dateCourseAdopted" : "2000-01-01" , "maximumAvailableCredit" : { "credit" : 1.0} , "minimumAvailableCredit" : { "credit" : 1.0} , "subjectArea" : "English Language and Literature" , "courseTitle" : "10th Grade English" , "highSchoolCourseRequirement" : true , "numberOfParts" : 1 , "uniqueCourseId" : "10th-Grade-English-13" , "schoolId" : "a13489364c2eb015c219172d561c62350f0453f3_id" , "courseCode" : [ { "identificationSystem" : "CSSC course code" , "ID" : "10th Grade English"}] , "id" : "b42015979498cb7d2aa09c1b0fbd40db6094e3a4_id" , "entityType" : "course"}
{ "dateCourseAdopted" : "2000-01-01" , "maximumAvailableCredit" : { "credit" : 1.0} , "minimumAvailableCredit" : { "credit" : 1.0} , "subjectArea" : "Reading" , "courseTitle" : "Reading 4A" , "highSchoolCourseRequirement" : false , "numberOfParts" : 1 , "uniqueCourseId" : "Reading-4A-91" , "schoolId" : "352e8570bd1116d11a72755b987902440045d346_id" , "courseCode" : [ { "identificationSystem" : "CSSC course code" , "ID" : "Reading 4A"}] , "id" : "4ee0b30aeb107bd4aca31b3d80045ddb5cd866ca_id" , "entityType" : "course"}
{ "dateCourseAdopted" : "2000-01-01" , "maximumAvailableCredit" : { "credit" : 1.0} , "minimumAvailableCredit" : { "credit" : 1.0} , "subjectArea" : "Mathematics" , "courseTitle" : "Math 5B" , "highSchoolCourseRequirement" : false , "numberOfParts" : 1 , "uniqueCourseId" : "Math-5B-73" , "schoolId" : "352e8570bd1116d11a72755b987902440045d346_id" , "courseCode" : [ { "identificationSystem" : "CSSC course code" , "ID" : "Math 5B"}] , "id" : "14dc8584dcf5ae2916ca8f2b6a719117ce1eab4f_id" , "entityType" : "course"}
{ "dateCourseAdopted" : "2000-01-01" , "maximumAvailableCredit" : { "credit" : 1.0} , "minimumAvailableCredit" : { "credit" : 1.0} , "subjectArea" : "Physical, Health, and Safety Education" , "courseTitle" : "Yoga and Fitness" , "highSchoolCourseRequirement" : true , "numberOfParts" : 1 , "uniqueCourseId" : "Yoga-and-Fitness-34" , "schoolId" : "a13489364c2eb015c219172d561c62350f0453f3_id" , "courseCode" : [ { "identificationSystem" : "CSSC course code" , "ID" : "Yoga and Fitness"}] , "id" : "deea8aac8dd43149686aac8195b01b9c63780249_id" , "entityType" : "course"}
{ "dateCourseAdopted" : "2000-01-01" , "maximumAvailableCredit" : { "credit" : 1.0} , "minimumAvailableCredit" : { "credit" : 1.0} , "subjectArea" : "Science" , "courseTitle" : "Earth Sciences I" , "highSchoolCourseRequirement" : true , "numberOfParts" : 1 , "uniqueCourseId" : "Earth-Sciences-I-20" , "schoolId" : "a13489364c2eb015c219172d561c62350f0453f3_id" , "courseCode" : [ { "identificationSystem" : "CSSC course code" , "ID" : "Earth Sciences I"}] , "id" : "32b3b5c9b5c1431b6cf299ed52de7105cd5c59b5_id" , "entityType" : "course"}
{ "dateCourseAdopted" : "2000-01-01" , "maximumAvailableCredit" : { "credit" : 1.0} , "minimumAvailableCredit" : { "credit" : 1.0} , "subjectArea" : "Social Studies" , "courseTitle" : "Geography-4" , "highSchoolCourseRequirement" : false , "numberOfParts" : 1 , "uniqueCourseId" : "Geography-4-88" , "schoolId" : "352e8570bd1116d11a72755b987902440045d346_id" , "courseCode" : [ { "identificationSystem" : "CSSC course code" , "ID" : "Geography-4"}] , "id" : "c33c6ccd2fd74698e597a672f2a540032af69e94_id" , "entityType" : "course"}
{ "dateCourseAdopted" : "2000-01-01" , "maximumAvailableCredit" : { "credit" : 1.0} , "minimumAvailableCredit" : { "credit" : 1.0} , "subjectArea" : "Physical, Health, and Safety Education" , "courseTitle" : "Conditioning" , "highSchoolCourseRequirement" : false , "numberOfParts" : 1 , "uniqueCourseId" : "Conditioning-58" , "schoolId" : "772a61c687ee7ecd8e6d9ad3369f7883409f803b_id" , "courseCode" : [ { "identificationSystem" : "CSSC course code" , "ID" : "Conditioning"}] , "id" : "28ef7ffd6361d977db1c8f66c461d4597913a16e_id" , "entityType" : "course"}
{ "dateCourseAdopted" : "2000-01-01" , "maximumAvailableCredit" : { "credit" : 1.0} , "minimumAvailableCredit" : { "credit" : 1.0} , "subjectArea" : "Foreign Language and Literature" , "courseTitle" : "Spanish II" , "highSchoolCourseRequirement" : false , "numberOfParts" : 1 , "uniqueCourseId" : "Spanish-II-52" , "schoolId" : "772a61c687ee7ecd8e6d9ad3369f7883409f803b_id" , "courseCode" : [ { "identificationSystem" : "CSSC course code" , "ID" : "Spanish II"}] , "id" : "4c5a7c4c7c08e2de34642b5dd08c6d86c769b47a_id" , "entityType" : "course"}
{ "dateCourseAdopted" : "2000-01-01" , "maximumAvailableCredit" : { "credit" : 1.0} , "minimumAvailableCredit" : { "credit" : 1.0} , "subjectArea" : "Social Studies" , "courseTitle" : "World History I" , "highSchoolCourseRequirement" : true , "numberOfParts" : 1 , "uniqueCourseId" : "World-History-I-31" , "schoolId" : "a13489364c2eb015c219172d561c62350f0453f3_id" , "courseCode" : [ { "identificationSystem" : "CSSC course code" , "ID" : "World History I"}] , "id" : "e619cd9797a8d69cc87b1e2a378a1b7b5aa917d5_id" , "entityType" : "course"}
{ "dateCourseAdopted" : "2000-01-01" , "maximumAvailableCredit" : { "credit" : 1.0} , "minimumAvailableCredit" : { "credit" : 1.0} , "courseTitle" : "3rd Grade Homeroom" , "highSchoolCourseRequirement" : false , "numberOfParts" : 1 , "uniqueCourseId" : "3rd-Grade-Homeroom-1" , "schoolId" : "352e8570bd1116d11a72755b987902440045d346_id" , "courseCode" : [ { "identificationSystem" : "CSSC course code" , "ID" : "3rd Grade Homeroom"}] , "id" : "4e15586570c84cf3b32dbb1fd842037a02217bc1_id" , "entityType" : "course"}
{ "dateCourseAdopted" : "2000-01-01" , "maximumAvailableCredit" : { "credit" : 1.0} , "minimumAvailableCredit" : { "credit" : 1.0} , "subjectArea" : "English Language and Literature" , "courseTitle" : "Spec. Elective: Debate Clinic" , "highSchoolCourseRequirement" : false , "numberOfParts" : 1 , "uniqueCourseId" : "Spec.-Elective:-Debate-Clinic-8" , "schoolId" : "a13489364c2eb015c219172d561c62350f0453f3_id" , "courseCode" : [ { "identificationSystem" : "CSSC course code" , "ID" : "Spec. Elective: Debate Clinic"}] , "id" : "bebc9110b5a0098bb4dcae5181addaff47f412d7_id" , "entityType" : "course"}
