{ "localCourseCode" : "Earth Sciences I" , "sessionId" : "99a86b3c95b02cf87e37d969e6aadf02f4838e37_id" , "localCourseTitle" : "Earth Sciences I" , "schoolId" : "a13489364c2eb015c219172d561c62350f0453f3_id" , "courseId" : "32b3b5c9b5c1431b6cf299ed52de7105cd5c59b5_id" , "id" : "d1d93ba9281570892c25c01ffff8b836cdbba223_id" , "entityType" : "courseOffering"}
{ "localCourseCode" : "7th Grade Math" , "sessionId" : "992dba93a065fdd6c736af98158905cfccd8c0e7_id" , "localCourseTitle" : "7th Grade Math" , "schoolId" : "772a61c687ee7ecd8e6d9ad3369f7883409f803b_id" , "courseId" : "bdca76519dd8777368975cb01006b7e55ef9590e_id" , "id" : "48a223b502aac1e97aaf5581045d9c617567952e_id" , "entityType" : "courseOffering"}
{ "localCourseCode" : "6th Grade Math" , "sessionId" : "99c167a770dc83e2793680b6429649dedc4103c1_id" , "localCourseTitle" : "6th Grade Math" , "schoolId" : "772a61c687ee7ecd8e6d9ad3369f7883409f803b_id" , "courseId" : "46baf7c52b2de8807459f277957488e3bdb287e2_id" , "id" : "ec678e073462d03b2cdda3356e58d0477baa6cf1_id" , "entityType" : "courseOffering"}
{ "localCourseCode" : "10th Grade English" , "sessionId" : "99a86b3c95b02cf87e37d969e6aadf02f4838e37_id" , "localCourseTitle" : "10th Grade English" , "schoolId" : "a13489364c2eb015c219172d561c62350f0453f3_id" , "courseId" : "b42015979498cb7d2aa09c1b0fbd40db6094e3a4_id" , "id" : "45af43448fe9966b2da0616aead03cc9165af00a_id" , "entityType" : "courseOffering"}
{ "localCourseCode" : "3rd Grade Homeroom" , "sessionId" : "6ffc1923cd82fad0f6958f3d22ec02b0eda80b77_id" , "localCourseTitle" : "3rd Grade Homeroom" , "schoolId" : "352e8570bd1116d11a72755b987902440045d346_id" , "courseId" : "4e15586570c84cf3b32dbb1fd842037a02217bc1_id" , "id" : "9a6352ee29305153411f0309b83c738f3efa4ac0_id" , "entityType" : "courseOffering"}
{ "localCourseCode" : "Vocal Ensemble I" , "sessionId" : "a809eac83494002f707100abcc6c6ad2c098d904_id" , "localCourseTitle" : "Vocal Ensemble I" , "schoolId" : "a13489364c2eb015c219172d561c62350f0453f3_id" , "courseId" : "0e451e7bfc113616b42edca215681363ae446017_id" , "id" : "a8d22dc96e84696ba76d752683a5258bf839f8cd_id" , "entityType" : "courseOffering"}
{ "localCourseCode" : "Phys-Ed 4B" , "sessionId" : "0187d227898d8ec4587e6efc60a2c5f2d5cd2004_id" , "localCourseTitle" : "Phys-Ed 4B" , "schoolId" : "352e8570bd1116d11a72755b987902440045d346_id" , "courseId" : "895f787dad2e806dcd41bf745c6eff3c10fdb592_id" , "id" : "8d6c5e19b726c6885a2f90cc49b97dd853eca3d8_id" , "entityType" : "courseOffering"}
{ "localCourseCode" : "English 9B ELL" , "sessionId" : "5df92cbca7f9294bc26a4957785aa6b0077bd7b4_id" , "localCourseTitle" : "English 9B ELL" , "schoolId" : "a13489364c2eb015c219172d561c62350f0453f3_id" , "courseId" : "45ca5053f114b0f00716f4bb238d997e95c44ab6_id" , "id" : "9410e06259a195498cdfae73505830696a401182_id" , "entityType" : "courseOffering"}
{ "localCourseCode" : "Writing 4B" , "sessionId" : "0187d227898d8ec4587e6efc60a2c5f2d5cd2004_id" , "localCourseTitle" : "Writing 4B" , "schoolId" : "352e8570bd1116d11a72755b987902440045d346_id" , "courseId" : "32d03e574ef7f8b13c4025b2a1630ec18587c53a_id" , "id" : "29aec57d6f61e9b4ce6bad7a960b635aaa192d44_id" , "entityType" : "courseOffering"}
{ "localCourseCode" : "Phys-Ed 5A" , "sessionId" : "2e288a40770e4fab3f222d81c7a54ea66cdcefff_id" , "localCourseTitle" : "Phys-Ed 5A" , "schoolId" : "352e8570bd1116d11a72755b987902440045d346_id" , "courseId" : "5bb6a8e0c65eb9cf5821d069cfb8116a6231b1ab_id" , "id" : "6b6d46d63db229d41cebc813fd69ed245139e50b_id" , "entityType" : "courseOffering"}
{ "localCourseCode" : "Earth Sciences II" , "sessionId" : "7f4adf8460f83b2e0c710e58021daf10c65fd944_id" , "localCourseTitle" : "Earth Sciences II" , "schoolId" : "a13489364c2eb015c219172d561c62350f0453f3_id" , "courseId" : "b0732525df55df8a0417edfc6ad19610a0c32a31_id" , "id" : "c79eb67721f2d085d1da9bb1e6f3da43dfe715b3_id" , "entityType" : "courseOffering"}
{ "localCourseCode" : "Writing 5B" , "sessionId" : "e284bb7537665873526f50ba5c7bd2bd4f1af2a0_id" , "localCourseTitle" : "Writing 5B" , "schoolId" : "352e8570bd1116d11a72755b987902440045d346_id" , "courseId" : "d826744ade3bc0846ce6269ab0de169e1b605e42_id" , "id" : "b5ffa27ddbed61832ef102689135b0cd26c144ce_id" , "entityType" : "courseOffering"}
{ "localCourseCode" : "6th Grade English" , "sessionId" : "99c167a770dc83e2793680b6429649dedc4103c1_id" , "localCourseTitle" : "6th Grade English" , "schoolId" : "772a61c687ee7ecd8e6d9ad3369f7883409f803b_id" , "courseId" : "057811dadd65dc0595a8240c68c1e133164ee211_id" , "id" : "2fcf12587b62cd531ecef9d5030d5be851035641_id" , "entityType" : "courseOffering"}
{ "localCourseCode" : "Science 7B" , "sessionId" : "95febad2920de46273532e3317fbc34da0f3cb25_id" , "localCourseTitle" : "Science 7B" , "schoolId" : "772a61c687ee7ecd8e6d9ad3369f7883409f803b_id" , "courseId" : "38ecae2979b8b7f093958861bdda716c6470442f_id" , "id" : "dd7bf3cfec34c0103ffe56748170c76c5561d4e4_id" , "entityType" : "courseOffering"}
{ "localCourseCode" : "Reading 4A" , "sessionId" : "1e217f65c48cda4f5009cb1518cb33ddd51637e0_id" , "localCourseTitle" : "Reading 4A" , "schoolId" : "352e8570bd1116d11a72755b987902440045d346_id" , "courseId" : "4ee0b30aeb107bd4aca31b3d80045ddb5cd866ca_id" , "id" : "cb4eb3b18d7016f7fbbf2e04ecb2b3c8cdc8f4ba_id" , "entityType" : "courseOffering"}
{ "localCourseCode" : "Phys-Ed 8B" , "sessionId" : "a2f899c4b31e2dc11a5a5ab202d4590bb0a33c8b_id" , "localCourseTitle" : "Phys-Ed 8B" , "schoolId" : "772a61c687ee7ecd8e6d9ad3369f7883409f803b_id" , "courseId" : "c0e83584920272d3f773cb0f6a04463ad8708a75_id" , "id" : "aeda65046139be8027bb7abf2ce267e213e6c205_id" , "entityType" : "courseOffering"}
{ "localCourseCode" : "Conditioning" , "sessionId" : "992dba93a065fdd6c736af98158905cfccd8c0e7_id" , "localCourseTitle" : "Conditioning" , "schoolId" : "772a61c687ee7ecd8e6d9ad3369f7883409f803b_id" , "courseId" : "28ef7ffd6361d977db1c8f66c461d4597913a16e_id" , "id" : "d05bf7e38645c31de9690cb77c4788e53d55cc12_id" , "entityType" : "courseOffering"}
{ "localCourseCode" : "Algebra I" , "sessionId" : "99a86b3c95b02cf87e37d969e6aadf02f4838e37_id" , "localCourseTitle" : "Algebra I" , "schoolId" : "a13489364c2eb015c219172d561c62350f0453f3_id" , "courseId" : "6cc505210f628fc8ce2599aa2a83136aa6510084_id" , "id" : "fc6bc5868775333e252ed64e5c00ba75a408301a_id" , "entityType" : "courseOffering"}
{ "localCourseCode" : "Science 4A" , "sessionId" : "1e217f65c48cda4f5009cb1518cb33ddd51637e0_id" , "localCourseTitle" : "Science 4A" , "schoolId" : "352e8570bd1116d11a72755b987902440045d346_id" , "courseId" : "9953cf63d0645c1981475839054469a51de48445_id" , "id" : "8a3cdc51757724108bc5efa568f0682a079d8e09_id" , "entityType" : "courseOffering"}
{ "localCourseCode" : "Vocal Performance II" , "sessionId" : "7f4adf8460f83b2e0c710e58021daf10c65fd944_id" , "localCourseTitle" : "Vocal Performance II" , "schoolId" : "a13489364c2eb015c219172d561c62350f0453f3_id" , "courseId" : "9562e282d092b3b19fea530feb72dfa0f0a899a0_id" , "id" : "c42a7b0807616c2168ac7c18fa5068ff40ef47e2_id" , "entityType" : "courseOffering"}
{ "localCourseCode" : "Choir B" , "sessionId" : "a2f899c4b31e2dc11a5a5ab202d4590bb0a33c8b_id" , "localCourseTitle" : "Choir B" , "schoolId" : "772a61c687ee7ecd8e6d9ad3369f7883409f803b_id" , "courseId" : "f85867e296b1939fdfe05cf724c6edada0a2fc6c_id" , "id" : "72c681cf2882ea479312894be4f12b2c38563b2d_id" , "entityType" : "courseOffering"}
{ "localCourseCode" : "4th Grade Homeroom" , "sessionId" : "0187d227898d8ec4587e6efc60a2c5f2d5cd2004_id" , "localCourseTitle" : "4th Grade Homeroom" , "schoolId" : "352e8570bd1116d11a72755b987902440045d346_id" , "courseId" : "6c98d631cc01317e37143cfd11402ace2b7a8913_id" , "id" : "60f7623668d9eeb080459e6a2afa384d2ffc8438_id" , "entityType" : "courseOffering"}
{ "localCourseCode" : "5th Grade Homeroom" , "sessionId" : "2e288a40770e4fab3f222d81c7a54ea66cdcefff_id" , "localCourseTitle" : "5th Grade Homeroom" , "schoolId" : "352e8570bd1116d11a72755b987902440045d346_id" , "courseId" : "9185160ef615dd7fa4b80f0196a9bb5731dd9db0_id" , "id" : "386dedb88b8a26a5df0b068f0e6af8e3226e6a7e_id" , "entityType" : "courseOffering"}
{ "localCourseCode" : "Team Sports" , "sessionId" : "ba942e512de1fd5021a69a9d452b481c7512c1bd_id" , "localCourseTitle" : "Team Sports" , "schoolId" : "772a61c687ee7ecd8e6d9ad3369f7883409f803b_id" , "courseId" : "51f09038baf021514779f4159a4782e88c559a42_id" , "id" : "bdae7581e46a0e2907e14d00730d50fd4bac2f81_id" , "entityType" : "courseOffering"}
{ "localCourseCode" : "Math 7B" , "sessionId" : "95febad2920de46273532e3317fbc34da0f3cb25_id" , "localCourseTitle" : "Math 7B" , "schoolId" : "772a61c687ee7ecd8e6d9ad3369f7883409f803b_id" , "courseId" : "d8693cc4562b2ee441ddc13751e603935cc443f8_id" , "id" : "577d0a56863186fd800da1afe298b9dd9e8744c8_id" , "entityType" : "courseOffering"}
{ "localCourseCode" : "Science 5A" , "sessionId" : "2e288a40770e4fab3f222d81c7a54ea66cdcefff_id" , "localCourseTitle" : "Science 5A" , "schoolId" : "352e8570bd1116d11a72755b987902440045d346_id" , "courseId" : "12310cd89ffada1ef053b00a9ba06fe0e10a53e4_id" , "id" : "9c566c170c6478cafaf512640b91fc1d6bd99e4a_id" , "entityType" : "courseOffering"}
{ "localCourseCode" : "Vocal Performance I" , "sessionId" : "99a86b3c95b02cf87e37d969e6aadf02f4838e37_id" , "localCourseTitle" : "Vocal Performance I" , "schoolId" : "a13489364c2eb015c219172d561c62350f0453f3_id" , "courseId" : "d5593ba3231885ea3e693f345b7f8c012d9a863e_id" , "id" : "0c6acbddf28f204f39f3394c8d572e50144e3bd8_id" , "entityType" : "courseOffering"}
{ "localCourseCode" : "State History II-G7" , "sessionId" : "95febad2920de46273532e3317fbc34da0f3cb25_id" , "localCourseTitle" : "State History II-G7" , "schoolId" : "772a61c687ee7ecd8e6d9ad3369f7883409f803b_id" , "courseId" : "a42a8a8deaaf4fa04448d602ea96c0e2f74c6521_id" , "id" : "0e53b96a3ee1e6b074fdebe8ba1ad8034fa220fd_id" , "entityType" : "courseOffering"}
{ "localCourseCode" : "Vocal Ensemble II" , "sessionId" : "5df92cbca7f9294bc26a4957785aa6b0077bd7b4_id" , "localCourseTitle" : "Vocal Ensemble II" , "schoolId" : "a13489364c2eb015c219172d561c62350f0453f3_id" , "courseId" : "56ee3a5e389fffec358dc3c8d3a8ef8fc9c411dd_id" , "id" : "3bda1bed41f1ca606abf26f6e13cb6ee1cb8a9e2_id" , "entityType" : "courseOffering"}
{ "localCourseCode" : "Basic Math II" , "sessionId" : "5df92cbca7f9294bc26a4957785aa6b0077bd7b4_id" , "localCourseTitle" : "Basic Math II" , "schoolId" : "a13489364c2eb015c219172d561c62350f0453f3_id" , "courseId" : "9544f213807352f20c51c370cff478eefa66644c_id" , "id" : "6ab9a1003e486317ed6c76398a73f60e71705769_id" , "entityType" : "courseOffering"}
{ "localCourseCode" : "7th Grade English" , "sessionId" : "99c167a770dc83e2793680b6429649dedc4103c1_id" , "localCourseTitle" : "7th Grade English" , "schoolId" : "772a61c687ee7ecd8e6d9ad3369f7883409f803b_id" , "courseId" : "f26b8145de9a2705edb5f6721efb6e90d308ea11_id" , "id" : "f987fc599bd78f69c57d4176163633bde1ffc3cb_id" , "entityType" : "courseOffering"}
{ "localCourseCode" : "Writing 5A" , "sessionId" : "2e288a40770e4fab3f222d81c7a54ea66cdcefff_id" , "localCourseTitle" : "Writing 5A" , "schoolId" : "352e8570bd1116d11a72755b987902440045d346_id" , "courseId" : "31f1704ca89d2bb9201821f836341820193a0b51_id" , "id" : "c4b23d73a6c23faecae464bbba6237db653733b6_id" , "entityType" : "courseOffering"}
{ "localCourseCode" : "Yoga and Fitness" , "sessionId" : "a809eac83494002f707100abcc6c6ad2c098d904_id" , "localCourseTitle" : "Yoga and Fitness" , "schoolId" : "a13489364c2eb015c219172d561c62350f0453f3_id" , "courseId" : "deea8aac8dd43149686aac8195b01b9c63780249_id" , "id" : "25becbdd543e9a13b3817fbd6190eb4d30973caa_id" , "entityType" : "courseOffering"}
{ "localCourseCode" : "World History II" , "sessionId" : "5df92cbca7f9294bc26a4957785aa6b0077bd7b4_id" , "localCourseTitle" : "World History II" , "schoolId" : "a13489364c2eb015c219172d561c62350f0453f3_id" , "courseId" : "2e6efa66fb07504bc6f4ec9a05cb6804cb866c7b_id" , "id" : "2961251531bddf93e25fb44a83276339be7e5c47_id" , "entityType" : "courseOffering"}
{ "localCourseCode" : "Math 4B" , "sessionId" : "0187d227898d8ec4587e6efc60a2c5f2d5cd2004_id" , "localCourseTitle" : "Math 4B" , "schoolId" : "352e8570bd1116d11a72755b987902440045d346_id" , "courseId" : "2e24fa73cbebae9f452dcfb46e530399b66e6087_id" , "id" : "dada25a9432ac45c010ec90d7aaa983bd2dbf1b6_id" , "entityType" : "courseOffering"}
{ "localCourseCode" : "State History II" , "sessionId" : "7f4adf8460f83b2e0c710e58021daf10c65fd944_id" , "localCourseTitle" : "State History II" , "schoolId" : "a13489364c2eb015c219172d561c62350f0453f3_id" , "courseId" : "ff3d9e3fb1bf23fb251b9c27d2711351a62cfed0_id" , "id" : "43550a83a5dc615a867a626fb7647808a6aea7a0_id" , "entityType" : "courseOffering"}
{ "localCourseCode" : "Math 5B" , "sessionId" : "e284bb7537665873526f50ba5c7bd2bd4f1af2a0_id" , "localCourseTitle" : "Math 5B" , "schoolId" : "352e8570bd1116d11a72755b987902440045d346_id" , "courseId" : "14dc8584dcf5ae2916ca8f2b6a719117ce1eab4f_id" , "id" : "5dc5650ddfaa1c4cd02cee0eb6bfd8fcf9432ea2_id" , "entityType" : "courseOffering"}
{ "localCourseCode" : "Geography-4" , "sessionId" : "0187d227898d8ec4587e6efc60a2c5f2d5cd2004_id" , "localCourseTitle" : "Geography-4" , "schoolId" : "352e8570bd1116d11a72755b987902440045d346_id" , "courseId" : "c33c6ccd2fd74698e597a672f2a540032af69e94_id" , "id" : "50f65fbfa45bcdf59c1ac7a8ddb7b0fb3184fca6_id" , "entityType" : "courseOffering"}
{ "localCourseCode" : "Math 7A" , "sessionId" : "992dba93a065fdd6c736af98158905cfccd8c0e7_id" , "localCourseTitle" : "Math 7A" , "schoolId" : "772a61c687ee7ecd8e6d9ad3369f7883409f803b_id" , "courseId" : "d057b067e4fe7a9d76c026b08bc4bba6092ceb89_id" , "id" : "47b606c32c573f2ec9ff46f95fde75905d020d38_id" , "entityType" : "courseOffering"}
{ "localCourseCode" : "10th Grade Writing" , "sessionId" : "7f4adf8460f83b2e0c710e58021daf10c65fd944_id" , "localCourseTitle" : "10th Grade Writing" , "schoolId" : "a13489364c2eb015c219172d561c62350f0453f3_id" , "courseId" : "e0e8a8a400f4e0dfb27f25e5bade87dff72b61af_id" , "id" : "985603c8015d9df88c61edf18711be2e8150ee3a_id" , "entityType" : "courseOffering"}
{ "localCourseCode" : "Science 8A" , "sessionId" : "f1f768e7ec6f9936b2414372dcb046a3bca7ad93_id" , "localCourseTitle" : "Science 8A" , "schoolId" : "772a61c687ee7ecd8e6d9ad3369f7883409f803b_id" , "courseId" : "011c2cb78ca325459e456dd603e9c65724526b9b_id" , "id" : "054525bdf7e0f2db446b4952200a485aa7e39880_id" , "entityType" : "courseOffering"}
{ "localCourseCode" : "ELA 6B" , "sessionId" : "99c167a770dc83e2793680b6429649dedc4103c1_id" , "localCourseTitle" : "ELA 6B" , "schoolId" : "772a61c687ee7ecd8e6d9ad3369f7883409f803b_id" , "courseId" : "e7920ca7437eda85c4c80a5dcb8aea27df5e5cb0_id" , "id" : "3c65bc971a3c19d85a662092fa3bca1aa3bc07d0_id" , "entityType" : "courseOffering"}
{ "localCourseCode" : "ELA 6A" , "sessionId" : "ba942e512de1fd5021a69a9d452b481c7512c1bd_id" , "localCourseTitle" : "ELA 6A" , "schoolId" : "772a61c687ee7ecd8e6d9ad3369f7883409f803b_id" , "courseId" : "903a821b319befb3407a9b0c81a7b42b86fadd35_id" , "id" : "c962ec702f1428e4537a024f9d192365f52605be_id" , "entityType" : "courseOffering"}
{ "localCourseCode" : "8th Grade English" , "sessionId" : "4c0c99b7d9cd1586444823a5ea837d946ed81af6_id" , "localCourseTitle" : "8th Grade English" , "schoolId" : "772a61c687ee7ecd8e6d9ad3369f7883409f803b_id" , "courseId" : "b7b4d242f9e3d19347af3ae7dfefda6057739865_id" , "id" : "d780163c0e61465e365604964bd88a2cacfa08fd_id" , "entityType" : "courseOffering"}
{ "localCourseCode" : "Math 6B" , "sessionId" : "99c167a770dc83e2793680b6429649dedc4103c1_id" , "localCourseTitle" : "Math 6B" , "schoolId" : "772a61c687ee7ecd8e6d9ad3369f7883409f803b_id" , "courseId" : "8a78b03bd93fa58fd296c6484ff331f8844bb797_id" , "id" : "785903ac916bddd9520fbf6cce40ffc77acc5ffc_id" , "entityType" : "courseOffering"}
{ "localCourseCode" : "Environmental Studies I" , "sessionId" : "a809eac83494002f707100abcc6c6ad2c098d904_id" , "localCourseTitle" : "Environmental Studies I" , "schoolId" : "a13489364c2eb015c219172d561c62350f0453f3_id" , "courseId" : "dc09570cd231703cf784efeec846085f2d72b401_id" , "id" : "49030766da4c4f2611c4d3bc0f32cc5d3f6afdb0_id" , "entityType" : "courseOffering"}
{ "localCourseCode" : "Reading 5A" , "sessionId" : "2e288a40770e4fab3f222d81c7a54ea66cdcefff_id" , "localCourseTitle" : "Reading 5A" , "schoolId" : "352e8570bd1116d11a72755b987902440045d346_id" , "courseId" : "2f6b799f47ee774442093b5c2996653c3be9b67d_id" , "id" : "665f518602d18788e2dbbec6d1298d4320961438_id" , "entityType" : "courseOffering"}
{ "localCourseCode" : "Government-4" , "sessionId" : "1e217f65c48cda4f5009cb1518cb33ddd51637e0_id" , "localCourseTitle" : "Government-4" , "schoolId" : "352e8570bd1116d11a72755b987902440045d346_id" , "courseId" : "270dfffbb6bc86c0be4681fbd9083132c2230962_id" , "id" : "196f002a253f9805a79d723296c4bc72ad25bf24_id" , "entityType" : "courseOffering"}
{ "localCourseCode" : "Math 4A" , "sessionId" : "1e217f65c48cda4f5009cb1518cb33ddd51637e0_id" , "localCourseTitle" : "Math 4A" , "schoolId" : "352e8570bd1116d11a72755b987902440045d346_id" , "courseId" : "8c4a7dd6b99a08b5802625b19b9310fd953b0ab1_id" , "id" : "e6d88d9f21ef1f72c5fdb4f97d53a88211dca3b8_id" , "entityType" : "courseOffering"}
{ "localCourseCode" : "Math 5A" , "sessionId" : "2e288a40770e4fab3f222d81c7a54ea66cdcefff_id" , "localCourseTitle" : "Math 5A" , "schoolId" : "352e8570bd1116d11a72755b987902440045d346_id" , "courseId" : "7724c497f9b2d4b227834f31aa37b1f8cc0e1465_id" , "id" : "b6e09438073066c418eb3956d3772988bba9e35c_id" , "entityType" : "courseOffering"}
{ "localCourseCode" : "7th Grade Composition" , "sessionId" : "95febad2920de46273532e3317fbc34da0f3cb25_id" , "localCourseTitle" : "7th Grade Composition" , "schoolId" : "772a61c687ee7ecd8e6d9ad3369f7883409f803b_id" , "courseId" : "bdf3102f754737db4c7cb2586d01546d36530433_id" , "id" : "46d491edaf7dff1719099d87b1fed4b204e8162b_id" , "entityType" : "courseOffering"}
{ "localCourseCode" : "State History I" , "sessionId" : "99a86b3c95b02cf87e37d969e6aadf02f4838e37_id" , "localCourseTitle" : "State History I" , "schoolId" : "a13489364c2eb015c219172d561c62350f0453f3_id" , "courseId" : "c033083aaea79a559828956c632f205734a01b72_id" , "id" : "53eb057715f0200c9623f251628c2784eb9d5089_id" , "entityType" : "courseOffering"}
{ "localCourseCode" : "Jazz Band" , "sessionId" : "95febad2920de46273532e3317fbc34da0f3cb25_id" , "localCourseTitle" : "Jazz Band" , "schoolId" : "772a61c687ee7ecd8e6d9ad3369f7883409f803b_id" , "courseId" : "c52671d84c8822e985ad6b2c1b2cc6cc758cb70b_id" , "id" : "c27aff136d5c99334b4a8dbcc165cd65b0792ac8_id" , "entityType" : "courseOffering"}
{ "localCourseCode" : "Phys-Ed 5B" , "sessionId" : "e284bb7537665873526f50ba5c7bd2bd4f1af2a0_id" , "localCourseTitle" : "Phys-Ed 5B" , "schoolId" : "352e8570bd1116d11a72755b987902440045d346_id" , "courseId" : "d02380527cbb475c372e45a0677c092966752368_id" , "id" : "262bdb46245496d64bc684901a2ce88a2f467741_id" , "entityType" : "courseOffering"}
{ "localCourseCode" : "World History I-G6" , "sessionId" : "ba942e512de1fd5021a69a9d452b481c7512c1bd_id" , "localCourseTitle" : "World History I-G6" , "schoolId" : "772a61c687ee7ecd8e6d9ad3369f7883409f803b_id" , "courseId" : "630f5df5e332a621e4330e45ab905c3ff0b8b678_id" , "id" : "22cec991a69c8b5931cca5eed18d281f994330f9_id" , "entityType" : "courseOffering"}
{ "localCourseCode" : "Spanish I" , "sessionId" : "992dba93a065fdd6c736af98158905cfccd8c0e7_id" , "localCourseTitle" : "Spanish I" , "schoolId" : "772a61c687ee7ecd8e6d9ad3369f7883409f803b_id" , "courseId" : "d57e9b8624d622cc638e0489e9670f8f0fd8a517_id" , "id" : "2fda61f34543d921f6849a5d7098d743b7e96207_id" , "entityType" : "courseOffering"}
{ "localCourseCode" : "Choir A" , "sessionId" : "f1f768e7ec6f9936b2414372dcb046a3bca7ad93_id" , "localCourseTitle" : "Choir A" , "schoolId" : "772a61c687ee7ecd8e6d9ad3369f7883409f803b_id" , "courseId" : "542d386dbbc7eb88d6aab50da0d6378c85f9ecd4_id" , "id" : "6622b9c720adeaba2d286bdf3b727da61dd59c0c_id" , "entityType" : "courseOffering"}
{ "localCourseCode" : "Science 8B" , "sessionId" : "a2f899c4b31e2dc11a5a5ab202d4590bb0a33c8b_id" , "localCourseTitle" : "Science 8B" , "schoolId" : "772a61c687ee7ecd8e6d9ad3369f7883409f803b_id" , "courseId" : "73879216d273d1849e1a20f1af13cc0dbc90a0a6_id" , "id" : "0f6fe774d459475b7a355c4b71b37cf568d59865_id" , "entityType" : "courseOffering"}
{ "localCourseCode" : "Kindergarten Homeroom" , "sessionId" : "ec0df1d0654eef0475b66a73fa7f39af74a5b4ca_id" , "localCourseTitle" : "Kindergarten Homeroom" , "schoolId" : "352e8570bd1116d11a72755b987902440045d346_id" , "courseId" : "5b950ca02fceae8c31b8e9b82d72f8ecb6013b49_id" , "id" : "14ededd530160647c2e52d0f5aaaa3807db0fae9_id" , "entityType" : "courseOffering"}
{ "localCourseCode" : "World History I" , "sessionId" : "a809eac83494002f707100abcc6c6ad2c098d904_id" , "localCourseTitle" : "World History I" , "schoolId" : "a13489364c2eb015c219172d561c62350f0453f3_id" , "courseId" : "e619cd9797a8d69cc87b1e2a378a1b7b5aa917d5_id" , "id" : "88540d164e6ac1846d2acc00423f413c09b3b4dc_id" , "entityType" : "courseOffering"}
{ "localCourseCode" : "Science 5B" , "sessionId" : "e284bb7537665873526f50ba5c7bd2bd4f1af2a0_id" , "localCourseTitle" : "Science 5B" , "schoolId" : "352e8570bd1116d11a72755b987902440045d346_id" , "courseId" : "07f295958af3ea41bed6b20106f727a74a64301e_id" , "id" : "54d6f7adc6b4ca6d9fb17f11ebc7f087070d1d63_id" , "entityType" : "courseOffering"}
{ "localCourseCode" : "Weight Training" , "sessionId" : "99a86b3c95b02cf87e37d969e6aadf02f4838e37_id" , "localCourseTitle" : "Weight Training" , "schoolId" : "a13489364c2eb015c219172d561c62350f0453f3_id" , "courseId" : "e450c82dbdaefc157ea6dd76d01938a00c7f0dab_id" , "id" : "f78f76974a9e2d3eb5cdaac4331e633c6035cc85_id" , "entityType" : "courseOffering"}
{ "localCourseCode" : "American Literature" , "sessionId" : "1616b81f0857d20f01173b4d8be701573a62b1fa_id" , "localCourseTitle" : "American Literature" , "schoolId" : "a13489364c2eb015c219172d561c62350f0453f3_id" , "courseId" : "799fdfac4d1fa74f40c11230ba17d56c8241a979_id" , "id" : "f308af4ceb9193186ebec7294ffaf661aed64508_id" , "entityType" : "courseOffering"}
{ "localCourseCode" : "Government-5" , "sessionId" : "2e288a40770e4fab3f222d81c7a54ea66cdcefff_id" , "localCourseTitle" : "Government-5" , "schoolId" : "352e8570bd1116d11a72755b987902440045d346_id" , "courseId" : "3e315880535e53af05ca119e827b87b0d7819066_id" , "id" : "e048224468fee9b790cc44a3f0d52303b856df9e_id" , "entityType" : "courseOffering"}
{ "localCourseCode" : "U.S. History II" , "sessionId" : "a2f899c4b31e2dc11a5a5ab202d4590bb0a33c8b_id" , "localCourseTitle" : "U.S. History II" , "schoolId" : "772a61c687ee7ecd8e6d9ad3369f7883409f803b_id" , "courseId" : "84ab361e70d837a0a981d3085ef65b11b3a82ea8_id" , "id" : "126944c6137b22c3a8ba5533676aa2e0cb9f7e9a_id" , "entityType" : "courseOffering"}
{ "localCourseCode" : "Writing 4A" , "sessionId" : "1e217f65c48cda4f5009cb1518cb33ddd51637e0_id" , "localCourseTitle" : "Writing 4A" , "schoolId" : "352e8570bd1116d11a72755b987902440045d346_id" , "courseId" : "05b80391559ec8f20b602b5c37d201ca8a87ab74_id" , "id" : "b09f094598d037378776cd0ed66703f99afea461_id" , "entityType" : "courseOffering"}
{ "localCourseCode" : "Reading 5B" , "sessionId" : "e284bb7537665873526f50ba5c7bd2bd4f1af2a0_id" , "localCourseTitle" : "Reading 5B" , "schoolId" : "352e8570bd1116d11a72755b987902440045d346_id" , "courseId" : "5a4068f7120e8ec1654f94bd9a113dcba3c1a3fc_id" , "id" : "672d2025634ef647d938d4e9502ca9c7ddaa806f_id" , "entityType" : "courseOffering"}
{ "localCourseCode" : "Pre-Algebra II" , "sessionId" : "a2f899c4b31e2dc11a5a5ab202d4590bb0a33c8b_id" , "localCourseTitle" : "Pre-Algebra II" , "schoolId" : "772a61c687ee7ecd8e6d9ad3369f7883409f803b_id" , "courseId" : "2cc0fc00e912031f9555ca2429cbc195a9b0ba4e_id" , "id" : "5da61a660cbb60ad9f3ef150270ad51a98f25e78_id" , "entityType" : "courseOffering"}
{ "localCourseCode" : "Nutrition" , "sessionId" : "7f4adf8460f83b2e0c710e58021daf10c65fd944_id" , "localCourseTitle" : "Nutrition" , "schoolId" : "a13489364c2eb015c219172d561c62350f0453f3_id" , "courseId" : "7695f3625b3a46b98a003c419f54df5af8c29965_id" , "id" : "8343a6dae15082736303ace05fedaf9a8c65e9e5_id" , "entityType" : "courseOffering"}
{ "localCourseCode" : "U.S. History I" , "sessionId" : "f1f768e7ec6f9936b2414372dcb046a3bca7ad93_id" , "localCourseTitle" : "U.S. History I" , "schoolId" : "772a61c687ee7ecd8e6d9ad3369f7883409f803b_id" , "courseId" : "2578610a00533c43e57978c444fd7006f5415cd7_id" , "id" : "91e7de92d4343fd604d473df7c8915d63067786b_id" , "entityType" : "courseOffering"}
{ "localCourseCode" : "Drama I" , "sessionId" : "ba942e512de1fd5021a69a9d452b481c7512c1bd_id" , "localCourseTitle" : "Drama I" , "schoolId" : "772a61c687ee7ecd8e6d9ad3369f7883409f803b_id" , "courseId" : "0dafee18ce85b365981910151b36943844162160_id" , "id" : "ba6f8a8f0d43f8a24525540472e6a8422fb1edaf_id" , "entityType" : "courseOffering"}
{ "localCourseCode" : "Spanish II" , "sessionId" : "95febad2920de46273532e3317fbc34da0f3cb25_id" , "localCourseTitle" : "Spanish II" , "schoolId" : "772a61c687ee7ecd8e6d9ad3369f7883409f803b_id" , "courseId" : "4c5a7c4c7c08e2de34642b5dd08c6d86c769b47a_id" , "id" : "5a8080913b473cd954848a33ba7f3ee88c8e1244_id" , "entityType" : "courseOffering"}
{ "localCourseCode" : "Science 6B" , "sessionId" : "99c167a770dc83e2793680b6429649dedc4103c1_id" , "localCourseTitle" : "Science 6B" , "schoolId" : "772a61c687ee7ecd8e6d9ad3369f7883409f803b_id" , "courseId" : "b8472374d3c85c47f7dfdb8259c13ba027b9da70_id" , "id" : "23accf43fe63a13afa8e51a62bacce76e1e9efed_id" , "entityType" : "courseOffering"}
{ "localCourseCode" : "Phys-Ed 4A" , "sessionId" : "1e217f65c48cda4f5009cb1518cb33ddd51637e0_id" , "localCourseTitle" : "Phys-Ed 4A" , "schoolId" : "352e8570bd1116d11a72755b987902440045d346_id" , "courseId" : "c0a55aae2bcc2144e527af39c0e8133a10df08ca_id" , "id" : "9f304296b5b4249bd9efe399986f9c3ced510a42_id" , "entityType" : "courseOffering"}
{ "localCourseCode" : "Drama II" , "sessionId" : "99c167a770dc83e2793680b6429649dedc4103c1_id" , "localCourseTitle" : "Drama II" , "schoolId" : "772a61c687ee7ecd8e6d9ad3369f7883409f803b_id" , "courseId" : "6fd45fd6308ad444d1a13fc74a7eaa0b6abe4fa8_id" , "id" : "52b0863c5824448d6f753f79541963a8eccb27cf_id" , "entityType" : "courseOffering"}
{ "localCourseCode" : "Basic Math I" , "sessionId" : "a809eac83494002f707100abcc6c6ad2c098d904_id" , "localCourseTitle" : "Basic Math I" , "schoolId" : "a13489364c2eb015c219172d561c62350f0453f3_id" , "courseId" : "14d37e3ceb644fd0a328f2eda1edb3edbb371935_id" , "id" : "cb0fc9cad74959e751b6446930457615f1b8e730_id" , "entityType" : "courseOffering"}
{ "localCourseCode" : "Geography-5" , "sessionId" : "e284bb7537665873526f50ba5c7bd2bd4f1af2a0_id" , "localCourseTitle" : "Geography-5" , "schoolId" : "352e8570bd1116d11a72755b987902440045d346_id" , "courseId" : "b940ceb321d3e550c1d155929e5b1c4c7363a70b_id" , "id" : "ac02ce593e52b44f41698580ccb52d574187519a_id" , "entityType" : "courseOffering"}
{ "localCourseCode" : "Math 6A" , "sessionId" : "ba942e512de1fd5021a69a9d452b481c7512c1bd_id" , "localCourseTitle" : "Math 6A" , "schoolId" : "772a61c687ee7ecd8e6d9ad3369f7883409f803b_id" , "courseId" : "8cecd59cd9466218986a63296cbd8880c23142bb_id" , "id" : "0642a6ed2d77640ed3013480e1d6a22e8b6963b0_id" , "entityType" : "courseOffering"}
{ "localCourseCode" : "ELA 8A" , "sessionId" : "f1f768e7ec6f9936b2414372dcb046a3bca7ad93_id" , "localCourseTitle" : "ELA 8A" , "schoolId" : "772a61c687ee7ecd8e6d9ad3369f7883409f803b_id" , "courseId" : "df8cf089ab7b257f8d0a3a62edd73484a6b01e3a_id" , "id" : "095b6f670fa8f271a79f6b4bad4d4aad1ff1dbae_id" , "entityType" : "courseOffering"}
{ "localCourseCode" : "Algebra II" , "sessionId" : "7f4adf8460f83b2e0c710e58021daf10c65fd944_id" , "localCourseTitle" : "Algebra II" , "schoolId" : "a13489364c2eb015c219172d561c62350f0453f3_id" , "courseId" : "96b9f39e6975619dccf04d61b3377da60e5c8a12_id" , "id" : "fdc44232eb03995ee5de5b8f20c307d5ce9e7a58_id" , "entityType" : "courseOffering"}
{ "localCourseCode" : "ELA 8B" , "sessionId" : "a2f899c4b31e2dc11a5a5ab202d4590bb0a33c8b_id" , "localCourseTitle" : "ELA 8B" , "schoolId" : "772a61c687ee7ecd8e6d9ad3369f7883409f803b_id" , "courseId" : "8078c72090bf1bb6d4d243a6907adaa2f46bcd7b_id" , "id" : "fee52ec62018d167371308be20b8a9096a6b2410_id" , "entityType" : "courseOffering"}
{ "localCourseCode" : "Reading 4B" , "sessionId" : "0187d227898d8ec4587e6efc60a2c5f2d5cd2004_id" , "localCourseTitle" : "Reading 4B" , "schoolId" : "352e8570bd1116d11a72755b987902440045d346_id" , "courseId" : "b457c62d82c127aaf3cf302fcd1a5fa29cd49e14_id" , "id" : "433e9946c4eac67e9afbb7497ef63d7cc4aad33b_id" , "entityType" : "courseOffering"}
{ "localCourseCode" : "Pre-Algebra I" , "sessionId" : "f1f768e7ec6f9936b2414372dcb046a3bca7ad93_id" , "localCourseTitle" : "Pre-Algebra I" , "schoolId" : "772a61c687ee7ecd8e6d9ad3369f7883409f803b_id" , "courseId" : "bb2d5e8b3cfc6269c947d563499da67d65234e2e_id" , "id" : "a6c96dcc34fc021f685b6d082c7759b070731f93_id" , "entityType" : "courseOffering"}
{ "localCourseCode" : "Science 6A" , "sessionId" : "ba942e512de1fd5021a69a9d452b481c7512c1bd_id" , "localCourseTitle" : "Science 6A" , "schoolId" : "772a61c687ee7ecd8e6d9ad3369f7883409f803b_id" , "courseId" : "7828cc59336d20002ab0df2580d02cc25141fda7_id" , "id" : "feb5f633543598c54258406331a10600a0a63544_id" , "entityType" : "courseOffering"}
{ "localCourseCode" : "Track and Field" , "sessionId" : "5df92cbca7f9294bc26a4957785aa6b0077bd7b4_id" , "localCourseTitle" : "Track and Field" , "schoolId" : "a13489364c2eb015c219172d561c62350f0453f3_id" , "courseId" : "ac827c6aa74152a417acb4c2baa6d19ada17b671_id" , "id" : "bd54397124f3f724d9b9ab88722837ff7ecd3790_id" , "entityType" : "courseOffering"}
{ "localCourseCode" : "World History II-G6" , "sessionId" : "99c167a770dc83e2793680b6429649dedc4103c1_id" , "localCourseTitle" : "World History II-G6" , "schoolId" : "772a61c687ee7ecd8e6d9ad3369f7883409f803b_id" , "courseId" : "a8017f1fb5a3048537ae753565082f27ca6001b3_id" , "id" : "81770f012d380f4753c0986f3e76fa02c89e6df4_id" , "entityType" : "courseOffering"}
{ "localCourseCode" : "Science 4B" , "sessionId" : "0187d227898d8ec4587e6efc60a2c5f2d5cd2004_id" , "localCourseTitle" : "Science 4B" , "schoolId" : "352e8570bd1116d11a72755b987902440045d346_id" , "courseId" : "c76e6fd337545fdbf0d4baf7781f9e156fd12ef8_id" , "id" : "d50a741bd526bf38c61b263af18ec41a79ac015f_id" , "entityType" : "courseOffering"}
{ "localCourseCode" : "7th Grade English" , "sessionId" : "992dba93a065fdd6c736af98158905cfccd8c0e7_id" , "localCourseTitle" : "7th Grade English" , "schoolId" : "772a61c687ee7ecd8e6d9ad3369f7883409f803b_id" , "courseId" : "f26b8145de9a2705edb5f6721efb6e90d308ea11_id" , "id" : "812487fbbe233dcb92504916731aa4d095c460e2_id" , "entityType" : "courseOffering"}
{ "localCourseCode" : "Phys-Ed 8A" , "sessionId" : "f1f768e7ec6f9936b2414372dcb046a3bca7ad93_id" , "localCourseTitle" : "Phys-Ed 8A" , "schoolId" : "772a61c687ee7ecd8e6d9ad3369f7883409f803b_id" , "courseId" : "814cbf559d8ce180f35c6500f165f7d30da13abe_id" , "id" : "9c58b75eddbad652434d57f42626a9deec65ce57_id" , "entityType" : "courseOffering"}
{ "localCourseCode" : "English 9A ELL" , "sessionId" : "a809eac83494002f707100abcc6c6ad2c098d904_id" , "localCourseTitle" : "English 9A ELL" , "schoolId" : "a13489364c2eb015c219172d561c62350f0453f3_id" , "courseId" : "afb1d1b44be5207957f0d96f9746436f20310061_id" , "id" : "e054a6452ee2add693adb96f5f81c1d595216e03_id" , "entityType" : "courseOffering"}
{ "localCourseCode" : "Science 7A" , "sessionId" : "992dba93a065fdd6c736af98158905cfccd8c0e7_id" , "localCourseTitle" : "Science 7A" , "schoolId" : "772a61c687ee7ecd8e6d9ad3369f7883409f803b_id" , "courseId" : "0fae0c000f23d07581691d9dab5d47e9c2fc9aa9_id" , "id" : "938140ed6cfad64a5262970e65f6d1111e397053_id" , "entityType" : "courseOffering"}
{ "localCourseCode" : "Nutrition" , "sessionId" : "99c167a770dc83e2793680b6429649dedc4103c1_id" , "localCourseTitle" : "Nutrition" , "schoolId" : "772a61c687ee7ecd8e6d9ad3369f7883409f803b_id" , "courseId" : "7695f3625b3a46b98a003c419f54df5af8c29965_id" , "id" : "bbc892e895262b15fb3d0df6f93378ab64e69b1a_id" , "entityType" : "courseOffering"}
{ "localCourseCode" : "State History I-G7" , "sessionId" : "992dba93a065fdd6c736af98158905cfccd8c0e7_id" , "localCourseTitle" : "State History I-G7" , "schoolId" : "772a61c687ee7ecd8e6d9ad3369f7883409f803b_id" , "courseId" : "f6733123732a068606e3d4887ab3af56ce429c81_id" , "id" : "7de64065ff0b72548af98d29b239c9a8726692ff_id" , "entityType" : "courseOffering"}
{ "localCourseCode" : "1st Grade Homeroom" , "sessionId" : "e4ba29d8e954795b203da1fd285fc277b9dcb167_id" , "localCourseTitle" : "1st Grade Homeroom" , "schoolId" : "352e8570bd1116d11a72755b987902440045d346_id" , "courseId" : "594eb7e6200ed1e2081a7278ce70cd20a755a013_id" , "id" : "25ac256d8b44194f63bb0122c8b26798fab374f6_id" , "entityType" : "courseOffering"}
{ "localCourseCode" : "Environmental Studies II" , "sessionId" : "5df92cbca7f9294bc26a4957785aa6b0077bd7b4_id" , "localCourseTitle" : "Environmental Studies II" , "schoolId" : "a13489364c2eb015c219172d561c62350f0453f3_id" , "courseId" : "d494cb5a4272ef9fc1e0140af2ff628ecd371cae_id" , "id" : "7f0d0c26a7a374aa9b34c055b4da218f5d73ab4c_id" , "entityType" : "courseOffering"}
