{ "disciplineActionLength" : 74 , "disciplineIncidentId" : [ "950c9f3ec3c8866d10794a7c053d7745c80f6b91_id"] , "disciplineActionIdentifier" : "cap0-lea0-sch1-da0" , "staffId" : [ "3a780cebc8f98982f9b7a5d548fecff42ed8f2f1_id"] , "disciplineDate" : "2011-03-04" , "disciplineActionLengthDifferenceReason" : "Term Modified By Mutual Agreement" , "disciplines" : [ [ ] , [ ]] , "responsibilitySchoolId" : "a13489364c2eb015c219172d561c62350f0453f3_id" , "studentId" : [ "c53b9737c4a9ff3cedaf8cae5555c4979b305ce8_id" , "25369655c44d8d9346b356a75b8ac3552bb85e6e_id"] , "actualDisciplineActionLength" : 64 , "assignmentSchoolId" : "a13489364c2eb015c219172d561c62350f0453f3_id" , "id" : "70b8c1f4b77823bf5ede69389e13b0487f32e720_id" , "entityType" : "disciplineAction"}
{ "disciplineActionLength" : 74 , "disciplineIncidentId" : [ "71c6e7baacd2d0367a04c056fa365a468dead7b4_id"] , "disciplineActionIdentifier" : "cap0-lea0-sch1-da1" , "staffId" : [ "63d4be8a233db1fd14676f1535fa21fe4c5dd466_id"] , "disciplineDate" : "2011-04-04" , "disciplineActionLengthDifferenceReason" : "Term Modified By Mutual Agreement" , "disciplines" : [ [ ]] , "responsibilitySchoolId" : "a13489364c2eb015c219172d561c62350f0453f3_id" , "studentId" : [ "6b463aeb06e0ca9edd93a5de3fc6198ee494e219_id"] , "actualDisciplineActionLength" : 64 , "assignmentSchoolId" : "a13489364c2eb015c219172d561c62350f0453f3_id" , "id" : "9c4d62d9af758b3b7124836ffc75afd98a858c6b_id" , "entityType" : "disciplineAction"}
