{ "incidentLocation" : "On School" , "reporterDescription" : "Student" , "incidentDate" : "2011-02-01" , "incidentTime" : "15:23:02" , "staffId" : "72ceaa42bae51d1c066141f4874567fccc7e8fdc_id" , "incidentIdentifier" : "Disruption" , "behaviors" : [ [ { "codeValue" : "BEH01"}]] , "weapons" : [ "Club"] , "reportedToLawEnforcement" : false , "schoolId" : "a13489364c2eb015c219172d561c62350f0453f3_id" , "reporterName" : "Gold Finger" , "id" : "950c9f3ec3c8866d10794a7c053d7745c80f6b91_id" , "entityType" : "disciplineIncident"}
{ "incidentLocation" : "On School" , "reporterDescription" : "Staff" , "incidentDate" : "2011-09-06" , "incidentTime" : "10:22:00" , "staffId" : "72ceaa42bae51d1c066141f4874567fccc7e8fdc_id" , "incidentIdentifier" : "Tardiness" , "behaviors" : [ [ { "codeValue" : "BEH02"}]] , "schoolId" : "a13489364c2eb015c219172d561c62350f0453f3_id" , "reportedToLawEnforcement" : true , "reporterName" : "Charles Gray" , "id" : "71c6e7baacd2d0367a04c056fa365a468dead7b4_id" , "entityType" : "disciplineIncident"}
