{ "sectionId" : "84432d70656e1ab68df27cf2584282da351ab684_id" , "dateAssigned" : "2011-09-29" , "gradebookEntryType" : "Assignment" , "id" : "84432d70656e1ab68df27cf2584282da351ab684_id4553487da9d6c9d32211a570c8f2b3910e3b02a7_id" , "entityType" : "gradebookEntry"}
{ "sectionId" : "84432d70656e1ab68df27cf2584282da351ab684_id" , "dateAssigned" : "2011-09-15" , "gradebookEntryType" : "Assignment" , "id" : "84432d70656e1ab68df27cf2584282da351ab684_id7bfdc2ec3fedf28f8146513547c7ec97b2cc79b4_id" , "entityType" : "gradebookEntry"}
{ "sectionId" : "84432d70656e1ab68df27cf2584282da351ab684_id" , "dateAssigned" : "2011-10-13" , "gradebookEntryType" : "Quiz" , "id" : "84432d70656e1ab68df27cf2584282da351ab684_idf1c72bc23854c66cf52d426e8412414b86d2de6e_id" , "entityType" : "gradebookEntry"}
{ "sectionId" : "135963f2abd3320ae508546fbff31f37e10b949e_id" , "dateAssigned" : "2011-11-18" , "gradebookEntryType" : "Quiz" , "id" : "135963f2abd3320ae508546fbff31f37e10b949e_id495e41136f33782db654c16accd30ed325be84a9_id" , "entityType" : "gradebookEntry"}
{ "sectionId" : "135963f2abd3320ae508546fbff31f37e10b949e_id" , "dateAssigned" : "2011-11-04" , "gradebookEntryType" : "Assignment" , "id" : "135963f2abd3320ae508546fbff31f37e10b949e_ide9add8e4ac3753fbb70d39d0909026ac852d3305_id" , "entityType" : "gradebookEntry"}
{ "sectionId" : "135963f2abd3320ae508546fbff31f37e10b949e_id" , "dateAssigned" : "2011-10-27" , "gradebookEntryType" : "Quiz" , "id" : "135963f2abd3320ae508546fbff31f37e10b949e_idee40767eab0138d7442243e3cf7701cdb9aa92fd_id" , "entityType" : "gradebookEntry"}
{ "sectionId" : "135963f2abd3320ae508546fbff31f37e10b949e_id" , "dateAssigned" : "2011-10-13" , "gradebookEntryType" : "Unit test" , "id" : "135963f2abd3320ae508546fbff31f37e10b949e_idbbfd4364e569b963aa25dbe015c5f09db96342cb_id" , "entityType" : "gradebookEntry"}
{ "gradingPeriodId" : "88df66ab834443555917258f43b4c0fa3e868245_id" , "sectionId" : "135963f2abd3320ae508546fbff31f37e10b949e_id" , "dateAssigned" : "2011-09-29" , "gradebookEntryType" : "Assignment" , "learningObjectives" : [ "8d2c35bd50154e7da93e6388078da52893af9f15_id"] , "id" : "135963f2abd3320ae508546fbff31f37e10b949e_id88cb14f9fbf459281d79c7c0561d6d9542989e02_id" , "entityType" : "gradebookEntry"}
{ "sectionId" : "135963f2abd3320ae508546fbff31f37e10b949e_id" , "dateAssigned" : "2011-09-27" , "gradebookEntryType" : "Assignment" , "id" : "135963f2abd3320ae508546fbff31f37e10b949e_id322ca85d4aae6b677a0de4bb458e7d8b747ce058_id" , "entityType" : "gradebookEntry"}
{ "sectionId" : "5326d70c0ce217608b0bf4d2c512a51b921d03a9_id" , "dateAssigned" : "2011-10-13" , "gradebookEntryType" : "Assignment" , "id" : "5326d70c0ce217608b0bf4d2c512a51b921d03a9_id9f0677b244ca221ec962904410a0e88c5b408716_id" , "entityType" : "gradebookEntry"}
{ "sectionId" : "5326d70c0ce217608b0bf4d2c512a51b921d03a9_id" , "dateAssigned" : "2011-09-15" , "gradebookEntryType" : "Assignment" , "id" : "5326d70c0ce217608b0bf4d2c512a51b921d03a9_ide27d76b6d8963820661ebe8ff234796ec2b709c3_id" , "entityType" : "gradebookEntry"}
{ "sectionId" : "5326d70c0ce217608b0bf4d2c512a51b921d03a9_id" , "dateAssigned" : "2011-10-27" , "gradebookEntryType" : "Assignment" , "id" : "5326d70c0ce217608b0bf4d2c512a51b921d03a9_ide61b5abcd333dd68dd747b5f8f915af211777d33_id" , "entityType" : "gradebookEntry"}
{ "sectionId" : "5326d70c0ce217608b0bf4d2c512a51b921d03a9_id" , "dateAssigned" : "2011-09-29" , "gradebookEntryType" : "Assignment" , "id" : "5326d70c0ce217608b0bf4d2c512a51b921d03a9_id658b7c02a9205cb65fa98f8bc45c8dab63b95fe6_id" , "entityType" : "gradebookEntry"}
