{ "schoolYear" : "2010-2011" , "gradingPeriodId" : "c29dd49f05474ddc05a21a9bce9cb452ea783a98_id" , "studentSectionAssociationId" : "9a0c4a206bf607abc2dd4786ebc1e8506311c618_id0f19e00fb76657b9407c2281e4ef975391c7b82d_id" , "letterGradeEarned" : "B" , "sectionId" : "9a0c4a206bf607abc2dd4786ebc1e8506311c618_id" , "studentId" : "92a33cae13e838176dbea9ca8b8c354d7420eaa8_id" , "gradeType" : "Final" , "id" : "f01431b558950da525dfa112320ca46b0809d216_id" , "entityType" : "grade"}
{ "schoolYear" : "2010-2011" , "gradingPeriodId" : "51cb091a11fa7a32e3cda1e5ce68128b875cd3b8_id" , "studentSectionAssociationId" : "5593b94891e8ba3f7005993e3847df6aaaa3a064_id1cfd6c616883288c8e184b7aa84e83be98a51375_id" , "letterGradeEarned" : "B" , "sectionId" : "5593b94891e8ba3f7005993e3847df6aaaa3a064_id" , "studentId" : "067198fd6da91e1aa8d67e28e850f224d6851713_id" , "gradeType" : "Mid-Term Grade" , "id" : "d03ea2f4c4dcc69046530ec48891323507ab755e_id" , "entityType" : "grade"}
{ "schoolYear" : "2010-2011" , "gradingPeriodId" : "c29dd49f05474ddc05a21a9bce9cb452ea783a98_id" , "studentSectionAssociationId" : "5593b94891e8ba3f7005993e3847df6aaaa3a064_id199514e812ed873cc45f1126620c71fa1babd316_id" , "letterGradeEarned" : "B+" , "sectionId" : "5593b94891e8ba3f7005993e3847df6aaaa3a064_id" , "studentId" : "067198fd6da91e1aa8d67e28e850f224d6851713_id" , "gradeType" : "Final" , "id" : "6b024f0c5e85c6acbe10bec0f7d441236a1c56b1_id" , "entityType" : "grade"}
{ "schoolYear" : "2011-2012" , "gradingPeriodId" : "51cb091a11fa7a32e3cda1e5ce68128b875cd3b8_id" , "studentSectionAssociationId" : "9a0c4a206bf607abc2dd4786ebc1e8506311c618_id5cd63b8dd94e74d07b1c22d4d88f84bff419c5fe_id" , "letterGradeEarned" : "B-" , "sectionId" : "9a0c4a206bf607abc2dd4786ebc1e8506311c618_id" , "studentId" : "92a33cae13e838176dbea9ca8b8c354d7420eaa8_id" , "gradeType" : "Mid-Term Grade" , "id" : "3f8df929951a9ea94709be3aeef49a91c5addea9_id" , "entityType" : "grade"}
{ "schoolYear" : "2011-2012" , "gradingPeriodId" : "51cb091a11fa7a32e3cda1e5ce68128b875cd3b8_id" , "studentSectionAssociationId" : "5593b94891e8ba3f7005993e3847df6aaaa3a064_idc377c9c4b343dda726e837f442a171c570a460cd_id" , "letterGradeEarned" : "U" , "sectionId" : "5593b94891e8ba3f7005993e3847df6aaaa3a064_id" , "studentId" : "067198fd6da91e1aa8d67e28e850f224d6851713_id" , "gradeType" : "Mid-Term Grade" , "id" : "058750f006993539165ea75710fac72e3f7f30c6_id" , "entityType" : "grade"}
