{ "creditsBySubject" : [ { "subjectArea" : "English Language and Literature" , "credits" : { "creditConversion" : 0.0 , "creditType" : "Semester hour credit" , "credit" : 6.0}} , { "subjectArea" : "Mathematics" , "credits" : { "creditConversion" : 0.0 , "creditType" : "Semester hour credit" , "credit" : 4.0}} , { "subjectArea" : "Social Studies" , "credits" : { "creditConversion" : 0.0 , "creditType" : "Semester hour credit" , "credit" : 4.0}} , { "subjectArea" : "Science" , "credits" : { "creditConversion" : 0.0 , "creditType" : "Semester hour credit" , "credit" : 2.0}} , { "subjectArea" : "Physical, Health, and Safety Education" , "credits" : { "creditConversion" : 0.0 , "creditType" : "Semester hour credit" , "credit" : 4.0}} , { "subjectArea" : "Foreign Language and Literature" , "credits" : { "creditConversion" : 0.0 , "creditType" : "Semester hour credit" , "credit" : 2.0}} , { "subjectArea" : "Fine and Performing Arts" , "credits" : { "creditConversion" : 0.0 , "creditType" : "Semester hour credit" , "credit" : 2.0}}] , "individualPlan" : false , "graduationPlanType" : "Minimum" , "educationOrganizationId" : "1b223f577827204a1c7e9c851dba06bea6b031fe_id" , "totalCreditsRequired" : { "creditConversion" : 0.0 , "creditType" : "Semester hour credit" , "credit" : 32.0} , "id" : "7f5c42b2ff7edf0bfa0b877eab43df47985cd99c_id" , "entityType" : "graduationPlan"}
{ "creditsBySubject" : [ { "subjectArea" : "English Language and Literature" , "credits" : { "creditConversion" : 0.0 , "creditType" : "Semester hour credit" , "credit" : 8.0}} , { "subjectArea" : "Mathematics" , "credits" : { "creditConversion" : 0.0 , "creditType" : "Semester hour credit" , "credit" : 8.0}} , { "subjectArea" : "Social Studies" , "credits" : { "creditConversion" : 0.0 , "creditType" : "Semester hour credit" , "credit" : 6.0}} , { "subjectArea" : "Science" , "credits" : { "creditConversion" : 0.0 , "creditType" : "Semester hour credit" , "credit" : 6.0}} , { "subjectArea" : "Physical, Health, and Safety Education" , "credits" : { "creditConversion" : 0.0 , "creditType" : "Semester hour credit" , "credit" : 4.0}} , { "subjectArea" : "Foreign Language and Literature" , "credits" : { "creditConversion" : 0.0 , "creditType" : "Semester hour credit" , "credit" : 4.0}} , { "subjectArea" : "Fine and Performing Arts" , "credits" : { "creditConversion" : 0.0 , "creditType" : "Semester hour credit" , "credit" : 4.0}}] , "individualPlan" : false , "graduationPlanType" : "Distinguished" , "educationOrganizationId" : "1b223f577827204a1c7e9c851dba06bea6b031fe_id" , "totalCreditsRequired" : { "creditConversion" : 0.0 , "creditType" : "Semester hour credit" , "credit" : 48.0} , "id" : "1af13424ea3a179e716468ff760255878ce20ec7_id" , "entityType" : "graduationPlan"}
{ "creditsBySubject" : [ { "subjectArea" : "English Language and Literature" , "credits" : { "creditConversion" : 0.0 , "creditType" : "Semester hour credit" , "credit" : 6.0}} , { "subjectArea" : "Mathematics" , "credits" : { "creditConversion" : 0.0 , "creditType" : "Semester hour credit" , "credit" : 6.0}} , { "subjectArea" : "Social Studies" , "credits" : { "creditConversion" : 0.0 , "creditType" : "Semester hour credit" , "credit" : 4.0}} , { "subjectArea" : "Science" , "credits" : { "creditConversion" : 0.0 , "creditType" : "Semester hour credit" , "credit" : 4.0}} , { "subjectArea" : "Physical, Health, and Safety Education" , "credits" : { "creditConversion" : 0.0 , "creditType" : "Semester hour credit" , "credit" : 4.0}} , { "subjectArea" : "Foreign Language and Literature" , "credits" : { "creditConversion" : 0.0 , "creditType" : "Semester hour credit" , "credit" : 2.0}} , { "subjectArea" : "Fine and Performing Arts" , "credits" : { "creditConversion" : 0.0 , "creditType" : "Semester hour credit" , "credit" : 4.0}}] , "individualPlan" : false , "graduationPlanType" : "Standard" , "educationOrganizationId" : "1b223f577827204a1c7e9c851dba06bea6b031fe_id" , "totalCreditsRequired" : { "creditConversion" : 0.0 , "creditType" : "Semester hour credit" , "credit" : 40.0} , "id" : "f20e099827e981cf7dfea528ee71df12c9e3da52_id" , "entityType" : "graduationPlan"}
{ "creditsBySubject" : [ { "subjectArea" : "English Language and Literature" , "credits" : { "creditConversion" : 0.0 , "creditType" : "Semester hour credit" , "credit" : 6.0}} , { "subjectArea" : "Mathematics" , "credits" : { "creditConversion" : 0.0 , "creditType" : "Semester hour credit" , "credit" : 4.0}} , { "subjectArea" : "Social Studies" , "credits" : { "creditConversion" : 0.0 , "creditType" : "Semester hour credit" , "credit" : 4.0}} , { "subjectArea" : "Science" , "credits" : { "creditConversion" : 0.0 , "creditType" : "Semester hour credit" , "credit" : 2.0}} , { "subjectArea" : "Physical, Health, and Safety Education" , "credits" : { "creditConversion" : 0.0 , "creditType" : "Semester hour credit" , "credit" : 4.0}} , { "subjectArea" : "Foreign Language and Literature" , "credits" : { "creditConversion" : 0.0 , "creditType" : "Semester hour credit" , "credit" : 2.0}} , { "subjectArea" : "Fine and Performing Arts" , "credits" : { "creditConversion" : 0.0 , "creditType" : "Semester hour credit" , "credit" : 2.0}}] , "individualPlan" : false , "graduationPlanType" : "Minimum" , "totalCreditsRequired" : { "creditConversion" : 0.0 , "creditType" : "Semester hour credit" , "credit" : 32.0} , "id" : "26849264faf4eb7080720ed9d84fe14b21e4a5e0_id" , "entityType" : "graduationPlan"}
