{ "identificationCode" : "ACT-English-Usage" , "assessmentId" : "d50118aaad960b54a8b2afc7268d01d13842cb58_id" , "maxRawScore" : 18 , "id" : "d50118aaad960b54a8b2afc7268d01d13842cb58_id218fd38829a20e8c819f3bcf60d50fe028f90720_id" , "entityType" : "objectiveAssessment"}
{ "identificationCode" : "ACT-Math-Plane-Geometry" , "assessmentId" : "d50118aaad960b54a8b2afc7268d01d13842cb58_id" , "maxRawScore" : 18 , "id" : "d50118aaad960b54a8b2afc7268d01d13842cb58_id21e0957a6412e6988740ded38df73223839f818d_id" , "entityType" : "objectiveAssessment"}
{ "identificationCode" : "ACT-English-Rhetorical" , "assessmentId" : "d50118aaad960b54a8b2afc7268d01d13842cb58_id" , "maxRawScore" : 18 , "id" : "d50118aaad960b54a8b2afc7268d01d13842cb58_id5c4471fadb51cd0424106174934121a03b70db23_id" , "entityType" : "objectiveAssessment"}
{ "identificationCode" : "ACT-Reading-Arts" , "assessmentId" : "d50118aaad960b54a8b2afc7268d01d13842cb58_id" , "maxRawScore" : 18 , "id" : "d50118aaad960b54a8b2afc7268d01d13842cb58_id8102d048b5404029b5081e581724b16f821735fe_id" , "entityType" : "objectiveAssessment"}
{ "identificationCode" : "ACT-Math-Algebra" , "assessmentId" : "d50118aaad960b54a8b2afc7268d01d13842cb58_id" , "maxRawScore" : 18 , "id" : "d50118aaad960b54a8b2afc7268d01d13842cb58_id5250cf5de58196f3367c4b84b8deb2dcbf5df077_id" , "entityType" : "objectiveAssessment"}
{ "subObjectiveAssessment" : [ "ACT-English-Usage" , "ACT-English-Rhetorical"] , "identificationCode" : "ACT-English" , "assessmentId" : "d50118aaad960b54a8b2afc7268d01d13842cb58_id" , "maxRawScore" : 36 , "id" : "d50118aaad960b54a8b2afc7268d01d13842cb58_id482743e46032284fc880ec785f8a4a9db16bafc3_id" , "entityType" : "objectiveAssessment"}
{ "identificationCode" : "ACT-Science" , "assessmentId" : "d50118aaad960b54a8b2afc7268d01d13842cb58_id" , "maxRawScore" : 36 , "id" : "d50118aaad960b54a8b2afc7268d01d13842cb58_id5cb3961e69d1b43104d13bd20a1b0882483bcc87_id" , "entityType" : "objectiveAssessment"}
{ "subObjectiveAssessment" : [ "ACT-Math-Pre-Algebra" , "ACT-Math-Algebra" , "ACT-Math-Plane-Geometry"] , "identificationCode" : "ACT-Mathematics" , "assessmentId" : "d50118aaad960b54a8b2afc7268d01d13842cb58_id" , "maxRawScore" : 36 , "id" : "d50118aaad960b54a8b2afc7268d01d13842cb58_id2cc10eb3dfb8b067c9f3233bf725bfa517c93180_id" , "entityType" : "objectiveAssessment"}
{ "subObjectiveAssessment" : [ "ACT-Reading-SocialStudies" , "ACT-Reading-Arts"] , "identificationCode" : "ACT-Reading" , "assessmentId" : "d50118aaad960b54a8b2afc7268d01d13842cb58_id" , "learningObjectives" : [ "7cad1e4eae9c2b91f1e7fe963ee6144e83afe917_id"] , "maxRawScore" : 36 , "id" : "d50118aaad960b54a8b2afc7268d01d13842cb58_idb24f7dcad97444d074bfade77bd78a643456f488_id" , "entityType" : "objectiveAssessment"}
{ "subObjectiveAssessment" : [ "ACT-Reading-Arts"] , "identificationCode" : "ACT-Reading-SocialStudies" , "assessmentId" : "d50118aaad960b54a8b2afc7268d01d13842cb58_id" , "maxRawScore" : 18 , "id" : "d50118aaad960b54a8b2afc7268d01d13842cb58_id245b5e5e1cd144140014124b83fea309012b7965_id" , "entityType" : "objectiveAssessment"}
{ "identificationCode" : "ACT-Math-Pre-Algebra" , "assessmentId" : "d50118aaad960b54a8b2afc7268d01d13842cb58_id" , "maxRawScore" : 18 , "id" : "d50118aaad960b54a8b2afc7268d01d13842cb58_id15b1102ea568f121b866a06ccd1c00357aa1fb2b_id" , "entityType" : "objectiveAssessment"}
{ "identificationCode" : "ACT-Writing" , "assessmentId" : "d50118aaad960b54a8b2afc7268d01d13842cb58_id" , "maxRawScore" : 12 , "id" : "d50118aaad960b54a8b2afc7268d01d13842cb58_id50a21b851576ad983c69121795317112e0ee92f5_id" , "entityType" : "objectiveAssessment"}
