{ "id" : "19213a53e05dfab50b1c202bc78ce9d49b833048_id" , "sex" : "Female" , "address" : [ { "apartmentRoomSuiteNumber" : "Apt 9B" , "streetNumberName" : "34 Northshore Ave" , "postalCode" : "75229" , "stateAbbreviation" : "IL" , "city" : "Daybreak"}] , "name" : { "lastSurname" : "Troung" , "personalTitlePrefix" : "Dr" , "firstName" : "Ti"} , "electronicMail" : [ { "emailAddress" : "ti.troung@gmail.com" , "emailAddressType" : "Home/Personal"} , { "emailAddress" : "ti.troung@unicef.org" , "emailAddressType" : "Work"} , { "emailAddress" : "ti.troung@yahoo.com"}] , "entityType" : "parent" , "parentUniqueStateId" : "6473283635" , "telephone" : [ { "primaryTelephoneNumberIndicator" : true , "telephoneNumber" : "3095550000" , "telephoneNumberType" : "Home"} , { "telephoneNumber" : "3095555341" , "telephoneNumberType" : "Other"}]}
{ "id" : "93616529c9acb1f9a5a88b8bf735d8a4277d6f08_id" , "sex" : "Male" , "address" : [ { "apartmentRoomSuiteNumber" : "Ste 200" , "streetNumberName" : "18 East Main Street" , "postalCode" : "75229" , "stateAbbreviation" : "IL" , "addressType" : "Work" , "city" : "Daybreak"}] , "name" : { "lastSurname" : "Smith" , "personalTitlePrefix" : "Dr" , "firstName" : "Aaron"} , "electronicMail" : [ { "emailAddress" : "a.smith@acs.daybreak.gov"}] , "entityType" : "parent" , "parentUniqueStateId" : "9878863645" , "telephone" : [ { "primaryTelephoneNumberIndicator" : true , "telephoneNumber" : "3095550000" , "telephoneNumberType" : "Work"}]}
{ "id" : "aae71d23ffacfef68aa2eaa357c7259445daa0fe_id" , "sex" : "Male" , "address" : [ { "apartmentRoomSuiteNumber" : "A11" , "streetNumberName" : "82 EastCrest St" , "postalCode" : "75229" , "stateAbbreviation" : "IL" , "city" : "Daybreak"}] , "name" : { "lastSurname" : "Sollars" , "firstName" : "Matthew"} , "electronicMail" : [ { "emailAddress" : "m.sollars@aol.com"}] , "entityType" : "parent" , "parentUniqueStateId" : "3597672174" , "telephone" : [ { "primaryTelephoneNumberIndicator" : true , "telephoneNumber" : "3095550000"}]}
{ "id" : "56f4f0ea60923de1474a45519790496b42228050_id" , "sex" : "Female" , "address" : [ { "streetNumberName" : "34 Eastside Ave" , "postalCode" : "75229" , "stateAbbreviation" : "IL" , "buildingSiteNumber" : "245" , "city" : "Daybreak"}] , "name" : { "lastSurname" : "Jones" , "firstName" : "Marsha"} , "electronicMail" : [ ] , "entityType" : "parent" , "parentUniqueStateId" : "2497287214" , "telephone" : [ { "primaryTelephoneNumberIndicator" : true , "telephoneNumber" : "3095550000" , "telephoneNumberType" : "Home"} , { "telephoneNumber" : "3095550001"}]}
{ "id" : "2065bdf7673c3c4a787b788774308bcf3d394413_id" , "sex" : "Male" , "address" : [ { "nameOfCounty" : "France" , "streetNumberName" : "23 Rue Lecourbe" , "postalCode" : "75229" , "stateAbbreviation" : "IL" , "city" : "Paris"}] , "name" : { "lastSurname" : "L�" , "personalTitlePrefix" : "Mr" , "firstName" : "Richard"} , "electronicMail" : [ ] , "entityType" : "parent" , "parentUniqueStateId" : "9870036500" , "telephone" : [ { "telephoneNumber" : "+33 (1) 45.23.35.48.12"}]}
{ "id" : "f22a35e4a561542c11c242e341b88c64eac0e19f_id" , "sex" : "Female" , "address" : [ ] , "name" : { "lastSurname" : "Sollars-Jones" , "firstName" : "Marsha"} , "electronicMail" : [ ] , "entityType" : "parent" , "parentUniqueStateId" : "7427811661" , "telephone" : [ ]}
{ "id" : "f73545b565d003abdea3ad9254261091fa3a5430_id" , "sex" : "Male" , "address" : [ { "streetNumberName" : "213 Central Ave" , "postalCode" : "75229" , "stateAbbreviation" : "IL" , "city" : "Daybreak"}] , "name" : { "lastSurname" : "Ortiz" , "firstName" : "Ignatio"} , "electronicMail" : [ { "emailAddress" : "c.ortiz@gmail.com" , "emailAddressType" : "Home/Personal"}] , "entityType" : "parent" , "parentUniqueStateId" : "0798132464" , "telephone" : [ { "primaryTelephoneNumberIndicator" : true , "telephoneNumber" : "3095550001" , "telephoneNumberType" : "Home"} , { "telephoneNumber" : "3095550002" , "telephoneNumberType" : "Other"} , { "telephoneNumber" : "3095550003" , "telephoneNumberType" : "Mobile"} , { "telephoneNumber" : "3095550004" , "telephoneNumberType" : "Work"}]}
{ "id" : "84dec029c2daa56184a8dd753a13ce4a17d0c8c7_id" , "sex" : "Female" , "address" : [ ] , "name" : { "lastSurname" : "Ortiz" , "firstName" : "Felizia"} , "electronicMail" : [ ] , "entityType" : "parent" , "parentUniqueStateId" : "0798132465" , "telephone" : [ { "telephoneNumber" : "3095550000" , "telephoneNumberType" : "Work"}]}
{ "id" : "d0062295d13fd7a412375766eee235308b867ee9_id" , "sex" : "Male" , "address" : [ ] , "name" : { "lastSurname" : "Terrance" , "personalTitlePrefix" : "Reverend" , "firstName" : "Peter"} , "electronicMail" : [ ] , "entityType" : "parent" , "parentUniqueStateId" : "5713667332" , "telephone" : [ { "telephoneNumber" : "3095550000" , "telephoneNumberType" : "Work"}]}
