{ "services" : [ [ { "codeValue" : "Test service 2"}]] , "programId" : "ACC-TEST-PROG-2" , "programSponsor" : "Local Education Agency" , "programType" : "Remedial Education" , "id" : "983dd657325009aefa88a234fa18bdb1e11c82a8_id" , "entityType" : "program"}
{ "services" : [ [ { "codeValue" : "Test service 1"}]] , "programId" : "ACC-TEST-PROG-1" , "programSponsor" : "State Education Agency" , "programType" : "Regular Education" , "id" : "a50802f02c7e771d979f7d5b3870c500014e6803_id" , "entityType" : "program"}
