{ "schoolCategories" : [ "High School"] , "gradesOffered" : [ "Ninth grade" , "Tenth grade" , "Eleventh grade" , "Twelfth grade"] , "organizationCategories" : [ "School"] , "address" : [ { "nameOfCounty" : "Wake" , "streetNumberName" : "111 Ave C" , "postalCode" : "10098" , "stateAbbreviation" : "IL" , "addressType" : "Physical" , "city" : "Chicago"}] , "educationOrgIdentificationCode" : [ { "identificationSystem" : "School" , "ID" : "Daybreak Central High"}] , "parentEducationAgencyReference" : "1b223f577827204a1c7e9c851dba06bea6b031fe_id" , "stateOrganizationId" : "Daybreak Central High" , "telephone" : [ { "institutionTelephoneNumberType" : "Main" , "telephoneNumber" : "(917)-555-0216"}] , "nameOfInstitution" : "Daybreak Central High" , "id" : "a13489364c2eb015c219172d561c62350f0453f3_id" , "entityType" : "school"}
{ "schoolCategories" : [ "Junior High School"] , "gradesOffered" : [ "Sixth grade" , "Seventh grade" , "Eighth grade"] , "organizationCategories" : [ "School"] , "address" : [ { "nameOfCounty" : "Wake" , "streetNumberName" : "111 Ave B" , "postalCode" : "10112" , "stateAbbreviation" : "IL" , "addressType" : "Physical" , "city" : "Chicago"}] , "educationOrgIdentificationCode" : [ { "identificationSystem" : "School" , "ID" : "East Daybreak Junior High"}] , "parentEducationAgencyReference" : "1b223f577827204a1c7e9c851dba06bea6b031fe_id" , "stateOrganizationId" : "East Daybreak Junior High" , "telephone" : [ { "institutionTelephoneNumberType" : "Main" , "telephoneNumber" : "(917)-555-3312"}] , "nameOfInstitution" : "East Daybreak Junior High" , "id" : "772a61c687ee7ecd8e6d9ad3369f7883409f803b_id" , "entityType" : "school"}
{ "schoolCategories" : [ "Elementary School"] , "gradesOffered" : [ "Kindergarten" , "First grade" , "Second grade" , "Third grade" , "Fourth grade" , "Fifth grade"] , "organizationCategories" : [ "School"] , "address" : [ { "nameOfCounty" : "Wake" , "streetNumberName" : "111 Ave A" , "postalCode" : "11011" , "stateAbbreviation" : "IL" , "addressType" : "Physical" , "city" : "Chicago"}] , "educationOrgIdentificationCode" : [ { "identificationSystem" : "School" , "ID" : "South Daybreak Elementary"}] , "parentEducationAgencyReference" : "1b223f577827204a1c7e9c851dba06bea6b031fe_id" , "stateOrganizationId" : "South Daybreak Elementary" , "programReference" : [ "a50802f02c7e771d979f7d5b3870c500014e6803_id"] , "telephone" : [ { "institutionTelephoneNumberType" : "Main" , "telephoneNumber" : "(917)-555-0212"}] , "nameOfInstitution" : "South Daybreak Elementary" , "id" : "352e8570bd1116d11a72755b987902440045d346_id" , "entityType" : "school"}
