{ "educationalEnvironment" : "Classroom" , "sessionId" : "992dba93a065fdd6c736af98158905cfccd8c0e7_id" , "courseOfferingId" : "938140ed6cfad64a5262970e65f6d1111e397053_id" , "populationServed" : "Regular Students" , "sequenceOfCourse" : 3 , "mediumOfInstruction" : "Independent study" , "uniqueSectionCode" : "Science 7A - Sec 5f10" , "schoolId" : "772a61c687ee7ecd8e6d9ad3369f7883409f803b_id" , "id" : "9c3bfdbc08f25bde11130bb90608cf707571dfcb_id" , "entityType" : "section"}
{ "educationalEnvironment" : "Classroom" , "sessionId" : "0187d227898d8ec4587e6efc60a2c5f2d5cd2004_id" , "courseOfferingId" : "8d6c5e19b726c6885a2f90cc49b97dd853eca3d8_id" , "populationServed" : "Regular Students" , "sequenceOfCourse" : 3 , "mediumOfInstruction" : "Independent study" , "uniqueSectionCode" : "Phys-Ed 4B - Sec 5s08" , "schoolId" : "352e8570bd1116d11a72755b987902440045d346_id" , "id" : "dc24c6ee9bdace9d603f6c4f2b2b33fbcb5bd253_id" , "entityType" : "section"}
{ "educationalEnvironment" : "Classroom" , "sessionId" : "f1f768e7ec6f9936b2414372dcb046a3bca7ad93_id" , "courseOfferingId" : "91e7de92d4343fd604d473df7c8915d63067786b_id" , "populationServed" : "Regular Students" , "sequenceOfCourse" : 3 , "mediumOfInstruction" : "Independent study" , "uniqueSectionCode" : "U.S. History I - Sec 6f08" , "schoolId" : "772a61c687ee7ecd8e6d9ad3369f7883409f803b_id" , "id" : "bf7a3831cb37cd6c212eb7a842bf7c43fd520ac3_id" , "entityType" : "section"}
{ "educationalEnvironment" : "Classroom" , "sessionId" : "a2f899c4b31e2dc11a5a5ab202d4590bb0a33c8b_id" , "courseOfferingId" : "fee52ec62018d167371308be20b8a9096a6b2410_id" , "populationServed" : "Regular Students" , "sequenceOfCourse" : 3 , "mediumOfInstruction" : "Independent study" , "uniqueSectionCode" : "ELA 8B - Sec 6s09" , "schoolId" : "772a61c687ee7ecd8e6d9ad3369f7883409f803b_id" , "id" : "b653fd937c66b23cd3449d235a627da4531ade7b_id" , "entityType" : "section"}
{ "educationalEnvironment" : "Classroom" , "sessionId" : "2e288a40770e4fab3f222d81c7a54ea66cdcefff_id" , "courseOfferingId" : "9c566c170c6478cafaf512640b91fc1d6bd99e4a_id" , "populationServed" : "Regular Students" , "sequenceOfCourse" : 3 , "mediumOfInstruction" : "Independent study" , "uniqueSectionCode" : "Science 5A - Sec 5f08" , "schoolId" : "352e8570bd1116d11a72755b987902440045d346_id" , "id" : "bd716208ea56114a49a688c142c7f1650fcd7686_id" , "entityType" : "section"}
{ "educationalEnvironment" : "Classroom" , "sessionId" : "1e217f65c48cda4f5009cb1518cb33ddd51637e0_id" , "courseOfferingId" : "9f304296b5b4249bd9efe399986f9c3ced510a42_id" , "populationServed" : "Regular Students" , "sequenceOfCourse" : 3 , "mediumOfInstruction" : "Independent study" , "uniqueSectionCode" : "Phys-Ed 4A - Sec 5f07" , "schoolId" : "352e8570bd1116d11a72755b987902440045d346_id" , "id" : "445c3a82957a96bc42f5cd1382729150d72048b1_id" , "entityType" : "section"}
{ "educationalEnvironment" : "Classroom" , "sessionId" : "0187d227898d8ec4587e6efc60a2c5f2d5cd2004_id" , "courseOfferingId" : "dada25a9432ac45c010ec90d7aaa983bd2dbf1b6_id" , "populationServed" : "Regular Students" , "sequenceOfCourse" : 3 , "mediumOfInstruction" : "Independent study" , "uniqueSectionCode" : "Math 4B - Sec 5s08" , "schoolId" : "352e8570bd1116d11a72755b987902440045d346_id" , "id" : "0b913fa6da4db6e533df2ed70db4487cc6a77069_id" , "entityType" : "section"}
{ "educationalEnvironment" : "Classroom" , "sessionId" : "f1f768e7ec6f9936b2414372dcb046a3bca7ad93_id" , "courseOfferingId" : "054525bdf7e0f2db446b4952200a485aa7e39880_id" , "populationServed" : "Regular Students" , "sequenceOfCourse" : 3 , "mediumOfInstruction" : "Independent study" , "uniqueSectionCode" : "Science 8A - Sec 6f08" , "schoolId" : "772a61c687ee7ecd8e6d9ad3369f7883409f803b_id" , "id" : "0b434fe390edc64cc27267ca02ef29ee40f8a6a4_id" , "entityType" : "section"}
{ "educationalEnvironment" : "Classroom" , "sessionId" : "992dba93a065fdd6c736af98158905cfccd8c0e7_id" , "courseOfferingId" : "7de64065ff0b72548af98d29b239c9a8726692ff_id" , "populationServed" : "Regular Students" , "sequenceOfCourse" : 3 , "mediumOfInstruction" : "Independent study" , "uniqueSectionCode" : "State History I - Sec 5f10" , "schoolId" : "772a61c687ee7ecd8e6d9ad3369f7883409f803b_id" , "id" : "a13cacc5b6dcf657ec962f84aef0751e0b8dc164_id" , "entityType" : "section"}
{ "educationalEnvironment" : "Classroom" , "sessionId" : "99c167a770dc83e2793680b6429649dedc4103c1_id" , "courseOfferingId" : "23accf43fe63a13afa8e51a62bacce76e1e9efed_id" , "populationServed" : "Regular Students" , "sequenceOfCourse" : 3 , "mediumOfInstruction" : "Independent study" , "uniqueSectionCode" : "Science 6B - Sec 5s10" , "schoolId" : "772a61c687ee7ecd8e6d9ad3369f7883409f803b_id" , "id" : "d78a7a9a31862b99728a5be8f663278160b0ca53_id" , "entityType" : "section"}
{ "educationalEnvironment" : "Classroom" , "sessionId" : "f1f768e7ec6f9936b2414372dcb046a3bca7ad93_id" , "courseOfferingId" : "6622b9c720adeaba2d286bdf3b727da61dd59c0c_id" , "populationServed" : "Regular Students" , "sequenceOfCourse" : 3 , "mediumOfInstruction" : "Independent study" , "uniqueSectionCode" : "Choir - Sec 6f08" , "schoolId" : "772a61c687ee7ecd8e6d9ad3369f7883409f803b_id" , "id" : "e455c9aeea89af408566527a247e218ac28718f1_id" , "entityType" : "section"}
{ "educationalEnvironment" : "Classroom" , "sessionId" : "ba942e512de1fd5021a69a9d452b481c7512c1bd_id" , "courseOfferingId" : "0642a6ed2d77640ed3013480e1d6a22e8b6963b0_id" , "populationServed" : "Regular Students" , "sequenceOfCourse" : 3 , "mediumOfInstruction" : "Independent study" , "uniqueSectionCode" : "Math 6A - Sec 5f09" , "schoolId" : "772a61c687ee7ecd8e6d9ad3369f7883409f803b_id" , "id" : "50a36244b2bece205e05ca2f739257d51bf78e19_id" , "entityType" : "section"}
{ "educationalEnvironment" : "Classroom" , "sessionId" : "2e288a40770e4fab3f222d81c7a54ea66cdcefff_id" , "courseOfferingId" : "c4b23d73a6c23faecae464bbba6237db653733b6_id" , "populationServed" : "Regular Students" , "sequenceOfCourse" : 3 , "mediumOfInstruction" : "Independent study" , "uniqueSectionCode" : "Writing 5A - Sec 5f08" , "schoolId" : "352e8570bd1116d11a72755b987902440045d346_id" , "id" : "b795cdb551207878805b677c0be3194b678bf9bd_id" , "entityType" : "section"}
{ "educationalEnvironment" : "Classroom" , "sessionId" : "a2f899c4b31e2dc11a5a5ab202d4590bb0a33c8b_id" , "courseOfferingId" : "0f6fe774d459475b7a355c4b71b37cf568d59865_id" , "populationServed" : "Regular Students" , "sequenceOfCourse" : 3 , "mediumOfInstruction" : "Independent study" , "uniqueSectionCode" : "Science 8B - Sec 6s09" , "schoolId" : "772a61c687ee7ecd8e6d9ad3369f7883409f803b_id" , "id" : "3ec64d068ed7bbe7c603f11006281a77ceb1c673_id" , "entityType" : "section"}
{ "educationalEnvironment" : "Classroom" , "sessionId" : "e284bb7537665873526f50ba5c7bd2bd4f1af2a0_id" , "courseOfferingId" : "ac02ce593e52b44f41698580ccb52d574187519a_id" , "populationServed" : "Regular Students" , "sequenceOfCourse" : 3 , "mediumOfInstruction" : "Independent study" , "uniqueSectionCode" : "Geography - Sec 5s09" , "schoolId" : "352e8570bd1116d11a72755b987902440045d346_id" , "id" : "c86ef220d1d41ae5b6ee391846267e7f5196c69e_id" , "entityType" : "section"}
{ "educationalEnvironment" : "Classroom" , "sessionId" : "6ffc1923cd82fad0f6958f3d22ec02b0eda80b77_id" , "courseOfferingId" : "9a6352ee29305153411f0309b83c738f3efa4ac0_id" , "populationServed" : "Regular Students" , "sequenceOfCourse" : 1 , "mediumOfInstruction" : "Independent study" , "uniqueSectionCode" : "3rd Grade Homeroom #25" , "schoolId" : "352e8570bd1116d11a72755b987902440045d346_id" , "id" : "5593b94891e8ba3f7005993e3847df6aaaa3a064_id" , "entityType" : "section"}
{ "educationalEnvironment" : "Classroom" , "sessionId" : "0187d227898d8ec4587e6efc60a2c5f2d5cd2004_id" , "courseOfferingId" : "433e9946c4eac67e9afbb7497ef63d7cc4aad33b_id" , "populationServed" : "Regular Students" , "sequenceOfCourse" : 3 , "mediumOfInstruction" : "Independent study" , "uniqueSectionCode" : "Reading 4B - Sec 5s08" , "schoolId" : "352e8570bd1116d11a72755b987902440045d346_id" , "id" : "464d6d9649b06d787e1469f6a2d9e45795084335_id" , "entityType" : "section"}
{ "educationalEnvironment" : "Classroom" , "sessionId" : "5df92cbca7f9294bc26a4957785aa6b0077bd7b4_id" , "courseOfferingId" : "bd54397124f3f724d9b9ab88722837ff7ecd3790_id" , "populationServed" : "Regular Students" , "sequenceOfCourse" : 3 , "mediumOfInstruction" : "Independent study" , "uniqueSectionCode" : "Track and Field - Sec 6s10" , "schoolId" : "a13489364c2eb015c219172d561c62350f0453f3_id" , "id" : "68817838f418e25ed348ed95e1e63bde23760102_id" , "entityType" : "section"}
{ "educationalEnvironment" : "Classroom" , "sessionId" : "99c167a770dc83e2793680b6429649dedc4103c1_id" , "courseOfferingId" : "bbc892e895262b15fb3d0df6f93378ab64e69b1a_id" , "populationServed" : "Regular Students" , "sequenceOfCourse" : 3 , "mediumOfInstruction" : "Independent study" , "uniqueSectionCode" : "Nutrition - Sec 5s10" , "schoolId" : "772a61c687ee7ecd8e6d9ad3369f7883409f803b_id" , "id" : "c9ff8044d992171f3594fc0f861f8f38d0dde14a_id" , "entityType" : "section"}
{ "educationalEnvironment" : "Classroom" , "sessionId" : "95febad2920de46273532e3317fbc34da0f3cb25_id" , "courseOfferingId" : "c27aff136d5c99334b4a8dbcc165cd65b0792ac8_id" , "populationServed" : "Regular Students" , "sequenceOfCourse" : 3 , "mediumOfInstruction" : "Independent study" , "uniqueSectionCode" : "Jazz Band - Sec 5s11" , "schoolId" : "772a61c687ee7ecd8e6d9ad3369f7883409f803b_id" , "id" : "7ba7bab37b8b68e763e80244beed63f6295754c9_id" , "entityType" : "section"}
{ "educationalEnvironment" : "Classroom" , "sessionId" : "99a86b3c95b02cf87e37d969e6aadf02f4838e37_id" , "courseOfferingId" : "d1d93ba9281570892c25c01ffff8b836cdbba223_id" , "populationServed" : "Regular Students" , "sequenceOfCourse" : 3 , "mediumOfInstruction" : "Independent study" , "uniqueSectionCode" : "Earth Sciences I - Sec 6f10" , "schoolId" : "a13489364c2eb015c219172d561c62350f0453f3_id" , "id" : "dfeebda3bf48d9c9a64589b0db5aa699c8a9c758_id" , "entityType" : "section"}
{ "educationalEnvironment" : "Classroom" , "sessionId" : "1e217f65c48cda4f5009cb1518cb33ddd51637e0_id" , "courseOfferingId" : "b09f094598d037378776cd0ed66703f99afea461_id" , "populationServed" : "Regular Students" , "sequenceOfCourse" : 3 , "mediumOfInstruction" : "Independent study" , "uniqueSectionCode" : "Writing 4A - Sec 5f07" , "schoolId" : "352e8570bd1116d11a72755b987902440045d346_id" , "id" : "7e34d57798fd03ef6b8cbffb8bb2b3c26fa9c115_id" , "entityType" : "section"}
{ "educationalEnvironment" : "Classroom" , "sessionId" : "992dba93a065fdd6c736af98158905cfccd8c0e7_id" , "courseOfferingId" : "2fda61f34543d921f6849a5d7098d743b7e96207_id" , "populationServed" : "Regular Students" , "sequenceOfCourse" : 3 , "mediumOfInstruction" : "Independent study" , "uniqueSectionCode" : "Spanish I - Sec 5f10" , "schoolId" : "772a61c687ee7ecd8e6d9ad3369f7883409f803b_id" , "id" : "95d150c4fb2d19481fed34dd87e048f5eee10955_id" , "entityType" : "section"}
{ "educationalEnvironment" : "Classroom" , "sessionId" : "e284bb7537665873526f50ba5c7bd2bd4f1af2a0_id" , "courseOfferingId" : "54d6f7adc6b4ca6d9fb17f11ebc7f087070d1d63_id" , "populationServed" : "Regular Students" , "sequenceOfCourse" : 3 , "mediumOfInstruction" : "Independent study" , "uniqueSectionCode" : "Science 5B - Sec 5s09" , "schoolId" : "352e8570bd1116d11a72755b987902440045d346_id" , "id" : "80d5f6d0106c475c5c876c202702715a85e3a91d_id" , "entityType" : "section"}
{ "educationalEnvironment" : "Classroom" , "sessionId" : "ba942e512de1fd5021a69a9d452b481c7512c1bd_id" , "courseOfferingId" : "feb5f633543598c54258406331a10600a0a63544_id" , "populationServed" : "Regular Students" , "sequenceOfCourse" : 3 , "mediumOfInstruction" : "Independent study" , "uniqueSectionCode" : "Science 6A - Sec 5f09" , "schoolId" : "772a61c687ee7ecd8e6d9ad3369f7883409f803b_id" , "id" : "4b9d52bb46d0612216f67daca61bbfad72d34bb7_id" , "entityType" : "section"}
{ "educationalEnvironment" : "Classroom" , "sessionId" : "0187d227898d8ec4587e6efc60a2c5f2d5cd2004_id" , "courseOfferingId" : "50f65fbfa45bcdf59c1ac7a8ddb7b0fb3184fca6_id" , "populationServed" : "Regular Students" , "sequenceOfCourse" : 3 , "mediumOfInstruction" : "Independent study" , "uniqueSectionCode" : "Geography - Sec 5s08" , "schoolId" : "352e8570bd1116d11a72755b987902440045d346_id" , "id" : "95448b0d7de65920bddac894930edc5ef7bad5b7_id" , "entityType" : "section"}
{ "educationalEnvironment" : "Classroom" , "sessionId" : "ba942e512de1fd5021a69a9d452b481c7512c1bd_id" , "courseOfferingId" : "c962ec702f1428e4537a024f9d192365f52605be_id" , "populationServed" : "Regular Students" , "sequenceOfCourse" : 3 , "mediumOfInstruction" : "Independent study" , "uniqueSectionCode" : "ELA 6A - Sec 5f09" , "schoolId" : "772a61c687ee7ecd8e6d9ad3369f7883409f803b_id" , "id" : "1bff8cf2650695b33dfb949f2bad8d4f7ba80dfc_id" , "entityType" : "section"}
{ "educationalEnvironment" : "Classroom" , "sessionId" : "1e217f65c48cda4f5009cb1518cb33ddd51637e0_id" , "courseOfferingId" : "196f002a253f9805a79d723296c4bc72ad25bf24_id" , "populationServed" : "Regular Students" , "sequenceOfCourse" : 3 , "mediumOfInstruction" : "Independent study" , "uniqueSectionCode" : "Government - Sec 5f07" , "schoolId" : "352e8570bd1116d11a72755b987902440045d346_id" , "id" : "fb870fba80cb2660baa5fed1ba0545e13f86869d_id" , "entityType" : "section"}
{ "educationalEnvironment" : "Classroom" , "sessionId" : "2e288a40770e4fab3f222d81c7a54ea66cdcefff_id" , "courseOfferingId" : "6b6d46d63db229d41cebc813fd69ed245139e50b_id" , "populationServed" : "Regular Students" , "sequenceOfCourse" : 3 , "mediumOfInstruction" : "Independent study" , "uniqueSectionCode" : "Phys-Ed 5A - Sec 5f08" , "schoolId" : "352e8570bd1116d11a72755b987902440045d346_id" , "id" : "71233d114f0aeb9f85443d2b25eea63e4cc4b5c9_id" , "entityType" : "section"}
{ "educationalEnvironment" : "Classroom" , "sessionId" : "99a86b3c95b02cf87e37d969e6aadf02f4838e37_id" , "courseOfferingId" : "0c6acbddf28f204f39f3394c8d572e50144e3bd8_id" , "populationServed" : "Regular Students" , "sequenceOfCourse" : 3 , "mediumOfInstruction" : "Independent study" , "uniqueSectionCode" : "Vocal Performance I - Sec 6f10" , "schoolId" : "a13489364c2eb015c219172d561c62350f0453f3_id" , "id" : "7ef95ccc51d327e9a749f668f39b7e6929862b7d_id" , "entityType" : "section"}
{ "educationalEnvironment" : "Classroom" , "sessionId" : "e284bb7537665873526f50ba5c7bd2bd4f1af2a0_id" , "courseOfferingId" : "5dc5650ddfaa1c4cd02cee0eb6bfd8fcf9432ea2_id" , "populationServed" : "Regular Students" , "sequenceOfCourse" : 3 , "mediumOfInstruction" : "Independent study" , "uniqueSectionCode" : "Math 5B - Sec 5s09" , "schoolId" : "352e8570bd1116d11a72755b987902440045d346_id" , "id" : "d65b5e1893fd95793b9742ab16789a2b33eca5f3_id" , "entityType" : "section"}
{ "educationalEnvironment" : "Classroom" , "sessionId" : "f1f768e7ec6f9936b2414372dcb046a3bca7ad93_id" , "courseOfferingId" : "a6c96dcc34fc021f685b6d082c7759b070731f93_id" , "populationServed" : "Regular Students" , "sequenceOfCourse" : 3 , "mediumOfInstruction" : "Independent study" , "uniqueSectionCode" : "Pre-Algebra I - Sec 6f08" , "schoolId" : "772a61c687ee7ecd8e6d9ad3369f7883409f803b_id" , "id" : "58de8242bb9fe4b291691d339583aa0fbdf53721_id" , "entityType" : "section"}
{ "educationalEnvironment" : "Classroom" , "sessionId" : "95febad2920de46273532e3317fbc34da0f3cb25_id" , "courseOfferingId" : "0e53b96a3ee1e6b074fdebe8ba1ad8034fa220fd_id" , "populationServed" : "Regular Students" , "sequenceOfCourse" : 3 , "mediumOfInstruction" : "Independent study" , "uniqueSectionCode" : "State History II - Sec 5s11" , "schoolId" : "772a61c687ee7ecd8e6d9ad3369f7883409f803b_id" , "id" : "5fd43835933c6c50effaff9688e505269c1fa698_id" , "entityType" : "section"}
{ "educationalEnvironment" : "Classroom" , "sessionId" : "7f4adf8460f83b2e0c710e58021daf10c65fd944_id" , "courseOfferingId" : "c79eb67721f2d085d1da9bb1e6f3da43dfe715b3_id" , "populationServed" : "Regular Students" , "sequenceOfCourse" : 3 , "mediumOfInstruction" : "Independent study" , "uniqueSectionCode" : "Earth Sciences II - Sec 6s11" , "schoolId" : "a13489364c2eb015c219172d561c62350f0453f3_id" , "id" : "62ac9a63b22134363154e8be2bb52026c13b5b65_id" , "entityType" : "section"}
{ "educationalEnvironment" : "Classroom" , "sessionId" : "99c167a770dc83e2793680b6429649dedc4103c1_id" , "courseOfferingId" : "785903ac916bddd9520fbf6cce40ffc77acc5ffc_id" , "populationServed" : "Regular Students" , "sequenceOfCourse" : 3 , "mediumOfInstruction" : "Independent study" , "uniqueSectionCode" : "Math 6B - Sec 5s10" , "schoolId" : "772a61c687ee7ecd8e6d9ad3369f7883409f803b_id" , "id" : "18bf2e7a0a10c8806b9a9ebfe3d456b244428808_id" , "entityType" : "section"}
{ "educationalEnvironment" : "Classroom" , "sessionId" : "ba942e512de1fd5021a69a9d452b481c7512c1bd_id" , "courseOfferingId" : "bdae7581e46a0e2907e14d00730d50fd4bac2f81_id" , "populationServed" : "Regular Students" , "sequenceOfCourse" : 3 , "mediumOfInstruction" : "Independent study" , "uniqueSectionCode" : "Team Sports - Sec 5f09" , "schoolId" : "772a61c687ee7ecd8e6d9ad3369f7883409f803b_id" , "id" : "0ff1a52313c4d81df97ecfd403db799e5ba2e657_id" , "entityType" : "section"}
{ "educationalEnvironment" : "Classroom" , "sessionId" : "1e217f65c48cda4f5009cb1518cb33ddd51637e0_id" , "courseOfferingId" : "8a3cdc51757724108bc5efa568f0682a079d8e09_id" , "populationServed" : "Regular Students" , "sequenceOfCourse" : 3 , "mediumOfInstruction" : "Independent study" , "uniqueSectionCode" : "Science 4A - Sec 5f07" , "schoolId" : "352e8570bd1116d11a72755b987902440045d346_id" , "id" : "3ce314daea38042666b04ab0368ac77936088d69_id" , "entityType" : "section"}
{ "educationalEnvironment" : "Classroom" , "sessionId" : "ba942e512de1fd5021a69a9d452b481c7512c1bd_id" , "courseOfferingId" : "22cec991a69c8b5931cca5eed18d281f994330f9_id" , "populationServed" : "Regular Students" , "sequenceOfCourse" : 3 , "mediumOfInstruction" : "Independent study" , "uniqueSectionCode" : "World History I - Sec 5f09" , "schoolId" : "772a61c687ee7ecd8e6d9ad3369f7883409f803b_id" , "id" : "f051a12949a434d7a7e15636063a3407804255be_id" , "entityType" : "section"}
{ "educationalEnvironment" : "Classroom" , "sessionId" : "99a86b3c95b02cf87e37d969e6aadf02f4838e37_id" , "courseOfferingId" : "fc6bc5868775333e252ed64e5c00ba75a408301a_id" , "populationServed" : "Regular Students" , "sequenceOfCourse" : 3 , "mediumOfInstruction" : "Independent study" , "uniqueSectionCode" : "Algebra I - Sec 6f10" , "schoolId" : "a13489364c2eb015c219172d561c62350f0453f3_id" , "id" : "6f92007afcbf958f5963dce25c111ed53b90137f_id" , "entityType" : "section"}
{ "educationalEnvironment" : "Classroom" , "sessionId" : "f1f768e7ec6f9936b2414372dcb046a3bca7ad93_id" , "courseOfferingId" : "095b6f670fa8f271a79f6b4bad4d4aad1ff1dbae_id" , "populationServed" : "Regular Students" , "sequenceOfCourse" : 3 , "mediumOfInstruction" : "Independent study" , "uniqueSectionCode" : "ELA 8A - Sec 6f08" , "schoolId" : "772a61c687ee7ecd8e6d9ad3369f7883409f803b_id" , "id" : "7a4a116e2f9bd82909905ea710d78ba3427cc0ac_id" , "entityType" : "section"}
{ "educationalEnvironment" : "Classroom" , "sessionId" : "a2f899c4b31e2dc11a5a5ab202d4590bb0a33c8b_id" , "courseOfferingId" : "72c681cf2882ea479312894be4f12b2c38563b2d_id" , "populationServed" : "Regular Students" , "sequenceOfCourse" : 3 , "mediumOfInstruction" : "Independent study" , "uniqueSectionCode" : "Choir - Sec 6s09" , "schoolId" : "772a61c687ee7ecd8e6d9ad3369f7883409f803b_id" , "id" : "8acf00083e7fd6b8dbc0ebdcbb06957ebb18239f_id" , "entityType" : "section"}
{ "educationalEnvironment" : "Classroom" , "sessionId" : "a809eac83494002f707100abcc6c6ad2c098d904_id" , "courseOfferingId" : "a8d22dc96e84696ba76d752683a5258bf839f8cd_id" , "populationServed" : "Regular Students" , "sequenceOfCourse" : 3 , "mediumOfInstruction" : "Independent study" , "uniqueSectionCode" : "Vocal Ensemble I - Sec 6f09" , "schoolId" : "a13489364c2eb015c219172d561c62350f0453f3_id" , "id" : "84f5d1f283f0300180078d8182409301e3530c36_id" , "entityType" : "section"}
{ "educationalEnvironment" : "Classroom" , "sessionId" : "2e288a40770e4fab3f222d81c7a54ea66cdcefff_id" , "courseOfferingId" : "665f518602d18788e2dbbec6d1298d4320961438_id" , "populationServed" : "Regular Students" , "sequenceOfCourse" : 3 , "mediumOfInstruction" : "Independent study" , "uniqueSectionCode" : "Reading 5A - Sec 5f08" , "schoolId" : "352e8570bd1116d11a72755b987902440045d346_id" , "id" : "01c5abd231feb0d86b7c1136b5c1e80d65f2cf37_id" , "entityType" : "section"}
{ "educationalEnvironment" : "Classroom" , "sessionId" : "e284bb7537665873526f50ba5c7bd2bd4f1af2a0_id" , "courseOfferingId" : "b5ffa27ddbed61832ef102689135b0cd26c144ce_id" , "populationServed" : "Regular Students" , "sequenceOfCourse" : 3 , "mediumOfInstruction" : "Independent study" , "uniqueSectionCode" : "Writing 5B - Sec 5s09" , "schoolId" : "352e8570bd1116d11a72755b987902440045d346_id" , "id" : "1cb1b74a11e8b0e965d542e85c8dba886b3b7517_id" , "entityType" : "section"}
{ "educationalEnvironment" : "Classroom" , "sessionId" : "1e217f65c48cda4f5009cb1518cb33ddd51637e0_id" , "courseOfferingId" : "e6d88d9f21ef1f72c5fdb4f97d53a88211dca3b8_id" , "populationServed" : "Regular Students" , "sequenceOfCourse" : 3 , "mediumOfInstruction" : "Independent study" , "uniqueSectionCode" : "Math 4A - Sec 5f07" , "schoolId" : "352e8570bd1116d11a72755b987902440045d346_id" , "id" : "f33f5746c82dc3c57b04a8b935a6d3fe3c44511e_id" , "entityType" : "section"}
{ "educationalEnvironment" : "Classroom" , "sessionId" : "992dba93a065fdd6c736af98158905cfccd8c0e7_id" , "courseOfferingId" : "d05bf7e38645c31de9690cb77c4788e53d55cc12_id" , "populationServed" : "Regular Students" , "sequenceOfCourse" : 3 , "mediumOfInstruction" : "Independent study" , "uniqueSectionCode" : "Conditioning - Sec 5f10" , "schoolId" : "772a61c687ee7ecd8e6d9ad3369f7883409f803b_id" , "id" : "d68fa881937dc74ab03c518ea68627d691a97352_id" , "entityType" : "section"}
{ "educationalEnvironment" : "Classroom" , "sessionId" : "99c167a770dc83e2793680b6429649dedc4103c1_id" , "courseOfferingId" : "81770f012d380f4753c0986f3e76fa02c89e6df4_id" , "populationServed" : "Regular Students" , "sequenceOfCourse" : 3 , "mediumOfInstruction" : "Independent study" , "uniqueSectionCode" : "World History II - Sec 5s10" , "schoolId" : "772a61c687ee7ecd8e6d9ad3369f7883409f803b_id" , "id" : "e60c5f98de06820970134782eef00e4a3dd54801_id" , "entityType" : "section"}
{ "educationalEnvironment" : "Classroom" , "sessionId" : "a809eac83494002f707100abcc6c6ad2c098d904_id" , "courseOfferingId" : "49030766da4c4f2611c4d3bc0f32cc5d3f6afdb0_id" , "populationServed" : "Regular Students" , "sequenceOfCourse" : 3 , "mediumOfInstruction" : "Independent study" , "uniqueSectionCode" : "Env Studies I - Sec 6f09" , "schoolId" : "a13489364c2eb015c219172d561c62350f0453f3_id" , "id" : "3f16b1c95bdf30dd74acc1b9e783a6371d74fb0c_id" , "entityType" : "section"}
{ "educationalEnvironment" : "Classroom" , "sessionId" : "5df92cbca7f9294bc26a4957785aa6b0077bd7b4_id" , "courseOfferingId" : "9410e06259a195498cdfae73505830696a401182_id" , "populationServed" : "Regular Students" , "sequenceOfCourse" : 3 , "mediumOfInstruction" : "Independent study" , "uniqueSectionCode" : "English 9B ELL - Sec 6s10" , "schoolId" : "a13489364c2eb015c219172d561c62350f0453f3_id" , "id" : "356f27b862d55bd1b6c69178cbf03a9a3727bb74_id" , "entityType" : "section"}
{ "educationalEnvironment" : "Classroom" , "sessionId" : "a809eac83494002f707100abcc6c6ad2c098d904_id" , "courseOfferingId" : "88540d164e6ac1846d2acc00423f413c09b3b4dc_id" , "populationServed" : "Regular Students" , "sequenceOfCourse" : 3 , "mediumOfInstruction" : "Independent study" , "uniqueSectionCode" : "World History I - Sec 6f09" , "schoolId" : "a13489364c2eb015c219172d561c62350f0453f3_id" , "id" : "2c9780cdac308db88846c639e93bda0048cc6327_id" , "entityType" : "section"}
{ "educationalEnvironment" : "Classroom" , "sessionId" : "5df92cbca7f9294bc26a4957785aa6b0077bd7b4_id" , "courseOfferingId" : "3bda1bed41f1ca606abf26f6e13cb6ee1cb8a9e2_id" , "populationServed" : "Regular Students" , "sequenceOfCourse" : 3 , "mediumOfInstruction" : "Independent study" , "uniqueSectionCode" : "Vocal Ensemble II - Sec 6s10" , "schoolId" : "a13489364c2eb015c219172d561c62350f0453f3_id" , "id" : "55df3769644bb5db0ccc13aaf7615142ce0382a5_id" , "entityType" : "section"}
{ "educationalEnvironment" : "Classroom" , "sessionId" : "e284bb7537665873526f50ba5c7bd2bd4f1af2a0_id" , "courseOfferingId" : "262bdb46245496d64bc684901a2ce88a2f467741_id" , "populationServed" : "Regular Students" , "sequenceOfCourse" : 3 , "mediumOfInstruction" : "Independent study" , "uniqueSectionCode" : "Phys-Ed 5B - Sec 5s09" , "schoolId" : "352e8570bd1116d11a72755b987902440045d346_id" , "id" : "c9507dd3d64938449f6fb5c23397512b37dfd9c6_id" , "entityType" : "section"}
{ "educationalEnvironment" : "Classroom" , "sessionId" : "0187d227898d8ec4587e6efc60a2c5f2d5cd2004_id" , "courseOfferingId" : "d50a741bd526bf38c61b263af18ec41a79ac015f_id" , "populationServed" : "Regular Students" , "sequenceOfCourse" : 3 , "mediumOfInstruction" : "Independent study" , "uniqueSectionCode" : "Science 4B - Sec 5s08" , "schoolId" : "352e8570bd1116d11a72755b987902440045d346_id" , "id" : "a963b9a6dd17202116a093d0c3e78698ffaa29ed_id" , "entityType" : "section"}
{ "educationalEnvironment" : "Classroom" , "sessionId" : "99a86b3c95b02cf87e37d969e6aadf02f4838e37_id" , "courseOfferingId" : "53eb057715f0200c9623f251628c2784eb9d5089_id" , "populationServed" : "Regular Students" , "sequenceOfCourse" : 3 , "mediumOfInstruction" : "Independent study" , "uniqueSectionCode" : "State History I - Sec 6f10" , "schoolId" : "a13489364c2eb015c219172d561c62350f0453f3_id" , "id" : "7de2bda1d0f5eb59e8afdeea7a538d2e28dc6b4d_id" , "entityType" : "section"}
{ "educationalEnvironment" : "Classroom" , "sessionId" : "5df92cbca7f9294bc26a4957785aa6b0077bd7b4_id" , "courseOfferingId" : "2961251531bddf93e25fb44a83276339be7e5c47_id" , "populationServed" : "Regular Students" , "sequenceOfCourse" : 3 , "mediumOfInstruction" : "Independent study" , "uniqueSectionCode" : "World History II - Sec 6s10" , "schoolId" : "a13489364c2eb015c219172d561c62350f0453f3_id" , "id" : "9c1a505931e9249290b72137da119dc138bbdbae_id" , "entityType" : "section"}
{ "educationalEnvironment" : "Classroom" , "sessionId" : "95febad2920de46273532e3317fbc34da0f3cb25_id" , "courseOfferingId" : "dd7bf3cfec34c0103ffe56748170c76c5561d4e4_id" , "populationServed" : "Regular Students" , "sequenceOfCourse" : 3 , "mediumOfInstruction" : "Independent study" , "uniqueSectionCode" : "Science 7B - Sec 5s11" , "schoolId" : "772a61c687ee7ecd8e6d9ad3369f7883409f803b_id" , "id" : "056f361e301213f9e2cad46b290f5c07cbd45679_id" , "entityType" : "section"}
{ "educationalEnvironment" : "Classroom" , "sessionId" : "a809eac83494002f707100abcc6c6ad2c098d904_id" , "courseOfferingId" : "cb0fc9cad74959e751b6446930457615f1b8e730_id" , "populationServed" : "Regular Students" , "sequenceOfCourse" : 3 , "mediumOfInstruction" : "Independent study" , "uniqueSectionCode" : "Basic Math I - Sec 6f09" , "schoolId" : "a13489364c2eb015c219172d561c62350f0453f3_id" , "id" : "4a39fbf69aeda8a3b47435324cc53b5f77fc6355_id" , "entityType" : "section"}
{ "educationalEnvironment" : "Classroom" , "sessionId" : "99c167a770dc83e2793680b6429649dedc4103c1_id" , "courseOfferingId" : "f987fc599bd78f69c57d4176163633bde1ffc3cb_id" , "populationServed" : "Regular Students" , "sequenceOfCourse" : 3 , "mediumOfInstruction" : "Independent study" , "uniqueSectionCode" : "7th Grade English - Sec 5" , "schoolId" : "772a61c687ee7ecd8e6d9ad3369f7883409f803b_id" , "id" : "b11d9f8e0790f441c72a15a3c2deba5ffa1a5c4a_id" , "entityType" : "section"}
{ "educationalEnvironment" : "Classroom" , "sessionId" : "992dba93a065fdd6c736af98158905cfccd8c0e7_id" , "courseOfferingId" : "47b606c32c573f2ec9ff46f95fde75905d020d38_id" , "populationServed" : "Regular Students" , "sequenceOfCourse" : 3 , "mediumOfInstruction" : "Independent study" , "uniqueSectionCode" : "Math 7A - Sec 5f10" , "schoolId" : "772a61c687ee7ecd8e6d9ad3369f7883409f803b_id" , "id" : "dd8bf307bb22c98425b1a0bc63e8eb5ac71159dc_id" , "entityType" : "section"}
{ "educationalEnvironment" : "Classroom" , "sessionId" : "a2f899c4b31e2dc11a5a5ab202d4590bb0a33c8b_id" , "courseOfferingId" : "126944c6137b22c3a8ba5533676aa2e0cb9f7e9a_id" , "populationServed" : "Regular Students" , "sequenceOfCourse" : 3 , "mediumOfInstruction" : "Independent study" , "uniqueSectionCode" : "U.S. History II - Sec 6s09" , "schoolId" : "772a61c687ee7ecd8e6d9ad3369f7883409f803b_id" , "id" : "964dd1ce517eebd454507099ee53ff955155e284_id" , "entityType" : "section"}
{ "educationalEnvironment" : "Classroom" , "sessionId" : "ba942e512de1fd5021a69a9d452b481c7512c1bd_id" , "courseOfferingId" : "ba6f8a8f0d43f8a24525540472e6a8422fb1edaf_id" , "populationServed" : "Regular Students" , "sequenceOfCourse" : 3 , "mediumOfInstruction" : "Independent study" , "uniqueSectionCode" : "Drama I - Sec 5f09" , "schoolId" : "772a61c687ee7ecd8e6d9ad3369f7883409f803b_id" , "id" : "92451eba2195a4cffcb0b55fe6d6ac8b13faa9ad_id" , "entityType" : "section"}
{ "educationalEnvironment" : "Classroom" , "sessionId" : "7f4adf8460f83b2e0c710e58021daf10c65fd944_id" , "courseOfferingId" : "43550a83a5dc615a867a626fb7647808a6aea7a0_id" , "populationServed" : "Regular Students" , "sequenceOfCourse" : 3 , "mediumOfInstruction" : "Independent study" , "uniqueSectionCode" : "State History II - Sec 6s11" , "schoolId" : "a13489364c2eb015c219172d561c62350f0453f3_id" , "id" : "fd9fb308180088104802ce6ff54ca8159c55d35a_id" , "entityType" : "section"}
{ "educationalEnvironment" : "Classroom" , "sessionId" : "7f4adf8460f83b2e0c710e58021daf10c65fd944_id" , "courseOfferingId" : "fdc44232eb03995ee5de5b8f20c307d5ce9e7a58_id" , "populationServed" : "Regular Students" , "sequenceOfCourse" : 3 , "mediumOfInstruction" : "Independent study" , "uniqueSectionCode" : "Algebra II - Sec 6s11" , "schoolId" : "a13489364c2eb015c219172d561c62350f0453f3_id" , "id" : "6fc786f80abe7d03d52e6ca795e4d781ebbf7062_id" , "entityType" : "section"}
{ "educationalEnvironment" : "Classroom" , "sessionId" : "99c167a770dc83e2793680b6429649dedc4103c1_id" , "courseOfferingId" : "3c65bc971a3c19d85a662092fa3bca1aa3bc07d0_id" , "populationServed" : "Regular Students" , "sequenceOfCourse" : 3 , "mediumOfInstruction" : "Independent study" , "uniqueSectionCode" : "ELA 6B - Sec 5s10" , "schoolId" : "772a61c687ee7ecd8e6d9ad3369f7883409f803b_id" , "id" : "3abd2db6d9ed2df2347dde22e82fec19853bde58_id" , "entityType" : "section"}
{ "educationalEnvironment" : "Classroom" , "sessionId" : "95febad2920de46273532e3317fbc34da0f3cb25_id" , "courseOfferingId" : "577d0a56863186fd800da1afe298b9dd9e8744c8_id" , "populationServed" : "Regular Students" , "sequenceOfCourse" : 3 , "mediumOfInstruction" : "Independent study" , "uniqueSectionCode" : "Math 7B - Sec 5s11" , "schoolId" : "772a61c687ee7ecd8e6d9ad3369f7883409f803b_id" , "id" : "8039dc46289bcb153b72cfefb17b3881a9e58e07_id" , "entityType" : "section"}
{ "educationalEnvironment" : "Classroom" , "sessionId" : "7f4adf8460f83b2e0c710e58021daf10c65fd944_id" , "courseOfferingId" : "8343a6dae15082736303ace05fedaf9a8c65e9e5_id" , "populationServed" : "Regular Students" , "sequenceOfCourse" : 3 , "mediumOfInstruction" : "Independent study" , "uniqueSectionCode" : "Nutrition - Sec 6s11" , "schoolId" : "a13489364c2eb015c219172d561c62350f0453f3_id" , "id" : "b19ef5335f72bbc8a7399b25bbbb0c1d996e43af_id" , "entityType" : "section"}
{ "educationalEnvironment" : "Classroom" , "sessionId" : "7f4adf8460f83b2e0c710e58021daf10c65fd944_id" , "courseOfferingId" : "c42a7b0807616c2168ac7c18fa5068ff40ef47e2_id" , "populationServed" : "Regular Students" , "sequenceOfCourse" : 3 , "mediumOfInstruction" : "Independent study" , "uniqueSectionCode" : "Vocal Perf II - Sec 6s11" , "schoolId" : "a13489364c2eb015c219172d561c62350f0453f3_id" , "id" : "399b2cc07f3ca0773e227d0a5074bd14c06cd575_id" , "entityType" : "section"}
{ "educationalEnvironment" : "Classroom" , "sessionId" : "a2f899c4b31e2dc11a5a5ab202d4590bb0a33c8b_id" , "courseOfferingId" : "5da61a660cbb60ad9f3ef150270ad51a98f25e78_id" , "populationServed" : "Regular Students" , "sequenceOfCourse" : 3 , "mediumOfInstruction" : "Independent study" , "uniqueSectionCode" : "Pre-Algebra II - Sec 6s09" , "schoolId" : "772a61c687ee7ecd8e6d9ad3369f7883409f803b_id" , "id" : "ad7315b59ea8d983e94345801fd56659dd2af35f_id" , "entityType" : "section"}
{ "educationalEnvironment" : "Classroom" , "sessionId" : "a809eac83494002f707100abcc6c6ad2c098d904_id" , "courseOfferingId" : "25becbdd543e9a13b3817fbd6190eb4d30973caa_id" , "populationServed" : "Regular Students" , "sequenceOfCourse" : 3 , "mediumOfInstruction" : "Independent study" , "uniqueSectionCode" : "Yoga and Fitness - Sec 6f09" , "schoolId" : "a13489364c2eb015c219172d561c62350f0453f3_id" , "id" : "17b503c52f13d8a8cee6bcd3dba62809f6f1da7e_id" , "entityType" : "section"}
{ "educationalEnvironment" : "Classroom" , "sessionId" : "5df92cbca7f9294bc26a4957785aa6b0077bd7b4_id" , "courseOfferingId" : "6ab9a1003e486317ed6c76398a73f60e71705769_id" , "populationServed" : "Regular Students" , "sequenceOfCourse" : 3 , "mediumOfInstruction" : "Independent study" , "uniqueSectionCode" : "Basic Math II - Sec 6s10" , "schoolId" : "a13489364c2eb015c219172d561c62350f0453f3_id" , "id" : "50c445ccf433817c4cd87b203608d49805c09f8e_id" , "entityType" : "section"}
{ "educationalEnvironment" : "Classroom" , "sessionId" : "99a86b3c95b02cf87e37d969e6aadf02f4838e37_id" , "courseOfferingId" : "f78f76974a9e2d3eb5cdaac4331e633c6035cc85_id" , "populationServed" : "Regular Students" , "sequenceOfCourse" : 3 , "mediumOfInstruction" : "Independent study" , "uniqueSectionCode" : "Weight Training - Sec 6f10" , "schoolId" : "a13489364c2eb015c219172d561c62350f0453f3_id" , "id" : "f981b9abe97e459804477b45a00375dbb63eb61b_id" , "entityType" : "section"}
{ "educationalEnvironment" : "Classroom" , "sessionId" : "2e288a40770e4fab3f222d81c7a54ea66cdcefff_id" , "courseOfferingId" : "e048224468fee9b790cc44a3f0d52303b856df9e_id" , "populationServed" : "Regular Students" , "sequenceOfCourse" : 3 , "mediumOfInstruction" : "Independent study" , "uniqueSectionCode" : "Government - Sec 5f08" , "schoolId" : "352e8570bd1116d11a72755b987902440045d346_id" , "id" : "c7a029c28b67ad98bbb3ef483facd036f2d2218f_id" , "entityType" : "section"}
{ "educationalEnvironment" : "Classroom" , "sessionId" : "5df92cbca7f9294bc26a4957785aa6b0077bd7b4_id" , "courseOfferingId" : "7f0d0c26a7a374aa9b34c055b4da218f5d73ab4c_id" , "populationServed" : "Regular Students" , "sequenceOfCourse" : 3 , "mediumOfInstruction" : "Independent study" , "uniqueSectionCode" : "Env Studies II - Sec 6s10" , "schoolId" : "a13489364c2eb015c219172d561c62350f0453f3_id" , "id" : "fd22f9e5aa6269f9d1ea7ac06aee54b4f3203860_id" , "entityType" : "section"}
{ "educationalEnvironment" : "Classroom" , "sessionId" : "1e217f65c48cda4f5009cb1518cb33ddd51637e0_id" , "courseOfferingId" : "cb4eb3b18d7016f7fbbf2e04ecb2b3c8cdc8f4ba_id" , "populationServed" : "Regular Students" , "sequenceOfCourse" : 3 , "mediumOfInstruction" : "Independent study" , "uniqueSectionCode" : "Reading 4A - Sec 5f07" , "schoolId" : "352e8570bd1116d11a72755b987902440045d346_id" , "id" : "e4d49d820bfc78b4b48d95c92c2d24de9f0c5af4_id" , "entityType" : "section"}
{ "educationalEnvironment" : "Classroom" , "sessionId" : "2e288a40770e4fab3f222d81c7a54ea66cdcefff_id" , "courseOfferingId" : "b6e09438073066c418eb3956d3772988bba9e35c_id" , "populationServed" : "Regular Students" , "sequenceOfCourse" : 3 , "mediumOfInstruction" : "Independent study" , "uniqueSectionCode" : "Math 5A - Sec 5f08" , "schoolId" : "352e8570bd1116d11a72755b987902440045d346_id" , "id" : "f2835676c81ca169caeeba9467650c7a3b2176ea_id" , "entityType" : "section"}
{ "educationalEnvironment" : "Classroom" , "sessionId" : "a809eac83494002f707100abcc6c6ad2c098d904_id" , "courseOfferingId" : "e054a6452ee2add693adb96f5f81c1d595216e03_id" , "populationServed" : "Regular Students" , "sequenceOfCourse" : 3 , "mediumOfInstruction" : "Independent study" , "uniqueSectionCode" : "English 9A ELL - Sec 6f09" , "schoolId" : "a13489364c2eb015c219172d561c62350f0453f3_id" , "id" : "23d95ef7dd6d5c049b2c3d90178818835184e561_id" , "entityType" : "section"}
{ "educationalEnvironment" : "Classroom" , "sessionId" : "0187d227898d8ec4587e6efc60a2c5f2d5cd2004_id" , "courseOfferingId" : "29aec57d6f61e9b4ce6bad7a960b635aaa192d44_id" , "populationServed" : "Regular Students" , "sequenceOfCourse" : 3 , "mediumOfInstruction" : "Independent study" , "uniqueSectionCode" : "Writing 4B - Sec 5s08" , "schoolId" : "352e8570bd1116d11a72755b987902440045d346_id" , "id" : "6a83cd1c9a5bf1f3f3f817a36af7e78a68419284_id" , "entityType" : "section"}
{ "educationalEnvironment" : "Classroom" , "sessionId" : "a2f899c4b31e2dc11a5a5ab202d4590bb0a33c8b_id" , "courseOfferingId" : "aeda65046139be8027bb7abf2ce267e213e6c205_id" , "populationServed" : "Regular Students" , "sequenceOfCourse" : 3 , "mediumOfInstruction" : "Independent study" , "uniqueSectionCode" : "Phys-Ed 8B - Sec 6s09" , "schoolId" : "772a61c687ee7ecd8e6d9ad3369f7883409f803b_id" , "id" : "5739845ec9612089baea943e272ca6b03bf49219_id" , "entityType" : "section"}
{ "educationalEnvironment" : "Classroom" , "sessionId" : "95febad2920de46273532e3317fbc34da0f3cb25_id" , "courseOfferingId" : "5a8080913b473cd954848a33ba7f3ee88c8e1244_id" , "populationServed" : "Regular Students" , "sequenceOfCourse" : 3 , "mediumOfInstruction" : "Independent study" , "uniqueSectionCode" : "Spanish II - Sec 5s11" , "schoolId" : "772a61c687ee7ecd8e6d9ad3369f7883409f803b_id" , "id" : "37e032b352300883ef9fb69b98bc270862fab6f1_id" , "entityType" : "section"}
{ "educationalEnvironment" : "Classroom" , "sessionId" : "e284bb7537665873526f50ba5c7bd2bd4f1af2a0_id" , "courseOfferingId" : "672d2025634ef647d938d4e9502ca9c7ddaa806f_id" , "populationServed" : "Regular Students" , "sequenceOfCourse" : 3 , "mediumOfInstruction" : "Independent study" , "uniqueSectionCode" : "Reading 5B - Sec 5s09" , "schoolId" : "352e8570bd1116d11a72755b987902440045d346_id" , "id" : "4825d02a7f02675a5b6265064f5c702ab1b4c89c_id" , "entityType" : "section"}
{ "educationalEnvironment" : "Classroom" , "sessionId" : "99c167a770dc83e2793680b6429649dedc4103c1_id" , "courseOfferingId" : "52b0863c5824448d6f753f79541963a8eccb27cf_id" , "populationServed" : "Regular Students" , "sequenceOfCourse" : 3 , "mediumOfInstruction" : "Independent study" , "uniqueSectionCode" : "Drama II - Sec 5s10" , "schoolId" : "772a61c687ee7ecd8e6d9ad3369f7883409f803b_id" , "id" : "80726fcb338d653ef940dab58306599013cf638a_id" , "entityType" : "section"}
{ "educationalEnvironment" : "Classroom" , "sessionId" : "f1f768e7ec6f9936b2414372dcb046a3bca7ad93_id" , "courseOfferingId" : "9c58b75eddbad652434d57f42626a9deec65ce57_id" , "populationServed" : "Regular Students" , "sequenceOfCourse" : 3 , "mediumOfInstruction" : "Independent study" , "uniqueSectionCode" : "Phys-Ed 8A - Sec 6f08" , "schoolId" : "772a61c687ee7ecd8e6d9ad3369f7883409f803b_id" , "id" : "4e0444ca88dab38dc69ffad3a6a52a92f9163dba_id" , "entityType" : "section"}
{ "educationalEnvironment" : "Classroom" , "sessionId" : "2e288a40770e4fab3f222d81c7a54ea66cdcefff_id" , "courseOfferingId" : "386dedb88b8a26a5df0b068f0e6af8e3226e6a7e_id" , "populationServed" : "Regular Students" , "sequenceOfCourse" : 1 , "mediumOfInstruction" : "Independent study" , "uniqueSectionCode" : "Mrs. Braverman's Homeroom #33" , "schoolId" : "352e8570bd1116d11a72755b987902440045d346_id" , "id" : "daa540f6b3c229d854f5bb4ebf55ef32561ae073_id" , "entityType" : "section"}
{ "educationalEnvironment" : "Classroom" , "sessionId" : "99c167a770dc83e2793680b6429649dedc4103c1_id" , "courseOfferingId" : "ec678e073462d03b2cdda3356e58d0477baa6cf1_id" , "populationServed" : "Regular Students" , "sequenceOfCourse" : 3 , "mediumOfInstruction" : "Independent study" , "uniqueSectionCode" : "6th Grade Math - Sec 1" , "schoolId" : "772a61c687ee7ecd8e6d9ad3369f7883409f803b_id" , "id" : "c23c8639991de45521fdee908debf495619c864d_id" , "entityType" : "section"}
{ "educationalEnvironment" : "Classroom" , "sessionId" : "7f4adf8460f83b2e0c710e58021daf10c65fd944_id" , "courseOfferingId" : "985603c8015d9df88c61edf18711be2e8150ee3a_id" , "populationServed" : "Regular Students" , "sequenceOfCourse" : 3 , "mediumOfInstruction" : "Independent study" , "uniqueSectionCode" : "10th Grade Writing-Sec 6s11" , "schoolId" : "a13489364c2eb015c219172d561c62350f0453f3_id" , "id" : "aaf44d00084219c9aa710b667098e4d98998d9a1_id" , "entityType" : "section"}
{ "educationalEnvironment" : "Classroom" , "sessionId" : "99a86b3c95b02cf87e37d969e6aadf02f4838e37_id" , "courseOfferingId" : "45af43448fe9966b2da0616aead03cc9165af00a_id" , "populationServed" : "Regular Students" , "sequenceOfCourse" : 3 , "mediumOfInstruction" : "Independent study" , "uniqueSectionCode" : "10th Grade English - Sec 6f10" , "schoolId" : "a13489364c2eb015c219172d561c62350f0453f3_id" , "id" : "a45c2a499d4746b26a7fa1b1c3f790f35700b5ce_id" , "entityType" : "section"}
{ "educationalEnvironment" : "Classroom" , "sessionId" : "0187d227898d8ec4587e6efc60a2c5f2d5cd2004_id" , "courseOfferingId" : "60f7623668d9eeb080459e6a2afa384d2ffc8438_id" , "populationServed" : "Regular Students" , "sequenceOfCourse" : 1 , "mediumOfInstruction" : "Independent study" , "uniqueSectionCode" : "Mrs. Braverman's Homeroom #9" , "schoolId" : "352e8570bd1116d11a72755b987902440045d346_id" , "id" : "e1d9f0d03b0ac97d8fb87e7a1181bdf3824712ca_id" , "entityType" : "section"}
{ "educationalEnvironment" : "Classroom" , "sessionId" : "992dba93a065fdd6c736af98158905cfccd8c0e7_id" , "courseOfferingId" : "812487fbbe233dcb92504916731aa4d095c460e2_id" , "populationServed" : "Regular Students" , "sequenceOfCourse" : 3 , "mediumOfInstruction" : "Independent study" , "uniqueSectionCode" : "7th Grade English - Sec 6" , "schoolId" : "772a61c687ee7ecd8e6d9ad3369f7883409f803b_id" , "id" : "0216a7785ade96aea776f7373427c996542ab6c8_id" , "entityType" : "section"}
{ "educationalEnvironment" : "Classroom" , "sessionId" : "1616b81f0857d20f01173b4d8be701573a62b1fa_id" , "courseOfferingId" : "f308af4ceb9193186ebec7294ffaf661aed64508_id" , "populationServed" : "Regular Students" , "sequenceOfCourse" : 4 , "mediumOfInstruction" : "Independent study" , "uniqueSectionCode" : "Sec 145" , "schoolId" : "a13489364c2eb015c219172d561c62350f0453f3_id" , "id" : "84432d70656e1ab68df27cf2584282da351ab684_id" , "entityType" : "section"}
{ "educationalEnvironment" : "Classroom" , "sessionId" : "992dba93a065fdd6c736af98158905cfccd8c0e7_id" , "courseOfferingId" : "48a223b502aac1e97aaf5581045d9c617567952e_id" , "populationServed" : "Regular Students" , "sequenceOfCourse" : 3 , "mediumOfInstruction" : "Independent study" , "uniqueSectionCode" : "7th Grade Math - Sec 2" , "schoolId" : "772a61c687ee7ecd8e6d9ad3369f7883409f803b_id" , "id" : "869bddfd4769f5bbb2d5b46e273fbf776bb55c55_id" , "entityType" : "section"}
{ "educationalEnvironment" : "Classroom" , "sessionId" : "4c0c99b7d9cd1586444823a5ea837d946ed81af6_id" , "courseOfferingId" : "d780163c0e61465e365604964bd88a2cacfa08fd_id" , "populationServed" : "Regular Students" , "sequenceOfCourse" : 3 , "mediumOfInstruction" : "Independent study" , "uniqueSectionCode" : "8th Grade English - Sec 6" , "programReference" : [ "a50802f02c7e771d979f7d5b3870c500014e6803_id"] , "schoolId" : "772a61c687ee7ecd8e6d9ad3369f7883409f803b_id" , "id" : "135963f2abd3320ae508546fbff31f37e10b949e_id" , "entityType" : "section"}
{ "educationalEnvironment" : "Classroom" , "sessionId" : "95febad2920de46273532e3317fbc34da0f3cb25_id" , "courseOfferingId" : "46d491edaf7dff1719099d87b1fed4b204e8162b_id" , "populationServed" : "Regular Students" , "sequenceOfCourse" : 3 , "mediumOfInstruction" : "Independent study" , "uniqueSectionCode" : "7th Grade Composition - Sec 6" , "schoolId" : "772a61c687ee7ecd8e6d9ad3369f7883409f803b_id" , "id" : "7216fe77fc7781a41d7f5e8dac707c85723e7419_id" , "entityType" : "section"}
{ "educationalEnvironment" : "Classroom" , "sessionId" : "6ffc1923cd82fad0f6958f3d22ec02b0eda80b77_id" , "courseOfferingId" : "9a6352ee29305153411f0309b83c738f3efa4ac0_id" , "populationServed" : "Regular Students" , "sequenceOfCourse" : 1 , "mediumOfInstruction" : "Independent study" , "uniqueSectionCode" : "Mrs. Braverman's Homeroom #25" , "schoolId" : "352e8570bd1116d11a72755b987902440045d346_id" , "id" : "52b99f7a684553a08a65da4134115248f71c6694_id" , "entityType" : "section"}
{ "educationalEnvironment" : "Classroom" , "sessionId" : "135655c4413617182bf84c18a5893906364e9b32_id" , "courseOfferingId" : "9f304296b5b4249bd9efe399986f9c3ced510a42_id" , "populationServed" : "Regular Students" , "sequenceOfCourse" : 1 , "mediumOfInstruction" : "Independent study" , "uniqueSectionCode" : "Gym Class - 4" , "schoolId" : "352e8570bd1116d11a72755b987902440045d346_id" , "id" : "c2dac1fe114ea757b8c0ee3946479cf5c402c6f1_id" , "entityType" : "section"}
{ "educationalEnvironment" : "Classroom" , "sessionId" : "ec0df1d0654eef0475b66a73fa7f39af74a5b4ca_id" , "courseOfferingId" : "14ededd530160647c2e52d0f5aaaa3807db0fae9_id" , "populationServed" : "Regular Students" , "sequenceOfCourse" : 1 , "mediumOfInstruction" : "Independent study" , "uniqueSectionCode" : "Kindergarten Homeroom #38" , "schoolId" : "352e8570bd1116d11a72755b987902440045d346_id" , "id" : "9a0c4a206bf607abc2dd4786ebc1e8506311c618_id" , "entityType" : "section"}
{ "educationalEnvironment" : "Classroom" , "sessionId" : "99c167a770dc83e2793680b6429649dedc4103c1_id" , "courseOfferingId" : "2fcf12587b62cd531ecef9d5030d5be851035641_id" , "populationServed" : "Regular Students" , "sequenceOfCourse" : 3 , "mediumOfInstruction" : "Independent study" , "uniqueSectionCode" : "6th Grade English - Sec 4" , "schoolId" : "772a61c687ee7ecd8e6d9ad3369f7883409f803b_id" , "id" : "329557018dee4bd3d49b9da47af40d02701bcfd2_id" , "entityType" : "section"}
{ "educationalEnvironment" : "Classroom" , "sessionId" : "e4ba29d8e954795b203da1fd285fc277b9dcb167_id" , "courseOfferingId" : "25ac256d8b44194f63bb0122c8b26798fab374f6_id" , "populationServed" : "Regular Students" , "sequenceOfCourse" : 1 , "mediumOfInstruction" : "Independent study" , "uniqueSectionCode" : "Mrs. Braverman's Homeroom #38" , "schoolId" : "352e8570bd1116d11a72755b987902440045d346_id" , "id" : "5326d70c0ce217608b0bf4d2c512a51b921d03a9_id" , "entityType" : "section"}
