{ "schoolYear" : "2001-2002" , "sessionName" : "Fall 2002 South Daybreak Elementary" , "term" : "Fall Semester" , "gradingPeriodReference" : [ "51cb091a11fa7a32e3cda1e5ce68128b875cd3b8_id" , "88df66ab834443555917258f43b4c0fa3e868245_id" , "2a3f27e6eb4eda425212934610cfd87cf48522eb_id"] , "endDate" : "2002-12-16" , "schoolId" : "352e8570bd1116d11a72755b987902440045d346_id" , "totalInstructionalDays" : 75 , "beginDate" : "2002-09-06" , "id" : "135655c4413617182bf84c18a5893906364e9b32_id" , "entityType" : "session"}
{ "schoolYear" : "2011-2012" , "sessionName" : "Fall 2011 East Daybreak Junior High" , "term" : "Fall Semester" , "gradingPeriodReference" : [ "a9707508dbaa74679d7f8ad99b837672c30a403a_id" , "d6b87c83b807a8e82250804b166ec4e970f14a56_id" , "cca5725827cca99add5a35edcb0f4bd11e1cd2d0_id"] , "endDate" : "2011-12-16" , "schoolId" : "772a61c687ee7ecd8e6d9ad3369f7883409f803b_id" , "totalInstructionalDays" : 75 , "beginDate" : "2011-09-06" , "id" : "4c0c99b7d9cd1586444823a5ea837d946ed81af6_id" , "entityType" : "session"}
{ "schoolYear" : "2010-2011" , "sessionName" : "Fall 2010 South Daybreak Elementary" , "term" : "Fall Semester" , "gradingPeriodReference" : [ "51cb091a11fa7a32e3cda1e5ce68128b875cd3b8_id" , "88df66ab834443555917258f43b4c0fa3e868245_id" , "2a3f27e6eb4eda425212934610cfd87cf48522eb_id"] , "endDate" : "2010-12-16" , "schoolId" : "352e8570bd1116d11a72755b987902440045d346_id" , "totalInstructionalDays" : 75 , "beginDate" : "2010-09-06" , "id" : "ec0df1d0654eef0475b66a73fa7f39af74a5b4ca_id" , "entityType" : "session"}
{ "schoolYear" : "2010-2011" , "sessionName" : "Fall 2010 East Daybreak Junior High" , "term" : "Fall Semester" , "gradingPeriodReference" : [ "51cb091a11fa7a32e3cda1e5ce68128b875cd3b8_id" , "88df66ab834443555917258f43b4c0fa3e868245_id" , "2a3f27e6eb4eda425212934610cfd87cf48522eb_id"] , "endDate" : "2010-12-16" , "schoolId" : "772a61c687ee7ecd8e6d9ad3369f7883409f803b_id" , "totalInstructionalDays" : 75 , "beginDate" : "2010-09-06" , "id" : "992dba93a065fdd6c736af98158905cfccd8c0e7_id" , "entityType" : "session"}
{ "schoolYear" : "2010-2011" , "sessionName" : "Spring 2011 Daybreak Central High" , "term" : "Spring Semester" , "gradingPeriodReference" : [ "78c0886cb9d34f4517d14a97195c28219311dbb4_id" , "2d1dde83c22a17fbd9c2cccf1f2fc5af0aac3769_id" , "c29dd49f05474ddc05a21a9bce9cb452ea783a98_id"] , "endDate" : "2011-05-16" , "schoolId" : "a13489364c2eb015c219172d561c62350f0453f3_id" , "totalInstructionalDays" : 75 , "beginDate" : "2011-01-06" , "id" : "7f4adf8460f83b2e0c710e58021daf10c65fd944_id" , "entityType" : "session"}
{ "schoolYear" : "2008-2009" , "sessionName" : "Fall 2008 South Daybreak Elementary" , "term" : "Fall Semester" , "gradingPeriodReference" : [ "05ee36c8f6d1409f474cef97dc66b954794801f7_id"] , "endDate" : "2008-12-16" , "schoolId" : "352e8570bd1116d11a72755b987902440045d346_id" , "totalInstructionalDays" : 75 , "beginDate" : "2008-09-06" , "id" : "2e288a40770e4fab3f222d81c7a54ea66cdcefff_id" , "entityType" : "session"}
{ "schoolYear" : "2009-2010" , "sessionName" : "Fall 2009 East Daybreak Junior High" , "term" : "Fall Semester" , "gradingPeriodReference" : [ "51cda601eed6f7924381ad3e054ac04540ab62de_id"] , "endDate" : "2009-12-16" , "schoolId" : "772a61c687ee7ecd8e6d9ad3369f7883409f803b_id" , "totalInstructionalDays" : 75 , "beginDate" : "2009-09-06" , "id" : "ba942e512de1fd5021a69a9d452b481c7512c1bd_id" , "entityType" : "session"}
{ "schoolYear" : "2011-2012" , "sessionName" : "Fall 2011 South Daybreak Elementary" , "term" : "Fall Semester" , "gradingPeriodReference" : [ "a9707508dbaa74679d7f8ad99b837672c30a403a_id" , "d6b87c83b807a8e82250804b166ec4e970f14a56_id" , "cca5725827cca99add5a35edcb0f4bd11e1cd2d0_id"] , "endDate" : "2011-12-16" , "schoolId" : "352e8570bd1116d11a72755b987902440045d346_id" , "totalInstructionalDays" : 75 , "beginDate" : "2011-09-06" , "id" : "e4ba29d8e954795b203da1fd285fc277b9dcb167_id" , "entityType" : "session"}
{ "schoolYear" : "2009-2010" , "sessionName" : "Spring 2010 Daybreak Central High" , "term" : "Spring Semester" , "gradingPeriodReference" : [ "51cda601eed6f7924381ad3e054ac04540ab62de_id"] , "endDate" : "2010-05-16" , "schoolId" : "a13489364c2eb015c219172d561c62350f0453f3_id" , "totalInstructionalDays" : 75 , "beginDate" : "2010-01-04" , "id" : "5df92cbca7f9294bc26a4957785aa6b0077bd7b4_id" , "entityType" : "session"}
{ "schoolYear" : "2010-2011" , "sessionName" : "Spring 2011 South Daybreak Elementary" , "term" : "Spring Semester" , "gradingPeriodReference" : [ "78c0886cb9d34f4517d14a97195c28219311dbb4_id" , "2d1dde83c22a17fbd9c2cccf1f2fc5af0aac3769_id" , "c29dd49f05474ddc05a21a9bce9cb452ea783a98_id"] , "endDate" : "2011-05-16" , "schoolId" : "352e8570bd1116d11a72755b987902440045d346_id" , "totalInstructionalDays" : 75 , "beginDate" : "2011-01-06" , "id" : "442e1bbab547cd9e39f8db427c8f5fd1376396a6_id" , "entityType" : "session"}
{ "schoolYear" : "2008-2009" , "sessionName" : "Spring 2009 East Daybreak Junior High" , "term" : "Spring Semester" , "gradingPeriodReference" : [ "05ee36c8f6d1409f474cef97dc66b954794801f7_id"] , "endDate" : "2009-05-16" , "schoolId" : "772a61c687ee7ecd8e6d9ad3369f7883409f803b_id" , "totalInstructionalDays" : 75 , "beginDate" : "2009-01-04" , "id" : "a2f899c4b31e2dc11a5a5ab202d4590bb0a33c8b_id" , "entityType" : "session"}
{ "schoolYear" : "2007-2008" , "sessionName" : "Spring 2008 South Daybreak Elementary" , "term" : "Spring Semester" , "gradingPeriodReference" : [ "8e06ccc2a4460fe6138730e472d6e24e645334c0_id"] , "endDate" : "2008-05-16" , "schoolId" : "352e8570bd1116d11a72755b987902440045d346_id" , "totalInstructionalDays" : 75 , "beginDate" : "2008-01-04" , "id" : "0187d227898d8ec4587e6efc60a2c5f2d5cd2004_id" , "entityType" : "session"}
{ "schoolYear" : "2007-2008" , "sessionName" : "Fall 2007 South Daybreak Elementary" , "term" : "Fall Semester" , "gradingPeriodReference" : [ "8e06ccc2a4460fe6138730e472d6e24e645334c0_id"] , "endDate" : "2007-12-16" , "schoolId" : "352e8570bd1116d11a72755b987902440045d346_id" , "totalInstructionalDays" : 75 , "beginDate" : "2007-09-06" , "id" : "1e217f65c48cda4f5009cb1518cb33ddd51637e0_id" , "entityType" : "session"}
{ "schoolYear" : "2010-2011" , "sessionName" : "Spring 2011 East Daybreak Junior High" , "term" : "Spring Semester" , "gradingPeriodReference" : [ "78c0886cb9d34f4517d14a97195c28219311dbb4_id" , "2d1dde83c22a17fbd9c2cccf1f2fc5af0aac3769_id" , "c29dd49f05474ddc05a21a9bce9cb452ea783a98_id"] , "endDate" : "2011-05-16" , "schoolId" : "772a61c687ee7ecd8e6d9ad3369f7883409f803b_id" , "totalInstructionalDays" : 75 , "beginDate" : "2011-01-06" , "id" : "95febad2920de46273532e3317fbc34da0f3cb25_id" , "entityType" : "session"}
{ "schoolYear" : "2006-2007" , "sessionName" : "Spring 2007 South Daybreak Elementary" , "term" : "Spring Semester" , "gradingPeriodReference" : [ "91869b91e65741410c45456ed1d211fbe7838c52_id"] , "endDate" : "2006-12-16" , "schoolId" : "352e8570bd1116d11a72755b987902440045d346_id" , "totalInstructionalDays" : 75 , "beginDate" : "2006-09-06" , "id" : "97cd7f0cbfbc43255bf0cb2b768964775488be22_id" , "entityType" : "session"}
{ "schoolYear" : "2006-2007" , "sessionName" : "Fall 2006 South Daybreak Elementary" , "term" : "Fall Semester" , "gradingPeriodReference" : [ "91869b91e65741410c45456ed1d211fbe7838c52_id"] , "endDate" : "2006-12-16" , "schoolId" : "352e8570bd1116d11a72755b987902440045d346_id" , "totalInstructionalDays" : 75 , "beginDate" : "2006-09-06" , "id" : "6ffc1923cd82fad0f6958f3d22ec02b0eda80b77_id" , "entityType" : "session"}
{ "schoolYear" : "2008-2009" , "sessionName" : "Fall 2008 East Daybreak Junior High" , "term" : "Fall Semester" , "gradingPeriodReference" : [ "05ee36c8f6d1409f474cef97dc66b954794801f7_id"] , "endDate" : "2008-12-16" , "schoolId" : "772a61c687ee7ecd8e6d9ad3369f7883409f803b_id" , "totalInstructionalDays" : 75 , "beginDate" : "2008-09-06" , "id" : "f1f768e7ec6f9936b2414372dcb046a3bca7ad93_id" , "entityType" : "session"}
{ "schoolYear" : "2008-2009" , "sessionName" : "Spring 2009 South Daybreak Elementary" , "term" : "Spring Semester" , "gradingPeriodReference" : [ "05ee36c8f6d1409f474cef97dc66b954794801f7_id"] , "endDate" : "2009-05-16" , "schoolId" : "352e8570bd1116d11a72755b987902440045d346_id" , "totalInstructionalDays" : 75 , "beginDate" : "2009-01-04" , "id" : "e284bb7537665873526f50ba5c7bd2bd4f1af2a0_id" , "entityType" : "session"}
{ "schoolYear" : "2009-2010" , "sessionName" : "Spring 2010 East Daybreak Junior High" , "term" : "Spring Semester" , "gradingPeriodReference" : [ "51cda601eed6f7924381ad3e054ac04540ab62de_id"] , "endDate" : "2010-05-16" , "schoolId" : "772a61c687ee7ecd8e6d9ad3369f7883409f803b_id" , "totalInstructionalDays" : 75 , "beginDate" : "2010-01-04" , "id" : "99c167a770dc83e2793680b6429649dedc4103c1_id" , "entityType" : "session"}
{ "schoolYear" : "2011-2012" , "sessionName" : "Fall 2011 Daybreak Central High" , "term" : "Fall Semester" , "gradingPeriodReference" : [ "a9707508dbaa74679d7f8ad99b837672c30a403a_id" , "d6b87c83b807a8e82250804b166ec4e970f14a56_id" , "cca5725827cca99add5a35edcb0f4bd11e1cd2d0_id"] , "endDate" : "2011-12-16" , "schoolId" : "a13489364c2eb015c219172d561c62350f0453f3_id" , "totalInstructionalDays" : 75 , "beginDate" : "2011-09-06" , "id" : "1616b81f0857d20f01173b4d8be701573a62b1fa_id" , "entityType" : "session"}
{ "schoolYear" : "2010-2011" , "sessionName" : "Fall 2010 Daybreak Central High" , "term" : "Fall Semester" , "gradingPeriodReference" : [ "51cb091a11fa7a32e3cda1e5ce68128b875cd3b8_id" , "88df66ab834443555917258f43b4c0fa3e868245_id" , "2a3f27e6eb4eda425212934610cfd87cf48522eb_id"] , "endDate" : "2010-12-16" , "schoolId" : "a13489364c2eb015c219172d561c62350f0453f3_id" , "totalInstructionalDays" : 75 , "beginDate" : "2010-09-06" , "id" : "99a86b3c95b02cf87e37d969e6aadf02f4838e37_id" , "entityType" : "session"}
{ "schoolYear" : "2009-2010" , "sessionName" : "Fall 2009 Daybreak Central High" , "term" : "Fall Semester" , "gradingPeriodReference" : [ "51cda601eed6f7924381ad3e054ac04540ab62de_id"] , "endDate" : "2009-12-16" , "schoolId" : "a13489364c2eb015c219172d561c62350f0453f3_id" , "totalInstructionalDays" : 75 , "beginDate" : "2009-09-06" , "id" : "a809eac83494002f707100abcc6c6ad2c098d904_id" , "entityType" : "session"}
