{ "cohortId" : "e5c71e5eed5b9ded0b4df10ad97860a80cbd4d6c_id" , "studentRecordAccess" : true , "staffId" : "c9302118115a8e2f01492914ea22c4176447b6b6_id" , "endDate" : "2012-02-15" , "beginDate" : "2011-01-01" , "id" : "77d027fa7ebb00aac5b2887c9ffc2f1a19b8d8cd_id" , "entityType" : "staffCohortAssociation"}
{ "cohortId" : "d4141f13a54a30a0daef0adced5db8ef9c3d8879_id" , "studentRecordAccess" : true , "staffId" : "63d4be8a233db1fd14676f1535fa21fe4c5dd466_id" , "beginDate" : "2011-07-01" , "id" : "f330e800f77c5057b2578d99ed6d36060b939b19_id" , "entityType" : "staffCohortAssociation"}
{ "cohortId" : "e097d0f6e1e3d40d58930052eae2d7074eaa901a_id" , "studentRecordAccess" : false , "staffId" : "3a780cebc8f98982f9b7a5d548fecff42ed8f2f1_id" , "endDate" : "2012-02-15" , "beginDate" : "2010-01-15" , "id" : "d3e5eb34a5b974aceebf38548de8bbf0defd9603_id" , "entityType" : "staffCohortAssociation"}
{ "cohortId" : "e5c71e5eed5b9ded0b4df10ad97860a80cbd4d6c_id" , "studentRecordAccess" : true , "staffId" : "c9302118115a8e2f01492914ea22c4176447b6b6_id" , "endDate" : "2012-02-15" , "beginDate" : "2011-01-02" , "id" : "038daece16189eba5ee24d9218bf2540344c59b4_id" , "entityType" : "staffCohortAssociation"}
