{ "staffClassification" : "Specialist/Consultant" , "educationOrganizationReference" : "1b223f577827204a1c7e9c851dba06bea6b031fe_id" , "positionTitle" : "Researcher" , "endDate" : "2013-08-13" , "staffReference" : "948bd23862b59e1468aa5dfafbec95ea6570e0e4_id" , "beginDate" : "1967-08-13" , "id" : "b9caba67ce9b7db4e5411333de27e958a1f1c30b_id" , "entityType" : "staffEducationOrganizationAssociation"}
{ "staffClassification" : "LEA System Administrator" , "educationOrganizationReference" : "1b223f577827204a1c7e9c851dba06bea6b031fe_id" , "positionTitle" : "IT Support" , "endDate" : "2013-08-13" , "staffReference" : "dfec28d34c75a4d307d1e85579e26a81630f6a47_id" , "beginDate" : "1967-08-13" , "id" : "b7c84c87f71f56992395f5c6d36a6ac7122d12ae_id" , "entityType" : "staffEducationOrganizationAssociation"}
{ "staffClassification" : "LEA System Administrator" , "educationOrganizationReference" : "b64ee2bcc92805cdd8ada6b7d8f9c643c9459831_id" , "positionTitle" : "IT Support" , "endDate" : "2013-08-13" , "staffReference" : "e4320d0bef725998faa8579a987ada80f254e7be_id" , "beginDate" : "1967-08-13" , "id" : "5a000d037de00063995e84fdc3d0f91d9afb4b65_id" , "entityType" : "staffEducationOrganizationAssociation"}
{ "staffClassification" : "Superintendent" , "educationOrganizationReference" : "b64ee2bcc92805cdd8ada6b7d8f9c643c9459831_id" , "positionTitle" : "State Superintendent" , "endDate" : "2013-08-13" , "staffReference" : "63d4be8a233db1fd14676f1535fa21fe4c5dd466_id" , "beginDate" : "1967-08-13" , "id" : "c7572ee518a9e6a2475295440b79b9e81e1fadb3_id" , "entityType" : "staffEducationOrganizationAssociation"}
{ "staffClassification" : "Teacher" , "educationOrganizationReference" : "a13489364c2eb015c219172d561c62350f0453f3_id" , "staffReference" : "b49545f9d443dfbf93358851c903a9923f6af4dd_id" , "beginDate" : "2007-07-07" , "id" : "f5a80ce4a2c20608824e17ae41de0a61d3c42704_id" , "entityType" : "staffEducationOrganizationAssociation"}
{ "staffClassification" : "Specialist/Consultant" , "educationOrganizationReference" : "b64ee2bcc92805cdd8ada6b7d8f9c643c9459831_id" , "positionTitle" : "Researcher" , "endDate" : "2013-08-13" , "staffReference" : "a909105eca7591d418b2697d72df27ca632e16f8_id" , "beginDate" : "1967-08-13" , "id" : "346a3cc0939419b34283ec6cac2330e19a483f6f_id" , "entityType" : "staffEducationOrganizationAssociation"}
{ "staffClassification" : "Principal" , "educationOrganizationReference" : "352e8570bd1116d11a72755b987902440045d346_id" , "positionTitle" : "Principal" , "endDate" : "2013-08-13" , "staffReference" : "c9302118115a8e2f01492914ea22c4176447b6b6_id" , "beginDate" : "1967-08-13" , "id" : "386cf1674a5ddefd51275bd05bbdee0462c760f9_id" , "entityType" : "staffEducationOrganizationAssociation"}
{ "staffClassification" : "School Administrative Support Staff" , "educationOrganizationReference" : "352e8570bd1116d11a72755b987902440045d346_id" , "positionTitle" : "IT Support" , "endDate" : "2013-08-13" , "staffReference" : "3eb46a8642161ba87d46a7d94f9df0385a9c5703_id" , "beginDate" : "1967-08-13" , "id" : "c40c2f6c5348a29bda4c596ecc3c079fe720ff48_id" , "entityType" : "staffEducationOrganizationAssociation"}
{ "staffClassification" : "Teacher" , "educationOrganizationReference" : "352e8570bd1116d11a72755b987902440045d346_id" , "staffReference" : "8107c5ce31cec58d4ac0b647e91b786b03091f02_id" , "beginDate" : "2007-07-07" , "id" : "78ded3395d49f8099bf2aa75ade2f7ca181fbae1_id" , "entityType" : "staffEducationOrganizationAssociation"}
{ "staffClassification" : "Specialist/Consultant" , "educationOrganizationReference" : "352e8570bd1116d11a72755b987902440045d346_id" , "positionTitle" : "Researcher" , "endDate" : "2013-08-13" , "staffReference" : "3a780cebc8f98982f9b7a5d548fecff42ed8f2f1_id" , "beginDate" : "1967-08-13" , "id" : "3818b7c7902db6ada66d03833854e43e4f448175_id" , "entityType" : "staffEducationOrganizationAssociation"}
{ "staffClassification" : "Teacher" , "educationOrganizationReference" : "772a61c687ee7ecd8e6d9ad3369f7883409f803b_id" , "staffReference" : "6757c28005c30748f3bbda02882bf59bc81e0d71_id" , "beginDate" : "2007-07-07" , "id" : "347086ba22c007b410946511deebbb3017f49aad_id" , "entityType" : "staffEducationOrganizationAssociation"}
{ "staffClassification" : "LEA Administrator" , "educationOrganizationReference" : "1b223f577827204a1c7e9c851dba06bea6b031fe_id" , "positionTitle" : "IT Admin" , "staffReference" : "938653e083fa189a5f52360e4db0e207878c3f2e_id" , "beginDate" : "2000-01-01" , "id" : "1d4648a8bf29459821c50dc57d89823a438f11ca_id" , "entityType" : "staffEducationOrganizationAssociation"}
{ "staffClassification" : "Superintendent" , "educationOrganizationReference" : "1b223f577827204a1c7e9c851dba06bea6b031fe_id" , "positionTitle" : "District Superintendent" , "endDate" : "2013-08-13" , "staffReference" : "72ceaa42bae51d1c066141f4874567fccc7e8fdc_id" , "beginDate" : "1967-08-13" , "id" : "417e99d4263c42ae15cbf1acf6e6f6282d593a82_id" , "entityType" : "staffEducationOrganizationAssociation"}
