{ "studentRecordAccess" : false , "programId" : "a50802f02c7e771d979f7d5b3870c500014e6803_id" , "staffId" : "948bd23862b59e1468aa5dfafbec95ea6570e0e4_id" , "beginDate" : "2011-06-01" , "id" : "1c0ea205ed43afc88096ce626f22bd07a30d2729_id" , "entityType" : "staffProgramAssociation"}
{ "studentRecordAccess" : true , "programId" : "a50802f02c7e771d979f7d5b3870c500014e6803_id" , "staffId" : "dfec28d34c75a4d307d1e85579e26a81630f6a47_id" , "endDate" : "2012-02-15" , "beginDate" : "2011-01-05" , "id" : "6053fb5fd5284677564d74ef8be4ef896f0fdcea_id" , "entityType" : "staffProgramAssociation"}
{ "studentRecordAccess" : true , "programId" : "983dd657325009aefa88a234fa18bdb1e11c82a8_id" , "staffId" : "948bd23862b59e1468aa5dfafbec95ea6570e0e4_id" , "endDate" : "2012-02-15" , "beginDate" : "2011-01-05" , "id" : "5c58ef1e54c179cb2e14c51e6e07d96c1df8025d_id" , "entityType" : "staffProgramAssociation"}
{ "studentRecordAccess" : true , "programId" : "a50802f02c7e771d979f7d5b3870c500014e6803_id" , "staffId" : "948bd23862b59e1468aa5dfafbec95ea6570e0e4_id" , "endDate" : "2012-02-15" , "beginDate" : "2011-01-05" , "id" : "111fe60d49570c4407557a2606b292f917ae34a2_id" , "entityType" : "staffProgramAssociation"}
{ "studentRecordAccess" : true , "programId" : "983dd657325009aefa88a234fa18bdb1e11c82a8_id" , "staffId" : "dfec28d34c75a4d307d1e85579e26a81630f6a47_id" , "endDate" : "2012-02-15" , "beginDate" : "2011-01-05" , "id" : "44afb0480154d13d0dc2860e0b57fcb729456e83_id" , "entityType" : "staffProgramAssociation"}
{ "studentRecordAccess" : true , "programId" : "983dd657325009aefa88a234fa18bdb1e11c82a8_id" , "staffId" : "72ceaa42bae51d1c066141f4874567fccc7e8fdc_id" , "endDate" : "2012-03-16" , "beginDate" : "2011-01-01" , "id" : "5ba2fba497636aea8b67918e7094234ad3cc5113_id" , "entityType" : "staffProgramAssociation"}
{ "studentRecordAccess" : true , "programId" : "983dd657325009aefa88a234fa18bdb1e11c82a8_id" , "staffId" : "a909105eca7591d418b2697d72df27ca632e16f8_id" , "endDate" : "2012-03-16" , "beginDate" : "2011-01-01" , "id" : "5c39f4b8dd9bff032a7e0e521f466a69e49ce692_id" , "entityType" : "staffProgramAssociation"}
{ "studentRecordAccess" : true , "programId" : "a50802f02c7e771d979f7d5b3870c500014e6803_id" , "staffId" : "dfec28d34c75a4d307d1e85579e26a81630f6a47_id" , "endDate" : "2012-02-15" , "beginDate" : "2011-12-31" , "id" : "fd6206c487b9da7ffb81dbaff9e8392fef559e9e_id" , "entityType" : "staffProgramAssociation"}
{ "studentRecordAccess" : true , "programId" : "983dd657325009aefa88a234fa18bdb1e11c82a8_id" , "staffId" : "948bd23862b59e1468aa5dfafbec95ea6570e0e4_id" , "endDate" : "2012-02-15" , "beginDate" : "2011-12-31" , "id" : "d3aeaa58e9c3bb5f413a38886316d8df66781f88_id" , "entityType" : "staffProgramAssociation"}
{ "studentRecordAccess" : true , "programId" : "983dd657325009aefa88a234fa18bdb1e11c82a8_id" , "staffId" : "dfec28d34c75a4d307d1e85579e26a81630f6a47_id" , "endDate" : "2012-02-15" , "beginDate" : "2011-12-31" , "id" : "17b27c8df50a1c441f8a2806e59e45e05b899104_id" , "entityType" : "staffProgramAssociation"}
{ "studentRecordAccess" : true , "programId" : "a50802f02c7e771d979f7d5b3870c500014e6803_id" , "staffId" : "948bd23862b59e1468aa5dfafbec95ea6570e0e4_id" , "endDate" : "2012-02-15" , "beginDate" : "2011-12-31" , "id" : "8a7a9513c0a62886b122d462023313f5a28fa87f_id" , "entityType" : "staffProgramAssociation"}
