{ "loginId" : "a" , "sex" : "Female" , "staffUniqueStateId" : "sbantu" , "hispanicLatinoEthnicity" : false , "yearsOfPriorTeachingExperience" : 0 , "race" : [ "Asian"] , "yearsOfPriorProfessionalExperience" : 20 , "address" : [ { "apartmentRoomSuiteNumber" : "7B" , "streetNumberName" : "123 Wall Street" , "postalCode" : "99999" , "stateAbbreviation" : "IL" , "addressType" : "Work" , "openDate" : "1995-08-13" , "city" : "Chicago"}] , "name" : { "verification" : "Life insurance policy" , "lastSurname" : "Bantu" , "personalTitlePrefix" : "Dr" , "firstName" : "Susan"} , "electronicMail" : [ { "emailAddress" : "junk@junk.com" , "emailAddressType" : "Organization"}] , "highestLevelOfEducationCompleted" : "No Degree" , "birthDate" : "1980-02-01" , "credentials" : [ { "credentialField" : [ { "codeValue" : "IT Admin"}] , "level" : "All Level (Grade Level PK-12)" , "teachingCredentialType" : "Standard" , "credentialType" : "Certification" , "credentialIssuanceDate" : "2000-01-01"}] , "telephone" : [ { "primaryTelephoneNumberIndicator" : true , "telephoneNumber" : "a" , "telephoneNumberType" : "Fax"}] , "staffIdentificationCode" : [ { "identificationSystem" : "Selective Service" , "ID" : "a" , "assigningOrganizationCode" : "a"}] , "id" : "72ceaa42bae51d1c066141f4874567fccc7e8fdc_id" , "entityType" : "staff"}
{ "loginId" : "a" , "sex" : "Male" , "staffUniqueStateId" : "demo" , "hispanicLatinoEthnicity" : false , "oldEthnicity" : "Hispanic" , "yearsOfPriorTeachingExperience" : 0 , "race" : [ "White"] , "yearsOfPriorProfessionalExperience" : 20 , "address" : [ { "apartmentRoomSuiteNumber" : "7B" , "streetNumberName" : "123 Sesame Street" , "postalCode" : "99999" , "stateAbbreviation" : "IL" , "addressType" : "Work" , "openDate" : "1967-08-13" , "city" : "Chicago"}] , "electronicMail" : [ { "emailAddress" : "junk@junk.com" , "emailAddressType" : "Organization"}] , "name" : { "verification" : "Life insurance policy" , "lastSurname" : "Admin" , "personalTitlePrefix" : "Mr" , "firstName" : "Johnny"} , "highestLevelOfEducationCompleted" : "Doctorate" , "birthDate" : "1956-08-14" , "credentials" : [ { "credentialField" : [ { "codeValue" : "IT Admin"}] , "level" : "All Level (Grade Level PK-12)" , "teachingCredentialType" : "Standard" , "credentialType" : "Certification" , "credentialIssuanceDate" : "2000-01-01"}] , "telephone" : [ { "primaryTelephoneNumberIndicator" : true , "telephoneNumber" : "a" , "telephoneNumberType" : "Fax"}] , "staffIdentificationCode" : [ { "identificationSystem" : "Selective Service" , "ID" : "a" , "assigningOrganizationCode" : "a"}] , "id" : "938653e083fa189a5f52360e4db0e207878c3f2e_id" , "entityType" : "staff"}
{ "loginId" : "a" , "sex" : "Female" , "staffUniqueStateId" : "mgonzales" , "hispanicLatinoEthnicity" : false , "oldEthnicity" : "Hispanic" , "yearsOfPriorTeachingExperience" : 0 , "race" : [ "White"] , "yearsOfPriorProfessionalExperience" : 20 , "address" : [ { "apartmentRoomSuiteNumber" : "7B" , "streetNumberName" : "123 Sesame Street" , "postalCode" : "99999" , "stateAbbreviation" : "IL" , "addressType" : "Work" , "openDate" : "1967-08-13" , "city" : "Chicago"}] , "electronicMail" : [ { "emailAddress" : "junk@junk.com" , "emailAddressType" : "Organization"}] , "name" : { "verification" : "Life insurance policy" , "lastSurname" : "Gonzales" , "personalTitlePrefix" : "Ms" , "firstName" : "Maria"} , "highestLevelOfEducationCompleted" : "Doctorate" , "birthDate" : "1956-08-14" , "credentials" : [ { "credentialField" : [ { "codeValue" : "IT Admin"}] , "level" : "All Level (Grade Level PK-12)" , "teachingCredentialType" : "Standard" , "credentialType" : "Certification" , "credentialIssuanceDate" : "2000-01-01"}] , "telephone" : [ { "primaryTelephoneNumberIndicator" : true , "telephoneNumber" : "a" , "telephoneNumberType" : "Fax"}] , "staffIdentificationCode" : [ { "identificationSystem" : "Selective Service" , "ID" : "a" , "assigningOrganizationCode" : "a"}] , "id" : "c9302118115a8e2f01492914ea22c4176447b6b6_id" , "entityType" : "staff"}
{ "loginId" : "a" , "sex" : "Female" , "staffUniqueStateId" : "akopel" , "hispanicLatinoEthnicity" : false , "yearsOfPriorTeachingExperience" : 0 , "race" : [ "Asian"] , "yearsOfPriorProfessionalExperience" : 20 , "address" : [ { "apartmentRoomSuiteNumber" : "7B" , "streetNumberName" : "123 Sesame Street" , "postalCode" : "99999" , "stateAbbreviation" : "IL" , "addressType" : "Work" , "openDate" : "1967-08-13" , "city" : "Chicago"}] , "name" : { "verification" : "Life insurance policy" , "lastSurname" : "Kopel" , "personalTitlePrefix" : "Mrs" , "firstName" : "Amy"} , "electronicMail" : [ { "emailAddress" : "junk@junk.com" , "emailAddressType" : "Organization"}] , "highestLevelOfEducationCompleted" : "No Degree" , "birthDate" : "1980-02-01" , "credentials" : [ { "credentialField" : [ { "codeValue" : "IT Admin"}] , "level" : "All Level (Grade Level PK-12)" , "teachingCredentialType" : "Standard" , "credentialType" : "Certification" , "credentialIssuanceDate" : "2000-01-01"}] , "telephone" : [ { "primaryTelephoneNumberIndicator" : true , "telephoneNumber" : "a" , "telephoneNumberType" : "Fax"}] , "staffIdentificationCode" : [ { "identificationSystem" : "Selective Service" , "ID" : "a" , "assigningOrganizationCode" : "a"}] , "id" : "3eb46a8642161ba87d46a7d94f9df0385a9c5703_id" , "entityType" : "staff"}
{ "loginId" : "a" , "sex" : "Male" , "staffUniqueStateId" : "sampleUser" , "hispanicLatinoEthnicity" : false , "yearsOfPriorTeachingExperience" : 0 , "race" : [ "Asian"] , "yearsOfPriorProfessionalExperience" : 20 , "address" : [ { "apartmentRoomSuiteNumber" : "7B" , "streetNumberName" : "123 Wall Street" , "postalCode" : "99999" , "stateAbbreviation" : "IL" , "addressType" : "Work" , "openDate" : "1995-08-13" , "city" : "Chicago"}] , "name" : { "verification" : "Life insurance policy" , "lastSurname" : "Admin" , "personalTitlePrefix" : "Mr" , "firstName" : "Billy"} , "electronicMail" : [ { "emailAddress" : "junk@junk.com" , "emailAddressType" : "Organization"}] , "highestLevelOfEducationCompleted" : "No Degree" , "birthDate" : "1980-02-01" , "credentials" : [ { "credentialField" : [ { "codeValue" : "IT Admin"}] , "level" : "All Level (Grade Level PK-12)" , "teachingCredentialType" : "Standard" , "credentialType" : "Certification" , "credentialIssuanceDate" : "2000-01-01"}] , "telephone" : [ { "primaryTelephoneNumberIndicator" : true , "telephoneNumber" : "a" , "telephoneNumberType" : "Fax"}] , "staffIdentificationCode" : [ { "identificationSystem" : "Selective Service" , "ID" : "a" , "assigningOrganizationCode" : "a"}] , "id" : "c31c293dcd725df63a02214bae7c0a5382b8d7f0_id" , "entityType" : "staff"}
{ "loginId" : "a" , "sex" : "Male" , "staffUniqueStateId" : "ckoch" , "hispanicLatinoEthnicity" : false , "yearsOfPriorTeachingExperience" : 0 , "race" : [ "Asian"] , "yearsOfPriorProfessionalExperience" : 20 , "address" : [ { "apartmentRoomSuiteNumber" : "7B" , "streetNumberName" : "123 Sesame Street" , "postalCode" : "99999" , "stateAbbreviation" : "IL" , "addressType" : "Work" , "openDate" : "1995-08-13" , "city" : "Chicago"}] , "name" : { "verification" : "Life insurance policy" , "lastSurname" : "Koch" , "personalTitlePrefix" : "Dr" , "firstName" : "Christopher"} , "electronicMail" : [ { "emailAddress" : "junk@junk.com" , "emailAddressType" : "Organization"}] , "highestLevelOfEducationCompleted" : "No Degree" , "birthDate" : "1980-02-01" , "credentials" : [ { "credentialField" : [ { "codeValue" : "IT Admin"}] , "level" : "All Level (Grade Level PK-12)" , "teachingCredentialType" : "Standard" , "credentialType" : "Certification" , "credentialIssuanceDate" : "2000-01-01"}] , "telephone" : [ { "primaryTelephoneNumberIndicator" : true , "telephoneNumber" : "a" , "telephoneNumberType" : "Fax"}] , "staffIdentificationCode" : [ { "identificationSystem" : "Selective Service" , "ID" : "a" , "assigningOrganizationCode" : "a"}] , "id" : "63d4be8a233db1fd14676f1535fa21fe4c5dd466_id" , "entityType" : "staff"}
{ "loginId" : "a" , "sex" : "Male" , "staffUniqueStateId" : "mjohnson" , "hispanicLatinoEthnicity" : false , "yearsOfPriorTeachingExperience" : 0 , "race" : [ "Asian"] , "yearsOfPriorProfessionalExperience" : 20 , "address" : [ { "apartmentRoomSuiteNumber" : "7B" , "streetNumberName" : "123 Wall Street" , "postalCode" : "99999" , "stateAbbreviation" : "IL" , "addressType" : "Work" , "openDate" : "1995-08-13" , "city" : "Chicago"}] , "name" : { "verification" : "Life insurance policy" , "lastSurname" : "Johnson" , "personalTitlePrefix" : "Mr" , "firstName" : "Michael"} , "electronicMail" : [ { "emailAddress" : "junk@junk.com" , "emailAddressType" : "Organization"}] , "highestLevelOfEducationCompleted" : "No Degree" , "birthDate" : "1980-02-01" , "credentials" : [ { "credentialField" : [ { "codeValue" : "IT Admin"}] , "level" : "All Level (Grade Level PK-12)" , "teachingCredentialType" : "Standard" , "credentialType" : "Certification" , "credentialIssuanceDate" : "2000-01-01"}] , "telephone" : [ { "primaryTelephoneNumberIndicator" : true , "telephoneNumber" : "a" , "telephoneNumberType" : "Fax"}] , "staffIdentificationCode" : [ { "identificationSystem" : "Selective Service" , "ID" : "a" , "assigningOrganizationCode" : "a"}] , "id" : "a909105eca7591d418b2697d72df27ca632e16f8_id" , "entityType" : "staff"}
{ "loginId" : "a" , "sex" : "Female" , "staffUniqueStateId" : "msmith" , "hispanicLatinoEthnicity" : false , "yearsOfPriorTeachingExperience" : 0 , "race" : [ "Asian"] , "yearsOfPriorProfessionalExperience" : 20 , "address" : [ { "apartmentRoomSuiteNumber" : "7B" , "streetNumberName" : "123 Sesame Street" , "postalCode" : "99999" , "stateAbbreviation" : "IL" , "addressType" : "Work" , "openDate" : "1967-08-13" , "city" : "Chicago"}] , "name" : { "verification" : "Life insurance policy" , "lastSurname" : "Smith" , "personalTitlePrefix" : "Mrs" , "firstName" : "Mary"} , "electronicMail" : [ { "emailAddress" : "junk@junk.com" , "emailAddressType" : "Organization"}] , "highestLevelOfEducationCompleted" : "No Degree" , "birthDate" : "1980-02-01" , "credentials" : [ { "credentialField" : [ { "codeValue" : "IT Admin"}] , "level" : "All Level (Grade Level PK-12)" , "teachingCredentialType" : "Standard" , "credentialType" : "Certification" , "credentialIssuanceDate" : "2000-01-01"}] , "telephone" : [ { "primaryTelephoneNumberIndicator" : true , "telephoneNumber" : "a" , "telephoneNumberType" : "Fax"}] , "staffIdentificationCode" : [ { "identificationSystem" : "Selective Service" , "ID" : "a" , "assigningOrganizationCode" : "a"}] , "id" : "3a780cebc8f98982f9b7a5d548fecff42ed8f2f1_id" , "entityType" : "staff"}
{ "loginId" : "a" , "sex" : "Male" , "staffUniqueStateId" : "jstevenson" , "hispanicLatinoEthnicity" : false , "yearsOfPriorTeachingExperience" : 0 , "race" : [ "Asian"] , "yearsOfPriorProfessionalExperience" : 20 , "address" : [ { "apartmentRoomSuiteNumber" : "7B" , "streetNumberName" : "123 Wall Street" , "postalCode" : "99999" , "stateAbbreviation" : "IL" , "addressType" : "Work" , "openDate" : "1995-08-13" , "city" : "Chicago"}] , "name" : { "verification" : "Life insurance policy" , "lastSurname" : "Stevenson" , "personalTitlePrefix" : "Mr" , "firstName" : "James"} , "electronicMail" : [ { "emailAddress" : "junk@junk.com" , "emailAddressType" : "Organization"}] , "highestLevelOfEducationCompleted" : "No Degree" , "birthDate" : "1980-02-01" , "credentials" : [ { "credentialField" : [ { "codeValue" : "IT Admin"}] , "level" : "All Level (Grade Level PK-12)" , "teachingCredentialType" : "Standard" , "credentialType" : "Certification" , "credentialIssuanceDate" : "2000-01-01"}] , "telephone" : [ { "primaryTelephoneNumberIndicator" : true , "telephoneNumber" : "a" , "telephoneNumberType" : "Fax"}] , "staffIdentificationCode" : [ { "identificationSystem" : "Selective Service" , "ID" : "a" , "assigningOrganizationCode" : "a"}] , "id" : "dfec28d34c75a4d307d1e85579e26a81630f6a47_id" , "entityType" : "staff"}
{ "loginId" : "a" , "sex" : "Male" , "staffUniqueStateId" : "jjackson" , "hispanicLatinoEthnicity" : false , "yearsOfPriorTeachingExperience" : 0 , "race" : [ "Asian"] , "yearsOfPriorProfessionalExperience" : 20 , "address" : [ { "nameOfCounty" : "SI" , "apartmentRoomSuiteNumber" : "7B" , "streetNumberName" : "123 Wall Street" , "postalCode" : "99999" , "stateAbbreviation" : "IL" , "addressType" : "Work" , "openDate" : "1995-08-13" , "city" : "Chicago"}] , "name" : { "verification" : "Life insurance policy" , "lastSurname" : "Jackson" , "personalTitlePrefix" : "Mr" , "firstName" : "Jack"} , "electronicMail" : [ { "emailAddress" : "junk@junk.com" , "emailAddressType" : "Organization"}] , "highestLevelOfEducationCompleted" : "No Degree" , "birthDate" : "1980-02-01" , "credentials" : [ { "credentialField" : [ { "codeValue" : "IT Admin"}] , "level" : "All Level (Grade Level PK-12)" , "teachingCredentialType" : "Standard" , "credentialType" : "Certification" , "credentialIssuanceDate" : "2000-01-01"}] , "telephone" : [ { "primaryTelephoneNumberIndicator" : true , "telephoneNumber" : "a" , "telephoneNumberType" : "Fax"}] , "staffIdentificationCode" : [ { "identificationSystem" : "Selective Service" , "ID" : "a" , "assigningOrganizationCode" : "a"}] , "id" : "948bd23862b59e1468aa5dfafbec95ea6570e0e4_id" , "entityType" : "staff"}
{ "loginId" : "a" , "sex" : "Male" , "staffUniqueStateId" : "rrogers" , "hispanicLatinoEthnicity" : false , "yearsOfPriorTeachingExperience" : 0 , "race" : [ "Asian"] , "yearsOfPriorProfessionalExperience" : 20 , "address" : [ { "apartmentRoomSuiteNumber" : "7B" , "streetNumberName" : "123 Sesame Street" , "postalCode" : "99999" , "stateAbbreviation" : "IL" , "addressType" : "Work" , "openDate" : "1995-08-13" , "city" : "Chicago"}] , "name" : { "verification" : "Life insurance policy" , "lastSurname" : "Rogers" , "personalTitlePrefix" : "Mr" , "firstName" : "Rick"} , "electronicMail" : [ { "emailAddress" : "junk@junk.com" , "emailAddressType" : "Organization"}] , "highestLevelOfEducationCompleted" : "No Degree" , "birthDate" : "1980-02-01" , "credentials" : [ { "credentialField" : [ { "codeValue" : "IT Admin"}] , "level" : "All Level (Grade Level PK-12)" , "teachingCredentialType" : "Standard" , "credentialType" : "Certification" , "credentialIssuanceDate" : "2000-01-01"}] , "telephone" : [ { "primaryTelephoneNumberIndicator" : true , "telephoneNumber" : "a" , "telephoneNumberType" : "Fax"}] , "staffIdentificationCode" : [ { "identificationSystem" : "Selective Service" , "ID" : "a" , "assigningOrganizationCode" : "a"}] , "id" : "e4320d0bef725998faa8579a987ada80f254e7be_id" , "entityType" : "staff"}
