{ "schoolYear" : "2009-2010" , "studentId" : "a68bbec1d161945b6c1a537ee7d5f81e95620b65_id" , "sessionId" : "7f4adf8460f83b2e0c710e58021daf10c65fd944_id" , "cumulativeGradePointAverage" : 3.2 , "cumulativeCreditsAttempted" : { "creditConversion" : 0.0 , "creditType" : "Semester hour credit" , "credit" : 5.0} , "reportCards" : [ ] , "id" : "933be6558c1bd26aae4b73092679976e3567a437_id" , "entityType" : "studentAcademicRecord"}
{ "schoolYear" : "2009-2010" , "studentId" : "13ad3d6f880f76290f95426200e560f9b83b5278_id" , "sessionId" : "95febad2920de46273532e3317fbc34da0f3cb25_id" , "cumulativeGradePointAverage" : 3.2 , "cumulativeCreditsAttempted" : { "creditConversion" : 0.0 , "creditType" : "Semester hour credit" , "credit" : 5.0} , "reportCards" : [ ] , "id" : "000d77b58e750783defa5eaae8f1a9ccd4713263_id" , "entityType" : "studentAcademicRecord"}
{ "schoolYear" : "2009-2010" , "studentId" : "38e5c3b95d55f20c60d37d21501f649b55e48bd8_id" , "sessionId" : "7f4adf8460f83b2e0c710e58021daf10c65fd944_id" , "cumulativeGradePointAverage" : 3.2 , "cumulativeCreditsAttempted" : { "creditConversion" : 0.0 , "creditType" : "Semester hour credit" , "credit" : 5.0} , "reportCards" : [ ] , "id" : "2895e6b7599e9b14228e8ea7daada403873e1f73_id" , "entityType" : "studentAcademicRecord"}
{ "schoolYear" : "2009-2010" , "studentId" : "9bcfe162d8bf132e56ffa297160f958b4e288fbb_id" , "sessionId" : "95febad2920de46273532e3317fbc34da0f3cb25_id" , "cumulativeGradePointAverage" : 3.3 , "cumulativeCreditsAttempted" : { "creditConversion" : 0.0 , "creditType" : "Semester hour credit" , "credit" : 6.0} , "reportCards" : [ ] , "id" : "6fac94369b4845fe585b7962837ccaea76687016_id" , "entityType" : "studentAcademicRecord"}
{ "schoolYear" : "2009-2010" , "studentId" : "e0cdf6864b674e3c3dc9747ce584d06ff74091b1_id" , "sessionId" : "95febad2920de46273532e3317fbc34da0f3cb25_id" , "cumulativeGradePointAverage" : 3.2 , "cumulativeCreditsAttempted" : { "creditConversion" : 0.0 , "creditType" : "Semester hour credit" , "credit" : 5.0} , "reportCards" : [ ] , "id" : "fd69a9e758118cf6b765c3d6815015eb2d733557_id" , "entityType" : "studentAcademicRecord"}
{ "schoolYear" : "2009-2010" , "studentId" : "2a0191a8154291d83e575fb51cb1c971ac1a8cc9_id" , "sessionId" : "95febad2920de46273532e3317fbc34da0f3cb25_id" , "cumulativeGradePointAverage" : 3.2 , "cumulativeCreditsAttempted" : { "creditConversion" : 0.0 , "creditType" : "Semester hour credit" , "credit" : 5.0} , "reportCards" : [ ] , "id" : "f896ff35ebdaf7cb1f77abd218e4e2ae40c6a95d_id" , "entityType" : "studentAcademicRecord"}
{ "schoolYear" : "2009-2010" , "studentId" : "5ed266b0dc37ab27b1d2c282491dbac0a576a107_id" , "sessionId" : "99a86b3c95b02cf87e37d969e6aadf02f4838e37_id" , "cumulativeGradePointAverage" : 3.2 , "cumulativeCreditsAttempted" : { "creditConversion" : 0.0 , "creditType" : "Semester hour credit" , "credit" : 5.0} , "reportCards" : [ ] , "id" : "769aa8bcdd4ca334733ebba4d9a3a37bf326f9f1_id" , "entityType" : "studentAcademicRecord"}
{ "schoolYear" : "2009-2010" , "studentId" : "d010a8b710783e4fd409cc7a8ddd780cd16ff89b_id" , "sessionId" : "95febad2920de46273532e3317fbc34da0f3cb25_id" , "cumulativeGradePointAverage" : 3.2 , "cumulativeCreditsAttempted" : { "creditConversion" : 0.0 , "creditType" : "Semester hour credit" , "credit" : 5.0} , "reportCards" : [ ] , "id" : "66fa2c712c86aa1682514b7a63c057c0bf20f9f0_id" , "entityType" : "studentAcademicRecord"}
{ "schoolYear" : "2009-2010" , "studentId" : "4dff37694563f59c74a47b76505364623dfddd8e_id" , "sessionId" : "95febad2920de46273532e3317fbc34da0f3cb25_id" , "cumulativeGradePointAverage" : 3.2 , "cumulativeCreditsAttempted" : { "creditConversion" : 0.0 , "creditType" : "Semester hour credit" , "credit" : 5.0} , "reportCards" : [ ] , "id" : "c8f0b25749fb684a882c189e6964d6d47a17e27d_id" , "entityType" : "studentAcademicRecord"}
{ "schoolYear" : "2009-2010" , "studentId" : "2474c3b2906eab72c1ee4b06a5c4ebf02d02aace_id" , "sessionId" : "99a86b3c95b02cf87e37d969e6aadf02f4838e37_id" , "cumulativeGradePointAverage" : 3.2 , "cumulativeCreditsAttempted" : { "creditConversion" : 0.0 , "creditType" : "Semester hour credit" , "credit" : 6.0} , "reportCards" : [ ] , "id" : "7075b0373a9d5541c05152723f801718155d2b3c_id" , "entityType" : "studentAcademicRecord"}
{ "schoolYear" : "2009-2010" , "studentId" : "2474c3b2906eab72c1ee4b06a5c4ebf02d02aace_id" , "sessionId" : "a2f899c4b31e2dc11a5a5ab202d4590bb0a33c8b_id" , "cumulativeGradePointAverage" : 3.2 , "cumulativeCreditsAttempted" : { "creditConversion" : 0.0 , "creditType" : "Semester hour credit" , "credit" : 6.0} , "reportCards" : [ ] , "id" : "a1e159796736acfe35a3dda1ece214dc380a2714_id" , "entityType" : "studentAcademicRecord"}
{ "schoolYear" : "2009-2010" , "studentId" : "968c1c327d88b849d08a85d951c6652c012e06c0_id" , "sessionId" : "95febad2920de46273532e3317fbc34da0f3cb25_id" , "cumulativeGradePointAverage" : 3.2 , "cumulativeCreditsAttempted" : { "creditConversion" : 0.0 , "creditType" : "Semester hour credit" , "credit" : 5.0} , "reportCards" : [ ] , "id" : "0af24b6354c7e92338bd7ea92c9c0797c0fca176_id" , "entityType" : "studentAcademicRecord"}
{ "schoolYear" : "2009-2010" , "studentId" : "d106bb3d8cc213f50c49e0fa94c875a35fb64f64_id" , "sessionId" : "7f4adf8460f83b2e0c710e58021daf10c65fd944_id" , "cumulativeGradePointAverage" : 3.2 , "cumulativeCreditsAttempted" : { "creditConversion" : 0.0 , "creditType" : "Semester hour credit" , "credit" : 5.0} , "reportCards" : [ ] , "id" : "00ff667edc563ababc196162bfe29fffaf295bed_id" , "entityType" : "studentAcademicRecord"}
{ "schoolYear" : "2009-2010" , "studentId" : "067198fd6da91e1aa8d67e28e850f224d6851713_id" , "sessionId" : "992dba93a065fdd6c736af98158905cfccd8c0e7_id" , "cumulativeGradePointAverage" : 3.4 , "cumulativeCreditsAttempted" : { "creditConversion" : 0.0 , "creditType" : "Semester hour credit" , "credit" : 6.0} , "reportCards" : [ ] , "id" : "1272719cf8247946b9ef689bf1860b27e7df7828_id" , "entityType" : "studentAcademicRecord"}
{ "schoolYear" : "2009-2010" , "studentId" : "0a987f6ee7566f28fc5b652b9a92482c1bdca1d9_id" , "sessionId" : "95febad2920de46273532e3317fbc34da0f3cb25_id" , "cumulativeGradePointAverage" : 3.2 , "cumulativeCreditsAttempted" : { "creditConversion" : 0.0 , "creditType" : "Semester hour credit" , "credit" : 5.0} , "reportCards" : [ ] , "id" : "fa3b46d41419424adae96a83b121ffa8105d8f21_id" , "entityType" : "studentAcademicRecord"}
{ "schoolYear" : "2009-2010" , "studentId" : "42a35b11ff9c3d36680e4bf023fa77db6176cea4_id" , "sessionId" : "99a86b3c95b02cf87e37d969e6aadf02f4838e37_id" , "cumulativeGradePointAverage" : 3.2 , "cumulativeCreditsAttempted" : { "creditConversion" : 0.0 , "creditType" : "Semester hour credit" , "credit" : 5.0} , "reportCards" : [ ] , "id" : "e65ac158cc742226267c78aa6453a926fe42214a_id" , "entityType" : "studentAcademicRecord"}
{ "schoolYear" : "2009-2010" , "studentId" : "afb4bb8a41d8ae768f9dbe7e34d44254071b6657_id" , "sessionId" : "992dba93a065fdd6c736af98158905cfccd8c0e7_id" , "cumulativeGradePointAverage" : 3.2 , "cumulativeCreditsAttempted" : { "creditConversion" : 0.0 , "creditType" : "Semester hour credit" , "credit" : 5.0} , "reportCards" : [ ] , "id" : "ff98736ce2daeb3e9784dd329a9d21b8ca624a44_id" , "entityType" : "studentAcademicRecord"}
{ "schoolYear" : "2009-2010" , "studentId" : "2004de29bc06ba9162b51d270cef1e09b792fa7c_id" , "sessionId" : "99a86b3c95b02cf87e37d969e6aadf02f4838e37_id" , "cumulativeGradePointAverage" : 3.2 , "cumulativeCreditsAttempted" : { "creditConversion" : 0.0 , "creditType" : "Semester hour credit" , "credit" : 5.0} , "reportCards" : [ ] , "id" : "5d92ffa8eee7a586f0ef69a2b303c429c7cfd594_id" , "entityType" : "studentAcademicRecord"}
{ "schoolYear" : "2009-2010" , "studentId" : "b2ef46582397408724e309b84fbd68e42acc70d6_id" , "sessionId" : "95febad2920de46273532e3317fbc34da0f3cb25_id" , "cumulativeGradePointAverage" : 3.2 , "cumulativeCreditsAttempted" : { "creditConversion" : 0.0 , "creditType" : "Semester hour credit" , "credit" : 5.0} , "reportCards" : [ ] , "id" : "b4322e5bebe30bb7e568fd75b6c7c54dce56970e_id" , "entityType" : "studentAcademicRecord"}
{ "schoolYear" : "2009-2010" , "studentId" : "e55c11dc3999cde82843ca4bd8d9325b1ae3edcd_id" , "sessionId" : "99a86b3c95b02cf87e37d969e6aadf02f4838e37_id" , "cumulativeGradePointAverage" : 3.2 , "cumulativeCreditsAttempted" : { "creditConversion" : 0.0 , "creditType" : "Semester hour credit" , "credit" : 5.0} , "reportCards" : [ ] , "id" : "657713d4dc027a1adee09c0ea662b22193294eda_id" , "entityType" : "studentAcademicRecord"}
{ "schoolYear" : "2009-2010" , "studentId" : "7fb7741b5aea5d17bb01d5775c5df55524604868_id" , "sessionId" : "99a86b3c95b02cf87e37d969e6aadf02f4838e37_id" , "cumulativeGradePointAverage" : 3.2 , "cumulativeCreditsAttempted" : { "creditConversion" : 0.0 , "creditType" : "Semester hour credit" , "credit" : 5.0} , "reportCards" : [ ] , "id" : "27c160870ecf83fe00ebdb5203e38e03dcfb9810_id" , "entityType" : "studentAcademicRecord"}
{ "schoolYear" : "2009-2010" , "studentId" : "0f6aa0e0b108ea45701697c82f3fca6a9ac7b609_id" , "sessionId" : "99a86b3c95b02cf87e37d969e6aadf02f4838e37_id" , "cumulativeGradePointAverage" : 3.2 , "cumulativeCreditsAttempted" : { "creditConversion" : 0.0 , "creditType" : "Semester hour credit" , "credit" : 5.0} , "reportCards" : [ ] , "id" : "ab5cecef7d76285e193617205fb3a2e67b4c07a1_id" , "entityType" : "studentAcademicRecord"}
{ "schoolYear" : "2009-2010" , "studentId" : "c20c4b37f887348b67a02091dc10ee6b27fbd1ce_id" , "sessionId" : "95febad2920de46273532e3317fbc34da0f3cb25_id" , "cumulativeGradePointAverage" : 3.2 , "cumulativeCreditsAttempted" : { "creditConversion" : 0.0 , "creditType" : "Semester hour credit" , "credit" : 5.0} , "reportCards" : [ ] , "id" : "673a875f8f67154a92fa34454db0acf54face642_id" , "entityType" : "studentAcademicRecord"}
{ "schoolYear" : "2009-2010" , "studentId" : "dba9c25a02f684cdb5c81b6ee52a9512d4482d4b_id" , "sessionId" : "7f4adf8460f83b2e0c710e58021daf10c65fd944_id" , "cumulativeGradePointAverage" : 3.2 , "cumulativeCreditsAttempted" : { "creditConversion" : 0.0 , "creditType" : "Semester hour credit" , "credit" : 5.0} , "reportCards" : [ ] , "id" : "5f1794ea9b7dcc9ef4ee397ad3b0deb263160b68_id" , "entityType" : "studentAcademicRecord"}
{ "schoolYear" : "2009-2010" , "studentId" : "722a125fc33c5cd96178425b97b3d7b1a908b014_id" , "sessionId" : "95febad2920de46273532e3317fbc34da0f3cb25_id" , "cumulativeGradePointAverage" : 3.2 , "cumulativeCreditsAttempted" : { "creditConversion" : 0.0 , "creditType" : "Semester hour credit" , "credit" : 5.0} , "reportCards" : [ ] , "id" : "038de87af6f704966d736351c41e64869390e97d_id" , "entityType" : "studentAcademicRecord"}
{ "schoolYear" : "2009-2010" , "studentId" : "46897ed380267c95553e1a5f10a440526f632bf5_id" , "sessionId" : "95febad2920de46273532e3317fbc34da0f3cb25_id" , "cumulativeGradePointAverage" : 3.2 , "cumulativeCreditsAttempted" : { "creditConversion" : 0.0 , "creditType" : "Semester hour credit" , "credit" : 5.0} , "reportCards" : [ ] , "id" : "7f76333f3c9ef73e797f1d008c8b5c7b6f827849_id" , "entityType" : "studentAcademicRecord"}
{ "schoolYear" : "2009-2010" , "studentId" : "4dff37694563f59c74a47b76505364623dfddd8e_id" , "sessionId" : "992dba93a065fdd6c736af98158905cfccd8c0e7_id" , "cumulativeGradePointAverage" : 3.2 , "cumulativeCreditsAttempted" : { "creditConversion" : 0.0 , "creditType" : "Semester hour credit" , "credit" : 5.0} , "reportCards" : [ ] , "id" : "0cf95d601ceda53ad48e247665526da7dd30ac58_id" , "entityType" : "studentAcademicRecord"}
{ "schoolYear" : "2009-2010" , "studentId" : "e0cdf6864b674e3c3dc9747ce584d06ff74091b1_id" , "sessionId" : "992dba93a065fdd6c736af98158905cfccd8c0e7_id" , "cumulativeGradePointAverage" : 3.2 , "cumulativeCreditsAttempted" : { "creditConversion" : 0.0 , "creditType" : "Semester hour credit" , "credit" : 5.0} , "reportCards" : [ ] , "id" : "ba156a2777de97dde33813ba0aea3bd417d9c034_id" , "entityType" : "studentAcademicRecord"}
{ "schoolYear" : "2009-2010" , "studentId" : "067198fd6da91e1aa8d67e28e850f224d6851713_id" , "sessionId" : "ba942e512de1fd5021a69a9d452b481c7512c1bd_id" , "cumulativeGradePointAverage" : 3.1 , "cumulativeCreditsAttempted" : { "creditConversion" : 0.0 , "creditType" : "Semester hour credit" , "credit" : 6.0} , "reportCards" : [ ] , "id" : "0f2d4dc344c396c6b2ad071957c235eaa82c7553_id" , "entityType" : "studentAcademicRecord"}
{ "schoolYear" : "2009-2010" , "studentId" : "067198fd6da91e1aa8d67e28e850f224d6851713_id" , "sessionId" : "0187d227898d8ec4587e6efc60a2c5f2d5cd2004_id" , "cumulativeGradePointAverage" : 3.3 , "cumulativeCreditsAttempted" : { "creditConversion" : 0.0 , "creditType" : "Semester hour credit" , "credit" : 6.0} , "reportCards" : [ ] , "id" : "f59d383157a388c6280a9dad812a124495027b4f_id" , "entityType" : "studentAcademicRecord"}
{ "schoolYear" : "2009-2010" , "studentId" : "2a0191a8154291d83e575fb51cb1c971ac1a8cc9_id" , "sessionId" : "992dba93a065fdd6c736af98158905cfccd8c0e7_id" , "cumulativeGradePointAverage" : 3.2 , "cumulativeCreditsAttempted" : { "creditConversion" : 0.0 , "creditType" : "Semester hour credit" , "credit" : 5.0} , "reportCards" : [ ] , "id" : "70917aac47385caaba618f9082f896f4ba07d306_id" , "entityType" : "studentAcademicRecord"}
{ "schoolYear" : "2009-2010" , "studentId" : "968c1c327d88b849d08a85d951c6652c012e06c0_id" , "sessionId" : "992dba93a065fdd6c736af98158905cfccd8c0e7_id" , "cumulativeGradePointAverage" : 3.2 , "cumulativeCreditsAttempted" : { "creditConversion" : 0.0 , "creditType" : "Semester hour credit" , "credit" : 5.0} , "reportCards" : [ ] , "id" : "5293a0b384bb9f649a43df75ce45666d5380fecb_id" , "entityType" : "studentAcademicRecord"}
{ "schoolYear" : "2009-2010" , "studentId" : "64d2603905c991b938ebe54ec85ae1302be09ee5_id" , "sessionId" : "99a86b3c95b02cf87e37d969e6aadf02f4838e37_id" , "cumulativeGradePointAverage" : 3.2 , "cumulativeCreditsAttempted" : { "creditConversion" : 0.0 , "creditType" : "Semester hour credit" , "credit" : 5.0} , "reportCards" : [ ] , "id" : "27a9e498340636b2e6e859709f4fe476bab612d5_id" , "entityType" : "studentAcademicRecord"}
{ "schoolYear" : "2009-2010" , "studentId" : "366e15c0213a81f653cdcf524606edeed3f80f99_id" , "sessionId" : "99a86b3c95b02cf87e37d969e6aadf02f4838e37_id" , "cumulativeGradePointAverage" : 3.2 , "cumulativeCreditsAttempted" : { "creditConversion" : 0.0 , "creditType" : "Semester hour credit" , "credit" : 5.0} , "reportCards" : [ ] , "id" : "2295dbfd28243d17923bcfab547a1c1b2cb8f0cd_id" , "entityType" : "studentAcademicRecord"}
{ "schoolYear" : "2009-2010" , "studentId" : "a68bbec1d161945b6c1a537ee7d5f81e95620b65_id" , "sessionId" : "99a86b3c95b02cf87e37d969e6aadf02f4838e37_id" , "cumulativeGradePointAverage" : 3.2 , "cumulativeCreditsAttempted" : { "creditConversion" : 0.0 , "creditType" : "Semester hour credit" , "credit" : 5.0} , "reportCards" : [ ] , "id" : "773642fba5889b2103903c57f4bcdd587d08a6c6_id" , "entityType" : "studentAcademicRecord"}
{ "schoolYear" : "2009-2010" , "studentId" : "442ba2cfe194a954c7cceb2858d2c85e8d30384a_id" , "sessionId" : "992dba93a065fdd6c736af98158905cfccd8c0e7_id" , "cumulativeGradePointAverage" : 3.2 , "cumulativeCreditsAttempted" : { "creditConversion" : 0.0 , "creditType" : "Semester hour credit" , "credit" : 5.0} , "reportCards" : [ ] , "id" : "90ee9060b631ab5f58f523c406225bbd3b5a5598_id" , "entityType" : "studentAcademicRecord"}
{ "schoolYear" : "2009-2010" , "studentId" : "9699bf2182182c7bb71fc61e8168608b32c0e738_id" , "sessionId" : "7f4adf8460f83b2e0c710e58021daf10c65fd944_id" , "cumulativeGradePointAverage" : 3.2 , "cumulativeCreditsAttempted" : { "creditConversion" : 0.0 , "creditType" : "Semester hour credit" , "credit" : 5.0} , "reportCards" : [ ] , "id" : "d8fb89f76120a2f8df5efcdbf01d7fc1757358d3_id" , "entityType" : "studentAcademicRecord"}
{ "schoolYear" : "2009-2010" , "studentId" : "c20c4b37f887348b67a02091dc10ee6b27fbd1ce_id" , "sessionId" : "992dba93a065fdd6c736af98158905cfccd8c0e7_id" , "cumulativeGradePointAverage" : 3.2 , "cumulativeCreditsAttempted" : { "creditConversion" : 0.0 , "creditType" : "Semester hour credit" , "credit" : 5.0} , "reportCards" : [ ] , "id" : "2f9a03234b670e7a661dcf8edc90f6be1ec2cd57_id" , "entityType" : "studentAcademicRecord"}
{ "schoolYear" : "2009-2010" , "studentId" : "38e5c3b95d55f20c60d37d21501f649b55e48bd8_id" , "sessionId" : "99a86b3c95b02cf87e37d969e6aadf02f4838e37_id" , "cumulativeGradePointAverage" : 3.2 , "cumulativeCreditsAttempted" : { "creditConversion" : 0.0 , "creditType" : "Semester hour credit" , "credit" : 5.0} , "reportCards" : [ ] , "id" : "b53d03373ce633bd25439060692621e92ffe5f64_id" , "entityType" : "studentAcademicRecord"}
{ "schoolYear" : "2009-2010" , "studentId" : "0d0f61e56de8461eb4f721a9e2c88aa1cdc9fa3b_id" , "sessionId" : "99a86b3c95b02cf87e37d969e6aadf02f4838e37_id" , "cumulativeGradePointAverage" : 3.2 , "cumulativeCreditsAttempted" : { "creditConversion" : 0.0 , "creditType" : "Semester hour credit" , "credit" : 5.0} , "reportCards" : [ ] , "id" : "a268c6381705b5c4364084cf7c35b8ff1f29a068_id" , "entityType" : "studentAcademicRecord"}
{ "schoolYear" : "2009-2010" , "studentId" : "e42e539bde5b4f76b00223b17ac168d8c6bd9ef3_id" , "sessionId" : "992dba93a065fdd6c736af98158905cfccd8c0e7_id" , "cumulativeGradePointAverage" : 3.2 , "cumulativeCreditsAttempted" : { "creditConversion" : 0.0 , "creditType" : "Semester hour credit" , "credit" : 5.0} , "reportCards" : [ ] , "id" : "f9803b298fd3cd8a6d8dfd782de592473ae9e009_id" , "entityType" : "studentAcademicRecord"}
{ "schoolYear" : "2009-2010" , "studentId" : "97144661247f1646b4e284fbc4584afd35a00549_id" , "sessionId" : "95febad2920de46273532e3317fbc34da0f3cb25_id" , "cumulativeGradePointAverage" : 3.2 , "cumulativeCreditsAttempted" : { "creditConversion" : 0.0 , "creditType" : "Semester hour credit" , "credit" : 5.0} , "reportCards" : [ ] , "id" : "8b1235f2eadffd4a65f4fa3a19ffaff722571d2d_id" , "entityType" : "studentAcademicRecord"}
{ "schoolYear" : "2009-2010" , "studentId" : "992acec0eb22a56436252fd0e0a6b028c6bdc88b_id" , "sessionId" : "992dba93a065fdd6c736af98158905cfccd8c0e7_id" , "cumulativeGradePointAverage" : 3.2 , "cumulativeCreditsAttempted" : { "creditConversion" : 0.0 , "creditType" : "Semester hour credit" , "credit" : 5.0} , "reportCards" : [ ] , "id" : "969966b89e6602666b2755db426a4f1c554cb938_id" , "entityType" : "studentAcademicRecord"}
{ "schoolYear" : "2009-2010" , "studentId" : "fa250b49f53198d004996b7b3220fea07b2e007d_id" , "sessionId" : "7f4adf8460f83b2e0c710e58021daf10c65fd944_id" , "cumulativeGradePointAverage" : 3.2 , "cumulativeCreditsAttempted" : { "creditConversion" : 0.0 , "creditType" : "Semester hour credit" , "credit" : 5.0} , "reportCards" : [ ] , "id" : "1dfc5727b2d99f8eb533ee9785576192ee42223d_id" , "entityType" : "studentAcademicRecord"}
{ "schoolYear" : "2009-2010" , "studentId" : "2474c3b2906eab72c1ee4b06a5c4ebf02d02aace_id" , "sessionId" : "f1f768e7ec6f9936b2414372dcb046a3bca7ad93_id" , "cumulativeGradePointAverage" : 2.8 , "cumulativeCreditsAttempted" : { "creditConversion" : 0.0 , "creditType" : "Semester hour credit" , "credit" : 6.0} , "reportCards" : [ ] , "id" : "829becd09686f7ab8afd2187da4489d6f66616ea_id" , "entityType" : "studentAcademicRecord"}
{ "schoolYear" : "2009-2010" , "studentId" : "2004de29bc06ba9162b51d270cef1e09b792fa7c_id" , "sessionId" : "7f4adf8460f83b2e0c710e58021daf10c65fd944_id" , "cumulativeGradePointAverage" : 3.2 , "cumulativeCreditsAttempted" : { "creditConversion" : 0.0 , "creditType" : "Semester hour credit" , "credit" : 5.0} , "reportCards" : [ ] , "id" : "1adc937d26165c19e86aaadaf8774d6d9f1e3b95_id" , "entityType" : "studentAcademicRecord"}
{ "schoolYear" : "2009-2010" , "studentId" : "442ba2cfe194a954c7cceb2858d2c85e8d30384a_id" , "sessionId" : "95febad2920de46273532e3317fbc34da0f3cb25_id" , "cumulativeGradePointAverage" : 3.2 , "cumulativeCreditsAttempted" : { "creditConversion" : 0.0 , "creditType" : "Semester hour credit" , "credit" : 5.0} , "reportCards" : [ ] , "id" : "49fef169c52399e8a5784b6b7f2aea4fc113dbf8_id" , "entityType" : "studentAcademicRecord"}
{ "schoolYear" : "2009-2010" , "studentId" : "fa250b49f53198d004996b7b3220fea07b2e007d_id" , "sessionId" : "99a86b3c95b02cf87e37d969e6aadf02f4838e37_id" , "cumulativeGradePointAverage" : 3.2 , "cumulativeCreditsAttempted" : { "creditConversion" : 0.0 , "creditType" : "Semester hour credit" , "credit" : 5.0} , "reportCards" : [ ] , "id" : "e49dfd70a7e0240aa7d75fefcf1e9f59a7e32cca_id" , "entityType" : "studentAcademicRecord"}
{ "schoolYear" : "2009-2010" , "studentId" : "992acec0eb22a56436252fd0e0a6b028c6bdc88b_id" , "sessionId" : "95febad2920de46273532e3317fbc34da0f3cb25_id" , "cumulativeGradePointAverage" : 3.2 , "cumulativeCreditsAttempted" : { "creditConversion" : 0.0 , "creditType" : "Semester hour credit" , "credit" : 5.0} , "reportCards" : [ ] , "id" : "0dc8a718973d7d9bfe884d7f370710d606b69ed6_id" , "entityType" : "studentAcademicRecord"}
{ "schoolYear" : "2009-2010" , "studentId" : "e53be010bfee4087aa4891919d8b3ea9592fafad_id" , "sessionId" : "992dba93a065fdd6c736af98158905cfccd8c0e7_id" , "cumulativeGradePointAverage" : 3.2 , "cumulativeCreditsAttempted" : { "creditConversion" : 0.0 , "creditType" : "Semester hour credit" , "credit" : 5.0} , "reportCards" : [ ] , "id" : "8281c33fc584ffab67c2fbaa14bf3a8bc848b2c1_id" , "entityType" : "studentAcademicRecord"}
{ "schoolYear" : "2009-2010" , "studentId" : "ed6f4c12c8c60b21d9823d0eab225f1f4eb095b1_id" , "sessionId" : "99a86b3c95b02cf87e37d969e6aadf02f4838e37_id" , "cumulativeGradePointAverage" : 3.2 , "cumulativeCreditsAttempted" : { "creditConversion" : 0.0 , "creditType" : "Semester hour credit" , "credit" : 5.0} , "reportCards" : [ ] , "id" : "4632257d53ffe9f82a899d0fa75edfba9f01f88f_id" , "entityType" : "studentAcademicRecord"}
{ "schoolYear" : "2009-2010" , "studentId" : "0c93f4ca943a22e75b979fb468e7dc949c479bb9_id" , "sessionId" : "95febad2920de46273532e3317fbc34da0f3cb25_id" , "cumulativeGradePointAverage" : 3.2 , "cumulativeCreditsAttempted" : { "creditConversion" : 0.0 , "creditType" : "Semester hour credit" , "credit" : 5.0} , "reportCards" : [ ] , "id" : "b7d46fe5315db217e348b25640ee92d596b22ac6_id" , "entityType" : "studentAcademicRecord"}
{ "schoolYear" : "2009-2010" , "studentId" : "2474c3b2906eab72c1ee4b06a5c4ebf02d02aace_id" , "sessionId" : "5df92cbca7f9294bc26a4957785aa6b0077bd7b4_id" , "cumulativeGradePointAverage" : 2.5 , "cumulativeCreditsAttempted" : { "creditConversion" : 0.0 , "creditType" : "Semester hour credit" , "credit" : 6.0} , "reportCards" : [ ] , "id" : "f82d7cea5aec13db7c40b9bb3efc7ffc17c124a9_id" , "entityType" : "studentAcademicRecord"}
{ "schoolYear" : "2009-2010" , "studentId" : "5074e6ecf88fc4f5ffc00fef643516266d8ae094_id" , "sessionId" : "95febad2920de46273532e3317fbc34da0f3cb25_id" , "cumulativeGradePointAverage" : 3.2 , "cumulativeCreditsAttempted" : { "creditConversion" : 0.0 , "creditType" : "Semester hour credit" , "credit" : 5.0} , "reportCards" : [ ] , "id" : "f63d1966a5c12e71a78fdb9420aeca63c9e70ae5_id" , "entityType" : "studentAcademicRecord"}
{ "schoolYear" : "2009-2010" , "studentId" : "067198fd6da91e1aa8d67e28e850f224d6851713_id" , "sessionId" : "99c167a770dc83e2793680b6429649dedc4103c1_id" , "cumulativeGradePointAverage" : 2.9 , "cumulativeCreditsAttempted" : { "creditConversion" : 0.0 , "creditType" : "Semester hour credit" , "credit" : 6.0} , "reportCards" : [ ] , "id" : "9f756b5a83feb7aed8c3360006f9d36294527f21_id" , "entityType" : "studentAcademicRecord"}
{ "schoolYear" : "2009-2010" , "studentId" : "be7bf656355afa88ec129fe9531ee9722d09d96a_id" , "sessionId" : "992dba93a065fdd6c736af98158905cfccd8c0e7_id" , "cumulativeGradePointAverage" : 3.2 , "cumulativeCreditsAttempted" : { "creditConversion" : 0.0 , "creditType" : "Semester hour credit" , "credit" : 5.0} , "reportCards" : [ ] , "id" : "8f2633be28a30922ea639563fbfd2fc67faab953_id" , "entityType" : "studentAcademicRecord"}
{ "schoolYear" : "2009-2010" , "studentId" : "be7bf656355afa88ec129fe9531ee9722d09d96a_id" , "sessionId" : "95febad2920de46273532e3317fbc34da0f3cb25_id" , "cumulativeGradePointAverage" : 3.2 , "cumulativeCreditsAttempted" : { "creditConversion" : 0.0 , "creditType" : "Semester hour credit" , "credit" : 5.0} , "reportCards" : [ ] , "id" : "35a061e2bae39650232aec946aa1b291b0930ae6_id" , "entityType" : "studentAcademicRecord"}
{ "schoolYear" : "2009-2010" , "studentId" : "ff96e68b4b5ffd1e89fc7f1637f4c9535da0ff26_id" , "sessionId" : "99a86b3c95b02cf87e37d969e6aadf02f4838e37_id" , "cumulativeGradePointAverage" : 3.2 , "cumulativeCreditsAttempted" : { "creditConversion" : 0.0 , "creditType" : "Semester hour credit" , "credit" : 5.0} , "reportCards" : [ ] , "id" : "32bda905b57e7eb257ee8e1110e82b5af42d82cd_id" , "entityType" : "studentAcademicRecord"}
{ "schoolYear" : "2009-2010" , "studentId" : "ff96e68b4b5ffd1e89fc7f1637f4c9535da0ff26_id" , "sessionId" : "7f4adf8460f83b2e0c710e58021daf10c65fd944_id" , "cumulativeGradePointAverage" : 3.2 , "cumulativeCreditsAttempted" : { "creditConversion" : 0.0 , "creditType" : "Semester hour credit" , "credit" : 5.0} , "reportCards" : [ ] , "id" : "afdb6c7d486396c7dfb15165688cb7847c225fbb_id" , "entityType" : "studentAcademicRecord"}
{ "schoolYear" : "2009-2010" , "studentId" : "067198fd6da91e1aa8d67e28e850f224d6851713_id" , "sessionId" : "95febad2920de46273532e3317fbc34da0f3cb25_id" , "cumulativeGradePointAverage" : 3.2 , "cumulativeCreditsAttempted" : { "creditConversion" : 0.0 , "creditType" : "Semester hour credit" , "credit" : 6.0} , "reportCards" : [ ] , "id" : "a8df053559a8ce2c516b96d732c9449723556f44_id" , "entityType" : "studentAcademicRecord"}
{ "schoolYear" : "2009-2010" , "studentId" : "70a5bbd9b578fcfed97993bdd2b99c75c6be47ca_id" , "sessionId" : "7f4adf8460f83b2e0c710e58021daf10c65fd944_id" , "cumulativeGradePointAverage" : 3.2 , "cumulativeCreditsAttempted" : { "creditConversion" : 0.0 , "creditType" : "Semester hour credit" , "credit" : 5.0} , "reportCards" : [ ] , "id" : "1450a61b11282065f9a2e94ad1452c464ab5942d_id" , "entityType" : "studentAcademicRecord"}
{ "schoolYear" : "2009-2010" , "studentId" : "f22261db5e5444490261528ead4949cc114ec415_id" , "sessionId" : "7f4adf8460f83b2e0c710e58021daf10c65fd944_id" , "cumulativeGradePointAverage" : 3.2 , "cumulativeCreditsAttempted" : { "creditConversion" : 0.0 , "creditType" : "Semester hour credit" , "credit" : 5.0} , "reportCards" : [ ] , "id" : "c1c8a7554f81bd65445bbd610bc2eedff7c61ca1_id" , "entityType" : "studentAcademicRecord"}
{ "schoolYear" : "2010-2011" , "studentId" : "92a33cae13e838176dbea9ca8b8c354d7420eaa8_id" , "sessionId" : "442e1bbab547cd9e39f8db427c8f5fd1376396a6_id" , "cumulativeCreditsAttempted" : { "creditConversion" : 0.0 , "creditType" : "Semester hour credit" , "credit" : 1.0} , "reportCards" : [ "0021f99fa3d1b5ff3231a9b75a8bb37e87af210c_id"] , "id" : "3def063da11388ae3cb1b86c3bd1e0bbc9bb15d9_id" , "entityType" : "studentAcademicRecord"}
{ "schoolYear" : "2009-2010" , "studentId" : "6578f984876bbf6f884c1be2ef415dbf4441db89_id" , "sessionId" : "99a86b3c95b02cf87e37d969e6aadf02f4838e37_id" , "cumulativeGradePointAverage" : 3.2 , "cumulativeCreditsAttempted" : { "creditConversion" : 0.0 , "creditType" : "Semester hour credit" , "credit" : 5.0} , "reportCards" : [ ] , "id" : "49d2fa0c74619335509b4d4c7c6d2bbccd1627ce_id" , "entityType" : "studentAcademicRecord"}
{ "schoolYear" : "2009-2010" , "studentId" : "dbc254daaa4fb8ed275d725626c5e33b2c5818a8_id" , "sessionId" : "99a86b3c95b02cf87e37d969e6aadf02f4838e37_id" , "cumulativeGradePointAverage" : 3.2 , "cumulativeCreditsAttempted" : { "creditConversion" : 0.0 , "creditType" : "Semester hour credit" , "credit" : 5.0} , "reportCards" : [ ] , "id" : "84185a8f9b66dbbdc473b6120905b42bd10538e6_id" , "entityType" : "studentAcademicRecord"}
{ "schoolYear" : "2009-2010" , "studentId" : "70a5bbd9b578fcfed97993bdd2b99c75c6be47ca_id" , "sessionId" : "99a86b3c95b02cf87e37d969e6aadf02f4838e37_id" , "cumulativeGradePointAverage" : 3.2 , "cumulativeCreditsAttempted" : { "creditConversion" : 0.0 , "creditType" : "Semester hour credit" , "credit" : 5.0} , "reportCards" : [ ] , "id" : "953ee3454c9b392b1b085328c5561f7766bb76cb_id" , "entityType" : "studentAcademicRecord"}
{ "schoolYear" : "2009-2010" , "studentId" : "b2ef46582397408724e309b84fbd68e42acc70d6_id" , "sessionId" : "992dba93a065fdd6c736af98158905cfccd8c0e7_id" , "cumulativeGradePointAverage" : 3.2 , "cumulativeCreditsAttempted" : { "creditConversion" : 0.0 , "creditType" : "Semester hour credit" , "credit" : 5.0} , "reportCards" : [ ] , "id" : "4a6ba7d33fede1a92d83006bc807af79b4b3fcde_id" , "entityType" : "studentAcademicRecord"}
{ "schoolYear" : "2009-2010" , "studentId" : "f22261db5e5444490261528ead4949cc114ec415_id" , "sessionId" : "99a86b3c95b02cf87e37d969e6aadf02f4838e37_id" , "cumulativeGradePointAverage" : 3.2 , "cumulativeCreditsAttempted" : { "creditConversion" : 0.0 , "creditType" : "Semester hour credit" , "credit" : 5.0} , "reportCards" : [ ] , "id" : "459d5a8e8eee44e9da2dddc54bbd74ec0046efcb_id" , "entityType" : "studentAcademicRecord"}
{ "schoolYear" : "2009-2010" , "studentId" : "2474c3b2906eab72c1ee4b06a5c4ebf02d02aace_id" , "sessionId" : "7f4adf8460f83b2e0c710e58021daf10c65fd944_id" , "cumulativeGradePointAverage" : 3.4 , "cumulativeCreditsAttempted" : { "creditConversion" : 0.0 , "creditType" : "Semester hour credit" , "credit" : 6.0} , "reportCards" : [ ] , "id" : "cd2b98e28f6ee09190455b701d7d3d8565f14cf0_id" , "entityType" : "studentAcademicRecord"}
{ "schoolYear" : "2009-2010" , "studentId" : "5074e6ecf88fc4f5ffc00fef643516266d8ae094_id" , "sessionId" : "992dba93a065fdd6c736af98158905cfccd8c0e7_id" , "cumulativeGradePointAverage" : 3.2 , "cumulativeCreditsAttempted" : { "creditConversion" : 0.0 , "creditType" : "Semester hour credit" , "credit" : 5.0} , "reportCards" : [ ] , "id" : "23bb61bba5c1347c8c6bd1210f730a960ca99234_id" , "entityType" : "studentAcademicRecord"}
{ "schoolYear" : "2009-2010" , "studentId" : "dbc254daaa4fb8ed275d725626c5e33b2c5818a8_id" , "sessionId" : "7f4adf8460f83b2e0c710e58021daf10c65fd944_id" , "cumulativeGradePointAverage" : 3.2 , "cumulativeCreditsAttempted" : { "creditConversion" : 0.0 , "creditType" : "Semester hour credit" , "credit" : 5.0} , "reportCards" : [ ] , "id" : "20bd25592eb9529296d0836a5c530f90441c03c7_id" , "entityType" : "studentAcademicRecord"}
{ "schoolYear" : "2009-2010" , "studentId" : "54e1b64a3658712d7fdc9ba7504656b0e0474122_id" , "sessionId" : "95febad2920de46273532e3317fbc34da0f3cb25_id" , "cumulativeGradePointAverage" : 3.2 , "cumulativeCreditsAttempted" : { "creditConversion" : 0.0 , "creditType" : "Semester hour credit" , "credit" : 5.0} , "reportCards" : [ ] , "id" : "8a2c92036a65e277bc3bb6cbfd0db50e427c5ba4_id" , "entityType" : "studentAcademicRecord"}
{ "schoolYear" : "2009-2010" , "studentId" : "0f037add13a1b0590b9e7f19bd9edf8c38e0e1ac_id" , "sessionId" : "99a86b3c95b02cf87e37d969e6aadf02f4838e37_id" , "cumulativeGradePointAverage" : 3.2 , "cumulativeCreditsAttempted" : { "creditConversion" : 0.0 , "creditType" : "Semester hour credit" , "credit" : 5.0} , "reportCards" : [ ] , "id" : "e2d52aad6f4ba6adfa719da6f047475578c3e920_id" , "entityType" : "studentAcademicRecord"}
{ "schoolYear" : "2009-2010" , "studentId" : "f341449fa1d911fa615772554e60c29e6c216a78_id" , "sessionId" : "7f4adf8460f83b2e0c710e58021daf10c65fd944_id" , "cumulativeGradePointAverage" : 3.2 , "cumulativeCreditsAttempted" : { "creditConversion" : 0.0 , "creditType" : "Semester hour credit" , "credit" : 5.0} , "reportCards" : [ ] , "id" : "737ef03c33fcbaf7fdad9c790010bd4c204dc76f_id" , "entityType" : "studentAcademicRecord"}
{ "schoolYear" : "2009-2010" , "studentId" : "e42e539bde5b4f76b00223b17ac168d8c6bd9ef3_id" , "sessionId" : "95febad2920de46273532e3317fbc34da0f3cb25_id" , "cumulativeGradePointAverage" : 3.2 , "cumulativeCreditsAttempted" : { "creditConversion" : 0.0 , "creditType" : "Semester hour credit" , "credit" : 5.0} , "reportCards" : [ ] , "id" : "9af534a4b562a4d2f561baf91d8fdafc87795a21_id" , "entityType" : "studentAcademicRecord"}
{ "schoolYear" : "2009-2010" , "studentId" : "722a125fc33c5cd96178425b97b3d7b1a908b014_id" , "sessionId" : "992dba93a065fdd6c736af98158905cfccd8c0e7_id" , "cumulativeGradePointAverage" : 3.2 , "cumulativeCreditsAttempted" : { "creditConversion" : 0.0 , "creditType" : "Semester hour credit" , "credit" : 5.0} , "reportCards" : [ ] , "id" : "21b959ea0905372ad0cf9280bb3fbdc3f972d070_id" , "entityType" : "studentAcademicRecord"}
{ "schoolYear" : "2009-2010" , "studentId" : "13ad3d6f880f76290f95426200e560f9b83b5278_id" , "sessionId" : "992dba93a065fdd6c736af98158905cfccd8c0e7_id" , "cumulativeGradePointAverage" : 3.2 , "cumulativeCreditsAttempted" : { "creditConversion" : 0.0 , "creditType" : "Semester hour credit" , "credit" : 5.0} , "reportCards" : [ ] , "id" : "aa44be171449863a352f233ec96a92748124a453_id" , "entityType" : "studentAcademicRecord"}
{ "schoolYear" : "2009-2010" , "studentId" : "54e1b64a3658712d7fdc9ba7504656b0e0474122_id" , "sessionId" : "992dba93a065fdd6c736af98158905cfccd8c0e7_id" , "cumulativeGradePointAverage" : 3.2 , "cumulativeCreditsAttempted" : { "creditConversion" : 0.0 , "creditType" : "Semester hour credit" , "credit" : 5.0} , "reportCards" : [ ] , "id" : "7578f56d4f60f035e6090efa30ac05094084f918_id" , "entityType" : "studentAcademicRecord"}
{ "schoolYear" : "2009-2010" , "studentId" : "6578f984876bbf6f884c1be2ef415dbf4441db89_id" , "sessionId" : "7f4adf8460f83b2e0c710e58021daf10c65fd944_id" , "cumulativeGradePointAverage" : 3.2 , "cumulativeCreditsAttempted" : { "creditConversion" : 0.0 , "creditType" : "Semester hour credit" , "credit" : 5.0} , "reportCards" : [ ] , "id" : "4c1853b26a6c1a5c026e604fedda5e0e32d43130_id" , "entityType" : "studentAcademicRecord"}
{ "schoolYear" : "2009-2010" , "studentId" : "067198fd6da91e1aa8d67e28e850f224d6851713_id" , "sessionId" : "2e288a40770e4fab3f222d81c7a54ea66cdcefff_id" , "cumulativeGradePointAverage" : 3.3 , "cumulativeCreditsAttempted" : { "creditConversion" : 0.0 , "creditType" : "Semester hour credit" , "credit" : 6.0} , "reportCards" : [ ] , "id" : "5570d1173a509f617f715ae524f779672c8e2e33_id" , "entityType" : "studentAcademicRecord"}
{ "schoolYear" : "2009-2010" , "studentId" : "7fb7741b5aea5d17bb01d5775c5df55524604868_id" , "sessionId" : "7f4adf8460f83b2e0c710e58021daf10c65fd944_id" , "cumulativeGradePointAverage" : 3.2 , "cumulativeCreditsAttempted" : { "creditConversion" : 0.0 , "creditType" : "Semester hour credit" , "credit" : 5.0} , "reportCards" : [ ] , "id" : "586905fac5925134a52640525005bc09a207c51e_id" , "entityType" : "studentAcademicRecord"}
{ "schoolYear" : "2009-2010" , "studentId" : "067198fd6da91e1aa8d67e28e850f224d6851713_id" , "sessionId" : "e284bb7537665873526f50ba5c7bd2bd4f1af2a0_id" , "cumulativeGradePointAverage" : 3.2 , "cumulativeCreditsAttempted" : { "creditConversion" : 0.0 , "creditType" : "Semester hour credit" , "credit" : 6.0} , "reportCards" : [ ] , "id" : "563d45b348a13331ebb4655c804810c179c66fb4_id" , "entityType" : "studentAcademicRecord"}
{ "schoolYear" : "2009-2010" , "studentId" : "a69e7172738550c57d9e6c8f3876a4ac76567fe1_id" , "sessionId" : "992dba93a065fdd6c736af98158905cfccd8c0e7_id" , "cumulativeGradePointAverage" : 3.2 , "cumulativeCreditsAttempted" : { "creditConversion" : 0.0 , "creditType" : "Semester hour credit" , "credit" : 5.0} , "reportCards" : [ ] , "id" : "631b7d14934d1b14f6df4d88276dbf056a601579_id" , "entityType" : "studentAcademicRecord"}
{ "schoolYear" : "2009-2010" , "studentId" : "4c2aeced02b70e3da3a88f6ec62d6103a2b38088_id" , "sessionId" : "992dba93a065fdd6c736af98158905cfccd8c0e7_id" , "cumulativeGradePointAverage" : 3.2 , "cumulativeCreditsAttempted" : { "creditConversion" : 0.0 , "creditType" : "Semester hour credit" , "credit" : 5.0} , "reportCards" : [ ] , "id" : "259cc5bb4b58cdbce2977c7fb352de989db632a3_id" , "entityType" : "studentAcademicRecord"}
{ "schoolYear" : "2009-2010" , "studentId" : "64d2603905c991b938ebe54ec85ae1302be09ee5_id" , "sessionId" : "7f4adf8460f83b2e0c710e58021daf10c65fd944_id" , "cumulativeGradePointAverage" : 3.2 , "cumulativeCreditsAttempted" : { "creditConversion" : 0.0 , "creditType" : "Semester hour credit" , "credit" : 5.0} , "reportCards" : [ ] , "id" : "8fbd378cc686f324f62b74374723c2a6fe893a7c_id" , "entityType" : "studentAcademicRecord"}
{ "schoolYear" : "2009-2010" , "studentId" : "c04d5891b6b1f10ce9b9e48b80581cda7788312c_id" , "sessionId" : "7f4adf8460f83b2e0c710e58021daf10c65fd944_id" , "cumulativeGradePointAverage" : 3.2 , "cumulativeCreditsAttempted" : { "creditConversion" : 0.0 , "creditType" : "Semester hour credit" , "credit" : 5.0} , "reportCards" : [ ] , "id" : "a430d50fc6765003d147f646f615e678d5831d99_id" , "entityType" : "studentAcademicRecord"}
{ "schoolYear" : "2009-2010" , "studentId" : "d010a8b710783e4fd409cc7a8ddd780cd16ff89b_id" , "sessionId" : "992dba93a065fdd6c736af98158905cfccd8c0e7_id" , "cumulativeGradePointAverage" : 3.2 , "cumulativeCreditsAttempted" : { "creditConversion" : 0.0 , "creditType" : "Semester hour credit" , "credit" : 5.0} , "reportCards" : [ ] , "id" : "95affce3833cbdacb95b7392a8e8aa756bb9460e_id" , "entityType" : "studentAcademicRecord"}
{ "schoolYear" : "2009-2010" , "studentId" : "42a35b11ff9c3d36680e4bf023fa77db6176cea4_id" , "sessionId" : "7f4adf8460f83b2e0c710e58021daf10c65fd944_id" , "cumulativeGradePointAverage" : 3.2 , "cumulativeCreditsAttempted" : { "creditConversion" : 0.0 , "creditType" : "Semester hour credit" , "credit" : 5.0} , "reportCards" : [ ] , "id" : "c21d523726d1d12d61403f787d3fbebc27fb7513_id" , "entityType" : "studentAcademicRecord"}
{ "schoolYear" : "2009-2010" , "studentId" : "23403476a267c45867eb54c82134ab1be8305ed0_id" , "sessionId" : "992dba93a065fdd6c736af98158905cfccd8c0e7_id" , "cumulativeGradePointAverage" : 3.2 , "cumulativeCreditsAttempted" : { "creditConversion" : 0.0 , "creditType" : "Semester hour credit" , "credit" : 5.0} , "reportCards" : [ ] , "id" : "3356c7f160a4db81a993260a52e2ac437f91c469_id" , "entityType" : "studentAcademicRecord"}
{ "schoolYear" : "2009-2010" , "studentId" : "9b38ee8562b14f3201aff4995bac9bbafc3336a0_id" , "sessionId" : "95febad2920de46273532e3317fbc34da0f3cb25_id" , "cumulativeGradePointAverage" : 3.2 , "cumulativeCreditsAttempted" : { "creditConversion" : 0.0 , "creditType" : "Semester hour credit" , "credit" : 5.0} , "reportCards" : [ ] , "id" : "11b6fb258b5b2a151d9e850b1cd5cc6de20aa393_id" , "entityType" : "studentAcademicRecord"}
{ "schoolYear" : "2009-2010" , "studentId" : "97144661247f1646b4e284fbc4584afd35a00549_id" , "sessionId" : "992dba93a065fdd6c736af98158905cfccd8c0e7_id" , "cumulativeGradePointAverage" : 3.2 , "cumulativeCreditsAttempted" : { "creditConversion" : 0.0 , "creditType" : "Semester hour credit" , "credit" : 5.0} , "reportCards" : [ ] , "id" : "3907a61b96a75bca373f1d2a671e7ab002e03448_id" , "entityType" : "studentAcademicRecord"}
{ "schoolYear" : "2009-2010" , "studentId" : "9bcfe162d8bf132e56ffa297160f958b4e288fbb_id" , "sessionId" : "992dba93a065fdd6c736af98158905cfccd8c0e7_id" , "cumulativeGradePointAverage" : 3.3 , "cumulativeCreditsAttempted" : { "creditConversion" : 0.0 , "creditType" : "Semester hour credit" , "credit" : 6.0} , "reportCards" : [ ] , "id" : "c77780dc9fe038e697b3435247d0f3a456925409_id" , "entityType" : "studentAcademicRecord"}
{ "schoolYear" : "2009-2010" , "studentId" : "0a987f6ee7566f28fc5b652b9a92482c1bdca1d9_id" , "sessionId" : "992dba93a065fdd6c736af98158905cfccd8c0e7_id" , "cumulativeGradePointAverage" : 3.2 , "cumulativeCreditsAttempted" : { "creditConversion" : 0.0 , "creditType" : "Semester hour credit" , "credit" : 5.0} , "reportCards" : [ ] , "id" : "c0e92538440dcda6a52e6f9cd7924fabf55378a8_id" , "entityType" : "studentAcademicRecord"}
{ "schoolYear" : "2009-2010" , "studentId" : "4c2aeced02b70e3da3a88f6ec62d6103a2b38088_id" , "sessionId" : "95febad2920de46273532e3317fbc34da0f3cb25_id" , "cumulativeGradePointAverage" : 3.2 , "cumulativeCreditsAttempted" : { "creditConversion" : 0.0 , "creditType" : "Semester hour credit" , "credit" : 5.0} , "reportCards" : [ ] , "id" : "1b1e869b1565484bc62af130e54ff2787767cf1e_id" , "entityType" : "studentAcademicRecord"}
{ "schoolYear" : "2009-2010" , "studentId" : "0f6aa0e0b108ea45701697c82f3fca6a9ac7b609_id" , "sessionId" : "7f4adf8460f83b2e0c710e58021daf10c65fd944_id" , "cumulativeGradePointAverage" : 3.2 , "cumulativeCreditsAttempted" : { "creditConversion" : 0.0 , "creditType" : "Semester hour credit" , "credit" : 5.0} , "reportCards" : [ ] , "id" : "5ba7e946f82d99a910bba0ef355e41827157c5ba_id" , "entityType" : "studentAcademicRecord"}
{ "schoolYear" : "2009-2010" , "studentId" : "6cd209716484a6960d499e10a848f197e8a9eb79_id" , "sessionId" : "992dba93a065fdd6c736af98158905cfccd8c0e7_id" , "cumulativeGradePointAverage" : 3.2 , "cumulativeCreditsAttempted" : { "creditConversion" : 0.0 , "creditType" : "Semester hour credit" , "credit" : 5.0} , "reportCards" : [ ] , "id" : "00fcaf41a05e137680e3cac370c3449cad82766f_id" , "entityType" : "studentAcademicRecord"}
{ "schoolYear" : "2009-2010" , "studentId" : "5ed266b0dc37ab27b1d2c282491dbac0a576a107_id" , "sessionId" : "7f4adf8460f83b2e0c710e58021daf10c65fd944_id" , "cumulativeGradePointAverage" : 3.2 , "cumulativeCreditsAttempted" : { "creditConversion" : 0.0 , "creditType" : "Semester hour credit" , "credit" : 5.0} , "reportCards" : [ ] , "id" : "7b16dc01f60cf1373a8e74eebfd7059153f74717_id" , "entityType" : "studentAcademicRecord"}
{ "schoolYear" : "2009-2010" , "studentId" : "067198fd6da91e1aa8d67e28e850f224d6851713_id" , "sessionId" : "1e217f65c48cda4f5009cb1518cb33ddd51637e0_id" , "cumulativeGradePointAverage" : 3.0 , "cumulativeCreditsAttempted" : { "creditConversion" : 0.0 , "creditType" : "Semester hour credit" , "credit" : 6.0} , "reportCards" : [ ] , "id" : "9f3997d1c8dac15e7b259ebb4f35881f11ab0cdd_id" , "entityType" : "studentAcademicRecord"}
{ "schoolYear" : "2009-2010" , "studentId" : "0d0f61e56de8461eb4f721a9e2c88aa1cdc9fa3b_id" , "sessionId" : "7f4adf8460f83b2e0c710e58021daf10c65fd944_id" , "cumulativeGradePointAverage" : 3.2 , "cumulativeCreditsAttempted" : { "creditConversion" : 0.0 , "creditType" : "Semester hour credit" , "credit" : 5.0} , "reportCards" : [ ] , "id" : "4ba5e3fde48aed839b103eec4d4f4c41884acf16_id" , "entityType" : "studentAcademicRecord"}
{ "schoolYear" : "2009-2010" , "studentId" : "a69e7172738550c57d9e6c8f3876a4ac76567fe1_id" , "sessionId" : "95febad2920de46273532e3317fbc34da0f3cb25_id" , "cumulativeGradePointAverage" : 3.2 , "cumulativeCreditsAttempted" : { "creditConversion" : 0.0 , "creditType" : "Semester hour credit" , "credit" : 5.0} , "reportCards" : [ ] , "id" : "5a315a55843e9e55b6ee7375f48de5971c7dd691_id" , "entityType" : "studentAcademicRecord"}
{ "schoolYear" : "2009-2010" , "studentId" : "6cd209716484a6960d499e10a848f197e8a9eb79_id" , "sessionId" : "95febad2920de46273532e3317fbc34da0f3cb25_id" , "cumulativeGradePointAverage" : 3.2 , "cumulativeCreditsAttempted" : { "creditConversion" : 0.0 , "creditType" : "Semester hour credit" , "credit" : 5.0} , "reportCards" : [ ] , "id" : "d4b74338921ea2c019495e7bc2485cedd4f9c345_id" , "entityType" : "studentAcademicRecord"}
{ "schoolYear" : "2009-2010" , "studentId" : "e55c11dc3999cde82843ca4bd8d9325b1ae3edcd_id" , "sessionId" : "7f4adf8460f83b2e0c710e58021daf10c65fd944_id" , "cumulativeGradePointAverage" : 3.2 , "cumulativeCreditsAttempted" : { "creditConversion" : 0.0 , "creditType" : "Semester hour credit" , "credit" : 5.0} , "reportCards" : [ ] , "id" : "982a9ee783c881596d97534a984fe93f44bd9ac4_id" , "entityType" : "studentAcademicRecord"}
{ "schoolYear" : "2009-2010" , "studentId" : "2474c3b2906eab72c1ee4b06a5c4ebf02d02aace_id" , "sessionId" : "a809eac83494002f707100abcc6c6ad2c098d904_id" , "cumulativeGradePointAverage" : 3.6 , "cumulativeCreditsAttempted" : { "creditConversion" : 0.0 , "creditType" : "Semester hour credit" , "credit" : 6.0} , "reportCards" : [ ] , "id" : "98e5a8959a3c66f10dddb955f053dfb6ec2d13d8_id" , "entityType" : "studentAcademicRecord"}
{ "schoolYear" : "2009-2010" , "studentId" : "c04d5891b6b1f10ce9b9e48b80581cda7788312c_id" , "sessionId" : "99a86b3c95b02cf87e37d969e6aadf02f4838e37_id" , "cumulativeGradePointAverage" : 3.2 , "cumulativeCreditsAttempted" : { "creditConversion" : 0.0 , "creditType" : "Semester hour credit" , "credit" : 5.0} , "reportCards" : [ ] , "id" : "70c651deeb81df593409a9f5b2d84236d24a251c_id" , "entityType" : "studentAcademicRecord"}
{ "schoolYear" : "2009-2010" , "studentId" : "f341449fa1d911fa615772554e60c29e6c216a78_id" , "sessionId" : "99a86b3c95b02cf87e37d969e6aadf02f4838e37_id" , "cumulativeGradePointAverage" : 3.2 , "cumulativeCreditsAttempted" : { "creditConversion" : 0.0 , "creditType" : "Semester hour credit" , "credit" : 5.0} , "reportCards" : [ ] , "id" : "3773fb824badecb3b95663456bb696d865fe0ac0_id" , "entityType" : "studentAcademicRecord"}
{ "schoolYear" : "2009-2010" , "studentId" : "afb4bb8a41d8ae768f9dbe7e34d44254071b6657_id" , "sessionId" : "95febad2920de46273532e3317fbc34da0f3cb25_id" , "cumulativeGradePointAverage" : 3.2 , "cumulativeCreditsAttempted" : { "creditConversion" : 0.0 , "creditType" : "Semester hour credit" , "credit" : 5.0} , "reportCards" : [ ] , "id" : "acfb98ece7b1f7850a2e620d17098a0eddf4cacb_id" , "entityType" : "studentAcademicRecord"}
{ "schoolYear" : "2009-2010" , "studentId" : "23403476a267c45867eb54c82134ab1be8305ed0_id" , "sessionId" : "95febad2920de46273532e3317fbc34da0f3cb25_id" , "cumulativeGradePointAverage" : 3.2 , "cumulativeCreditsAttempted" : { "creditConversion" : 0.0 , "creditType" : "Semester hour credit" , "credit" : 5.0} , "reportCards" : [ ] , "id" : "127edc58a629f8fa82f9d31e461b2eba4e9322cf_id" , "entityType" : "studentAcademicRecord"}
{ "schoolYear" : "2009-2010" , "studentId" : "9b38ee8562b14f3201aff4995bac9bbafc3336a0_id" , "sessionId" : "992dba93a065fdd6c736af98158905cfccd8c0e7_id" , "cumulativeGradePointAverage" : 3.2 , "cumulativeCreditsAttempted" : { "creditConversion" : 0.0 , "creditType" : "Semester hour credit" , "credit" : 5.0} , "reportCards" : [ ] , "id" : "2926be918ae0925ad598f1612f3c2144a9cb96a8_id" , "entityType" : "studentAcademicRecord"}
{ "schoolYear" : "2009-2010" , "studentId" : "d106bb3d8cc213f50c49e0fa94c875a35fb64f64_id" , "sessionId" : "99a86b3c95b02cf87e37d969e6aadf02f4838e37_id" , "cumulativeGradePointAverage" : 3.2 , "cumulativeCreditsAttempted" : { "creditConversion" : 0.0 , "creditType" : "Semester hour credit" , "credit" : 5.0} , "reportCards" : [ ] , "id" : "76fa04c20d62f084bc1c761b78d3a3d76db3bafd_id" , "entityType" : "studentAcademicRecord"}
{ "schoolYear" : "2009-2010" , "studentId" : "0f037add13a1b0590b9e7f19bd9edf8c38e0e1ac_id" , "sessionId" : "7f4adf8460f83b2e0c710e58021daf10c65fd944_id" , "cumulativeGradePointAverage" : 3.2 , "cumulativeCreditsAttempted" : { "creditConversion" : 0.0 , "creditType" : "Semester hour credit" , "credit" : 5.0} , "reportCards" : [ ] , "id" : "f7742d36a394608997197ba205ebc625a905a0c8_id" , "entityType" : "studentAcademicRecord"}
{ "schoolYear" : "2009-2010" , "studentId" : "366e15c0213a81f653cdcf524606edeed3f80f99_id" , "sessionId" : "7f4adf8460f83b2e0c710e58021daf10c65fd944_id" , "cumulativeGradePointAverage" : 3.2 , "cumulativeCreditsAttempted" : { "creditConversion" : 0.0 , "creditType" : "Semester hour credit" , "credit" : 5.0} , "reportCards" : [ ] , "id" : "611e2c5597f7ec0ec39d69da5295531c0628bdf7_id" , "entityType" : "studentAcademicRecord"}
{ "schoolYear" : "2009-2010" , "studentId" : "ed6f4c12c8c60b21d9823d0eab225f1f4eb095b1_id" , "sessionId" : "7f4adf8460f83b2e0c710e58021daf10c65fd944_id" , "cumulativeGradePointAverage" : 3.2 , "cumulativeCreditsAttempted" : { "creditConversion" : 0.0 , "creditType" : "Semester hour credit" , "credit" : 5.0} , "reportCards" : [ ] , "id" : "85345e641adf419ef0a0b6f86baef097dd9dbd1f_id" , "entityType" : "studentAcademicRecord"}
{ "schoolYear" : "2009-2010" , "studentId" : "e53be010bfee4087aa4891919d8b3ea9592fafad_id" , "sessionId" : "95febad2920de46273532e3317fbc34da0f3cb25_id" , "cumulativeGradePointAverage" : 3.2 , "cumulativeCreditsAttempted" : { "creditConversion" : 0.0 , "creditType" : "Semester hour credit" , "credit" : 5.0} , "reportCards" : [ ] , "id" : "b6ccb036ca0217dc33ecd1e91d77caec107bfc0f_id" , "entityType" : "studentAcademicRecord"}
{ "schoolYear" : "2009-2010" , "studentId" : "0c93f4ca943a22e75b979fb468e7dc949c479bb9_id" , "sessionId" : "992dba93a065fdd6c736af98158905cfccd8c0e7_id" , "cumulativeGradePointAverage" : 3.2 , "cumulativeCreditsAttempted" : { "creditConversion" : 0.0 , "creditType" : "Semester hour credit" , "credit" : 5.0} , "reportCards" : [ ] , "id" : "2a50bf289d7e1ec544fa7c660ced4304b3d9110f_id" , "entityType" : "studentAcademicRecord"}
{ "schoolYear" : "2009-2010" , "studentId" : "dba9c25a02f684cdb5c81b6ee52a9512d4482d4b_id" , "sessionId" : "99a86b3c95b02cf87e37d969e6aadf02f4838e37_id" , "cumulativeGradePointAverage" : 3.2 , "cumulativeCreditsAttempted" : { "creditConversion" : 0.0 , "creditType" : "Semester hour credit" , "credit" : 5.0} , "reportCards" : [ ] , "id" : "b10b1ebee91c0fc6ab90cca56a44dd08134803a7_id" , "entityType" : "studentAcademicRecord"}
{ "schoolYear" : "2009-2010" , "studentId" : "9699bf2182182c7bb71fc61e8168608b32c0e738_id" , "sessionId" : "99a86b3c95b02cf87e37d969e6aadf02f4838e37_id" , "cumulativeGradePointAverage" : 3.2 , "cumulativeCreditsAttempted" : { "creditConversion" : 0.0 , "creditType" : "Semester hour credit" , "credit" : 5.0} , "reportCards" : [ ] , "id" : "d74f72859b592979bbe7ec0f5c173d902dde7b3f_id" , "entityType" : "studentAcademicRecord"}
{ "schoolYear" : "2009-2010" , "studentId" : "46897ed380267c95553e1a5f10a440526f632bf5_id" , "sessionId" : "992dba93a065fdd6c736af98158905cfccd8c0e7_id" , "cumulativeGradePointAverage" : 3.2 , "cumulativeCreditsAttempted" : { "creditConversion" : 0.0 , "creditType" : "Semester hour credit" , "credit" : 5.0} , "reportCards" : [ ] , "id" : "db9810269a31385ef432a88235beda902dd3e065_id" , "entityType" : "studentAcademicRecord"}
