{ "entryType" : "Transfer from a private, religiously-affiliated school in a different state" , "studentId" : "067198fd6da91e1aa8d67e28e850f224d6851713_id" , "exitWithdrawType" : "Student is in a different public school in the same local education agency" , "schoolId" : "352e8570bd1116d11a72755b987902440045d346_id" , "exitWithdrawDate" : "2007-05-09" , "entryDate" : "2006-09-11" , "entryGradeLevel" : "Third grade" , "id" : "2addec0409825e6bdd0853b7aef34cb15d8dd45a_id" , "entityType" : "studentSchoolAssociation"}
{ "entryType" : "Next year school" , "studentId" : "2474c3b2906eab72c1ee4b06a5c4ebf02d02aace_id" , "exitWithdrawType" : "End of school year" , "schoolId" : "a13489364c2eb015c219172d561c62350f0453f3_id" , "exitWithdrawDate" : "2011-05-11" , "entryDate" : "2010-09-08" , "entryGradeLevel" : "Tenth grade" , "id" : "1009c04b9c9d81cf057c64f69b81fd9ff131337a_id" , "entityType" : "studentSchoolAssociation"}
{ "studentId" : "0c93f4ca943a22e75b979fb468e7dc949c479bb9_id" , "schoolId" : "772a61c687ee7ecd8e6d9ad3369f7883409f803b_id" , "entryDate" : "2011-09-01" , "entryGradeLevel" : "Eighth grade" , "id" : "b0fa95fe87c80a76598fdedd181cce8044c44f0f_id" , "entityType" : "studentSchoolAssociation"}
{ "studentId" : "dbc254daaa4fb8ed275d725626c5e33b2c5818a8_id" , "schoolId" : "a13489364c2eb015c219172d561c62350f0453f3_id" , "entryDate" : "2010-09-01" , "entryGradeLevel" : "Tenth grade" , "id" : "664d152a6e2f5468ce757bd4da65c58cb0d13b0e_id" , "entityType" : "studentSchoolAssociation"}
{ "studentId" : "5ed266b0dc37ab27b1d2c282491dbac0a576a107_id" , "schoolId" : "a13489364c2eb015c219172d561c62350f0453f3_id" , "entryDate" : "2011-09-01" , "entryGradeLevel" : "Eleventh grade" , "id" : "f411d44d88a2f7236f5864419b3bbaaea33d1574_id" , "entityType" : "studentSchoolAssociation"}
{ "entryType" : "Transfer from a public school in the same local education agency" , "studentId" : "2474c3b2906eab72c1ee4b06a5c4ebf02d02aace_id" , "exitWithdrawType" : "Exited" , "schoolId" : "772a61c687ee7ecd8e6d9ad3369f7883409f803b_id" , "exitWithdrawDate" : "2009-05-08" , "entryDate" : "2008-09-11" , "entryGradeLevel" : "Eighth grade" , "id" : "96c2bd75a3c43e476071515359757cfe60373bdf_id" , "entityType" : "studentSchoolAssociation"}
{ "entryType" : "Next year school" , "studentId" : "2474c3b2906eab72c1ee4b06a5c4ebf02d02aace_id" , "schoolId" : "a13489364c2eb015c219172d561c62350f0453f3_id" , "entryDate" : "2011-09-08" , "entryGradeLevel" : "Eleventh grade" , "id" : "cfca04fad9f56689bd28302c761b1b40be60cb1f_id" , "entityType" : "studentSchoolAssociation"}
{ "studentId" : "4b0770b923faea358326b4c91d4cb7a22fec6f92_id" , "schoolId" : "352e8570bd1116d11a72755b987902440045d346_id" , "entryDate" : "2011-09-01" , "entryGradeLevel" : "First grade" , "id" : "d6300d0fccb87b8efc826d6e20abac40e6cb57a2_id" , "entityType" : "studentSchoolAssociation"}
{ "studentId" : "13ad3d6f880f76290f95426200e560f9b83b5278_id" , "schoolId" : "772a61c687ee7ecd8e6d9ad3369f7883409f803b_id" , "entryDate" : "2010-09-01" , "entryGradeLevel" : "Seventh grade" , "id" : "07e3f2091fbfe4fef717b1089e0ceda39e0bd187_id" , "entityType" : "studentSchoolAssociation"}
{ "studentId" : "36e9573cb669b56d482868430bcf0e3e8eb49c03_id" , "schoolId" : "352e8570bd1116d11a72755b987902440045d346_id" , "entryDate" : "2010-09-01" , "entryGradeLevel" : "Kindergarten" , "id" : "daf29a8be989d260610ccf59ba2daba44902ecc4_id" , "entityType" : "studentSchoolAssociation"}
{ "studentId" : "0d0f61e56de8461eb4f721a9e2c88aa1cdc9fa3b_id" , "schoolId" : "a13489364c2eb015c219172d561c62350f0453f3_id" , "entryDate" : "2010-09-01" , "entryGradeLevel" : "Tenth grade" , "id" : "6347b78a69f1b17622a278e22f0761c8c183f6d4_id" , "entityType" : "studentSchoolAssociation"}
{ "studentId" : "6cd209716484a6960d499e10a848f197e8a9eb79_id" , "schoolId" : "772a61c687ee7ecd8e6d9ad3369f7883409f803b_id" , "entryDate" : "2010-09-01" , "entryGradeLevel" : "Seventh grade" , "id" : "eaf87d93bf404b38342b1f44c7e7fcc602095a0c_id" , "entityType" : "studentSchoolAssociation"}
{ "studentId" : "2004de29bc06ba9162b51d270cef1e09b792fa7c_id" , "schoolId" : "a13489364c2eb015c219172d561c62350f0453f3_id" , "entryDate" : "2011-09-01" , "entryGradeLevel" : "Eleventh grade" , "id" : "9e6d60b6e504e811f0f9dffb130853de0aa9f39e_id" , "entityType" : "studentSchoolAssociation"}
{ "studentId" : "b2ef46582397408724e309b84fbd68e42acc70d6_id" , "schoolId" : "772a61c687ee7ecd8e6d9ad3369f7883409f803b_id" , "entryDate" : "2011-09-01" , "entryGradeLevel" : "Eighth grade" , "id" : "c4f734e8cf66e217a1f12c63ad84d61ef24be5b6_id" , "entityType" : "studentSchoolAssociation"}
{ "studentId" : "9b38ee8562b14f3201aff4995bac9bbafc3336a0_id" , "schoolId" : "772a61c687ee7ecd8e6d9ad3369f7883409f803b_id" , "entryDate" : "2010-09-01" , "entryGradeLevel" : "Seventh grade" , "id" : "c86c10ec1785eb310856ba61107608d158ab37e9_id" , "entityType" : "studentSchoolAssociation"}
{ "studentId" : "54e1b64a3658712d7fdc9ba7504656b0e0474122_id" , "schoolId" : "772a61c687ee7ecd8e6d9ad3369f7883409f803b_id" , "entryDate" : "2010-09-01" , "entryGradeLevel" : "Seventh grade" , "id" : "9d64c36d9300183657f98ae8e3c43430cc18a713_id" , "entityType" : "studentSchoolAssociation"}
{ "studentId" : "ed6f4c12c8c60b21d9823d0eab225f1f4eb095b1_id" , "schoolId" : "a13489364c2eb015c219172d561c62350f0453f3_id" , "entryDate" : "2011-09-01" , "entryGradeLevel" : "Eleventh grade" , "id" : "bc8d53adace9ba9bcae9b312e2686cd9104e2f4f_id" , "entityType" : "studentSchoolAssociation"}
{ "studentId" : "0f6aa0e0b108ea45701697c82f3fca6a9ac7b609_id" , "schoolId" : "a13489364c2eb015c219172d561c62350f0453f3_id" , "entryDate" : "2010-09-01" , "entryGradeLevel" : "Tenth grade" , "id" : "6919193f74b5198179a69dccdae6ed5122fa76f8_id" , "entityType" : "studentSchoolAssociation"}
{ "studentId" : "464035998fc46fdf7ee8c2bdd82e1f368f15bae9_id" , "schoolId" : "352e8570bd1116d11a72755b987902440045d346_id" , "entryDate" : "2010-09-01" , "entryGradeLevel" : "Kindergarten" , "id" : "c4871e66dd9d19e6f0d79c0ffff6f622093ddabb_id" , "entityType" : "studentSchoolAssociation"}
{ "studentId" : "9699bf2182182c7bb71fc61e8168608b32c0e738_id" , "schoolId" : "a13489364c2eb015c219172d561c62350f0453f3_id" , "entryDate" : "2010-09-01" , "entryGradeLevel" : "Tenth grade" , "id" : "4d9c756893bca7d87af685829510491a9055c86f_id" , "entityType" : "studentSchoolAssociation"}
{ "studentId" : "38e5c3b95d55f20c60d37d21501f649b55e48bd8_id" , "schoolId" : "a13489364c2eb015c219172d561c62350f0453f3_id" , "entryDate" : "2010-09-01" , "entryGradeLevel" : "Tenth grade" , "id" : "2162cc5ee015b8aa2f7cbf8bf3b6122eedb3d175_id" , "entityType" : "studentSchoolAssociation"}
{ "studentId" : "fa250b49f53198d004996b7b3220fea07b2e007d_id" , "schoolId" : "a13489364c2eb015c219172d561c62350f0453f3_id" , "entryDate" : "2010-09-01" , "entryGradeLevel" : "Eleventh grade" , "id" : "4b215d7f21178431cd771cf76011b24f34eaefe9_id" , "entityType" : "studentSchoolAssociation"}
{ "studentId" : "dbc254daaa4fb8ed275d725626c5e33b2c5818a8_id" , "schoolId" : "a13489364c2eb015c219172d561c62350f0453f3_id" , "entryDate" : "2011-09-01" , "entryGradeLevel" : "Eleventh grade" , "id" : "fa30cfb17e7c61cd499f2dcdcca95b1221c85a62_id" , "entityType" : "studentSchoolAssociation"}
{ "studentId" : "366e15c0213a81f653cdcf524606edeed3f80f99_id" , "schoolId" : "a13489364c2eb015c219172d561c62350f0453f3_id" , "entryDate" : "2010-09-01" , "entryGradeLevel" : "Eleventh grade" , "id" : "1f7e12f14e032cc36d47a675539dda380a3c7232_id" , "entityType" : "studentSchoolAssociation"}
{ "studentId" : "ed6f4c12c8c60b21d9823d0eab225f1f4eb095b1_id" , "schoolId" : "a13489364c2eb015c219172d561c62350f0453f3_id" , "entryDate" : "2010-09-01" , "entryGradeLevel" : "Tenth grade" , "id" : "8013546f2e548a5aa296a5ce5b6478eb98577ef9_id" , "entityType" : "studentSchoolAssociation"}
{ "studentId" : "067198fd6da91e1aa8d67e28e850f224d6851713_id" , "schoolId" : "772a61c687ee7ecd8e6d9ad3369f7883409f803b_id" , "entryDate" : "2011-09-01" , "entryGradeLevel" : "Eighth grade" , "id" : "81ab08260a612e2ecb4bad6a63e99b8c53ef27ce_id" , "entityType" : "studentSchoolAssociation"}
{ "studentId" : "45228e8ab407ec7781b6f5b89224c7a97a1fde30_id" , "schoolId" : "352e8570bd1116d11a72755b987902440045d346_id" , "entryDate" : "2011-09-01" , "entryGradeLevel" : "First grade" , "id" : "82a131689334ff2c296ebe85870c720ef3ec8c6d_id" , "entityType" : "studentSchoolAssociation"}
{ "studentId" : "7fb7741b5aea5d17bb01d5775c5df55524604868_id" , "schoolId" : "a13489364c2eb015c219172d561c62350f0453f3_id" , "entryDate" : "2011-09-01" , "entryGradeLevel" : "Twelfth grade" , "id" : "06b2b528d1e7d411d8849fa5d34e0b15b9f55e26_id" , "entityType" : "studentSchoolAssociation"}
{ "studentId" : "d106bb3d8cc213f50c49e0fa94c875a35fb64f64_id" , "schoolId" : "a13489364c2eb015c219172d561c62350f0453f3_id" , "entryDate" : "2011-09-01" , "entryGradeLevel" : "Eleventh grade" , "id" : "61f0ebfa7d889deeac7a0ddb5cf6eb485b60fb48_id" , "entityType" : "studentSchoolAssociation"}
{ "studentId" : "2136c53f3a417000ad515d44f037dc994a2fc368_id" , "schoolId" : "352e8570bd1116d11a72755b987902440045d346_id" , "entryDate" : "2010-09-01" , "entryGradeLevel" : "Kindergarten" , "id" : "b607696b72db17abee2439e50b645e855a0508a4_id" , "entityType" : "studentSchoolAssociation"}
{ "studentId" : "6578f984876bbf6f884c1be2ef415dbf4441db89_id" , "schoolId" : "a13489364c2eb015c219172d561c62350f0453f3_id" , "entryDate" : "2011-09-01" , "entryGradeLevel" : "Eleventh grade" , "id" : "d866f2f916c7e3399cd36736f1485cb8b15aaf6a_id" , "entityType" : "studentSchoolAssociation"}
{ "studentId" : "c20c4b37f887348b67a02091dc10ee6b27fbd1ce_id" , "schoolId" : "772a61c687ee7ecd8e6d9ad3369f7883409f803b_id" , "entryDate" : "2010-09-01" , "entryGradeLevel" : "Seventh grade" , "id" : "02ff9d84a8221e5ad84745b3d62b9c4f965aa1d1_id" , "entityType" : "studentSchoolAssociation"}
{ "studentId" : "968c1c327d88b849d08a85d951c6652c012e06c0_id" , "schoolId" : "772a61c687ee7ecd8e6d9ad3369f7883409f803b_id" , "entryDate" : "2011-09-01" , "entryGradeLevel" : "Eighth grade" , "id" : "4969f0d06341b6e307c6a6e6102cdac107047a8f_id" , "entityType" : "studentSchoolAssociation"}
{ "studentId" : "a654d7e6e1c802b2863051afc230f378c54cf17b_id" , "schoolId" : "352e8570bd1116d11a72755b987902440045d346_id" , "entryDate" : "2011-09-01" , "entryGradeLevel" : "First grade" , "id" : "24d5fbe676ef3e24826cf1f05a6e6eb623354719_id" , "entityType" : "studentSchoolAssociation"}
{ "studentId" : "d010a8b710783e4fd409cc7a8ddd780cd16ff89b_id" , "schoolId" : "772a61c687ee7ecd8e6d9ad3369f7883409f803b_id" , "entryDate" : "2010-09-01" , "entryGradeLevel" : "Seventh grade" , "id" : "cc67f870a0aaab888392f5ab7d302868df6245b4_id" , "entityType" : "studentSchoolAssociation"}
{ "studentId" : "e0cdf6864b674e3c3dc9747ce584d06ff74091b1_id" , "schoolId" : "772a61c687ee7ecd8e6d9ad3369f7883409f803b_id" , "entryDate" : "2010-09-01" , "entryGradeLevel" : "Seventh grade" , "id" : "782209787376e7e8090de1488901003a8c911efc_id" , "entityType" : "studentSchoolAssociation"}
{ "studentId" : "2136c53f3a417000ad515d44f037dc994a2fc368_id" , "schoolId" : "352e8570bd1116d11a72755b987902440045d346_id" , "entryDate" : "2011-09-01" , "entryGradeLevel" : "First grade" , "id" : "86b8e74cefea373a0e5d5bffc7383625af88297d_id" , "entityType" : "studentSchoolAssociation"}
{ "entryType" : "Next year school" , "studentId" : "2474c3b2906eab72c1ee4b06a5c4ebf02d02aace_id" , "exitWithdrawType" : "Student is in a different public school in the same local education agency" , "schoolId" : "772a61c687ee7ecd8e6d9ad3369f7883409f803b_id" , "exitWithdrawDate" : "2008-02-12" , "entryDate" : "2007-09-14" , "entryGradeLevel" : "Seventh grade" , "id" : "2fea90741e1f0cde46763be1430bb15cb4dbe226_id" , "entityType" : "studentSchoolAssociation"}
{ "studentId" : "4dff37694563f59c74a47b76505364623dfddd8e_id" , "schoolId" : "772a61c687ee7ecd8e6d9ad3369f7883409f803b_id" , "entryDate" : "2010-09-01" , "entryGradeLevel" : "Seventh grade" , "id" : "2f77f5a796e8f548424189679de37d83797ffcfc_id" , "entityType" : "studentSchoolAssociation"}
{ "studentId" : "45228e8ab407ec7781b6f5b89224c7a97a1fde30_id" , "schoolId" : "352e8570bd1116d11a72755b987902440045d346_id" , "entryDate" : "2010-09-01" , "entryGradeLevel" : "Kindergarten" , "id" : "031c079e88ce662a31f7a0fff883dd9e01fc4f39_id" , "entityType" : "studentSchoolAssociation"}
{ "entryType" : "Next year school" , "studentId" : "067198fd6da91e1aa8d67e28e850f224d6851713_id" , "exitWithdrawType" : "End of school year" , "schoolId" : "352e8570bd1116d11a72755b987902440045d346_id" , "exitWithdrawDate" : "2008-05-10" , "entryDate" : "2007-09-12" , "entryGradeLevel" : "Fourth grade" , "id" : "d1787d32576823d4008e9c30a85269af7bdff8c4_id" , "entityType" : "studentSchoolAssociation"}
{ "studentId" : "46897ed380267c95553e1a5f10a440526f632bf5_id" , "schoolId" : "772a61c687ee7ecd8e6d9ad3369f7883409f803b_id" , "entryDate" : "2010-09-01" , "entryGradeLevel" : "Seventh grade" , "id" : "10a44550cbd37e576ec1ee223e9a567eeb2db216_id" , "entityType" : "studentSchoolAssociation"}
{ "studentId" : "5cb783f415dcb9aa940052a7851cd0fdda0ef306_id" , "schoolId" : "352e8570bd1116d11a72755b987902440045d346_id" , "entryDate" : "2010-09-01" , "entryGradeLevel" : "Kindergarten" , "id" : "1b2fbd151ff8302d9f907d5e1bdeddfeeb70a7f5_id" , "entityType" : "studentSchoolAssociation"}
{ "studentId" : "d010a8b710783e4fd409cc7a8ddd780cd16ff89b_id" , "schoolId" : "772a61c687ee7ecd8e6d9ad3369f7883409f803b_id" , "entryDate" : "2011-09-01" , "entryGradeLevel" : "Eighth grade" , "id" : "99fd94b16de10d03204f1773370424942269d392_id" , "entityType" : "studentSchoolAssociation"}
{ "studentId" : "5074e6ecf88fc4f5ffc00fef643516266d8ae094_id" , "schoolId" : "772a61c687ee7ecd8e6d9ad3369f7883409f803b_id" , "entryDate" : "2011-09-01" , "entryGradeLevel" : "Eighth grade" , "id" : "0f2a032dee12b5463a8a2fa6c6ffd778b0d012f9_id" , "entityType" : "studentSchoolAssociation"}
{ "studentId" : "a69e7172738550c57d9e6c8f3876a4ac76567fe1_id" , "schoolId" : "772a61c687ee7ecd8e6d9ad3369f7883409f803b_id" , "entryDate" : "2011-09-01" , "entryGradeLevel" : "Eighth grade" , "id" : "a34d9d7f5af670479b4c6ae24c5999b77b0f728d_id" , "entityType" : "studentSchoolAssociation"}
{ "entryType" : "Next year school" , "studentId" : "067198fd6da91e1aa8d67e28e850f224d6851713_id" , "exitWithdrawType" : "End of school year" , "schoolId" : "772a61c687ee7ecd8e6d9ad3369f7883409f803b_id" , "exitWithdrawDate" : "2011-05-11" , "entryDate" : "2010-09-01" , "entryGradeLevel" : "Seventh grade" , "id" : "5d64a01f833ff7b748ae437a4c2b5b96e0652df4_id" , "entityType" : "studentSchoolAssociation"}
{ "studentId" : "f341449fa1d911fa615772554e60c29e6c216a78_id" , "schoolId" : "a13489364c2eb015c219172d561c62350f0453f3_id" , "entryDate" : "2011-09-01" , "entryGradeLevel" : "Eleventh grade" , "id" : "8b3418a9a4b97b16e1b522cc134574f9f02af566_id" , "entityType" : "studentSchoolAssociation"}
{ "studentId" : "722a125fc33c5cd96178425b97b3d7b1a908b014_id" , "schoolId" : "772a61c687ee7ecd8e6d9ad3369f7883409f803b_id" , "entryDate" : "2010-09-01" , "entryGradeLevel" : "Seventh grade" , "id" : "61f272ad28ec7833ac43cc1aba2a58025f3fe8e1_id" , "entityType" : "studentSchoolAssociation"}
{ "studentId" : "4ef33d4356e3e757e5c3662e6a79ddbfd8b31866_id" , "schoolId" : "352e8570bd1116d11a72755b987902440045d346_id" , "entryDate" : "2011-09-01" , "entryGradeLevel" : "First grade" , "id" : "ade4e455c3ce3c6ad5889793636a8a208e4defd7_id" , "entityType" : "studentSchoolAssociation"}
{ "studentId" : "38e5c3b95d55f20c60d37d21501f649b55e48bd8_id" , "schoolId" : "a13489364c2eb015c219172d561c62350f0453f3_id" , "entryDate" : "2011-09-01" , "entryGradeLevel" : "Eleventh grade" , "id" : "e1ac6862c24c7f8ca05b4dbea74889246fbab8a8_id" , "entityType" : "studentSchoolAssociation"}
{ "studentId" : "42a35b11ff9c3d36680e4bf023fa77db6176cea4_id" , "schoolId" : "a13489364c2eb015c219172d561c62350f0453f3_id" , "entryDate" : "2010-09-01" , "entryGradeLevel" : "Tenth grade" , "id" : "856663befe4d7196aeb37996b01e24ca1f860efc_id" , "entityType" : "studentSchoolAssociation"}
{ "studentId" : "c53b9737c4a9ff3cedaf8cae5555c4979b305ce8_id" , "schoolId" : "352e8570bd1116d11a72755b987902440045d346_id" , "entryDate" : "2010-09-01" , "entryGradeLevel" : "Kindergarten" , "id" : "7288ed36b46ff9421cff01b1c213105b1350c19b_id" , "entityType" : "studentSchoolAssociation"}
{ "studentId" : "64d2603905c991b938ebe54ec85ae1302be09ee5_id" , "schoolId" : "a13489364c2eb015c219172d561c62350f0453f3_id" , "graduationPlanId" : "f20e099827e981cf7dfea528ee71df12c9e3da52_id" , "entryDate" : "2011-09-01" , "entryGradeLevel" : "Eleventh grade" , "id" : "53570e4b376fc1466f47eb3f2c0404f5b17eae37_id" , "entityType" : "studentSchoolAssociation"}
{ "studentId" : "eb1f84cd5f539897f5e269925ca99700c8120edc_id" , "schoolId" : "352e8570bd1116d11a72755b987902440045d346_id" , "entryDate" : "2010-09-01" , "entryGradeLevel" : "Kindergarten" , "id" : "a52ec751fc1fb058ac8d307e5c6fde748d3954d3_id" , "entityType" : "studentSchoolAssociation"}
{ "studentId" : "82a98f00ac35ec0e625208825ca51941a12202f4_id" , "schoolId" : "352e8570bd1116d11a72755b987902440045d346_id" , "entryDate" : "2010-09-01" , "entryGradeLevel" : "Kindergarten" , "id" : "f4f2de23430bb19d9cd47971639434e8736b34ea_id" , "entityType" : "studentSchoolAssociation"}
{ "studentId" : "ea93810b6bf0314f8e89c39f2750818e2b21df27_id" , "schoolId" : "352e8570bd1116d11a72755b987902440045d346_id" , "entryDate" : "2011-09-01" , "entryGradeLevel" : "First grade" , "id" : "654d702ed90f225875d9cdda61b51f308a090435_id" , "entityType" : "studentSchoolAssociation"}
{ "entryType" : "Next year school" , "studentId" : "067198fd6da91e1aa8d67e28e850f224d6851713_id" , "exitWithdrawType" : "End of school year" , "schoolId" : "352e8570bd1116d11a72755b987902440045d346_id" , "exitWithdrawDate" : "2009-05-11" , "entryDate" : "2008-09-05" , "entryGradeLevel" : "Fifth grade" , "id" : "02c0a0c5047a756012dffaafe7844b223ac22abe_id" , "entityType" : "studentSchoolAssociation"}
{ "studentId" : "e210951c81ebe7ad5acc97cdc6a9af45ecdfcb42_id" , "schoolId" : "352e8570bd1116d11a72755b987902440045d346_id" , "entryDate" : "2011-09-01" , "entryGradeLevel" : "First grade" , "id" : "f26c435d55bba8b5fea3aae43e76426a750bda55_id" , "entityType" : "studentSchoolAssociation"}
{ "studentId" : "0a987f6ee7566f28fc5b652b9a92482c1bdca1d9_id" , "schoolId" : "772a61c687ee7ecd8e6d9ad3369f7883409f803b_id" , "entryDate" : "2010-09-01" , "entryGradeLevel" : "Seventh grade" , "id" : "810c8f7e0f2cf9d45f02366b21f59f2ebf551f21_id" , "entityType" : "studentSchoolAssociation"}
{ "entryType" : "Transfer from a public school in the same local education agency" , "studentId" : "067198fd6da91e1aa8d67e28e850f224d6851713_id" , "exitWithdrawType" : "End of school year" , "schoolId" : "772a61c687ee7ecd8e6d9ad3369f7883409f803b_id" , "exitWithdrawDate" : "2010-05-11" , "entryDate" : "2009-09-07" , "entryGradeLevel" : "Sixth grade" , "id" : "b4a4697c3c7d08b48a38460c34b58286ad3b3f60_id" , "entityType" : "studentSchoolAssociation"}
{ "studentId" : "0d0f61e56de8461eb4f721a9e2c88aa1cdc9fa3b_id" , "schoolId" : "a13489364c2eb015c219172d561c62350f0453f3_id" , "entryDate" : "2011-09-01" , "entryGradeLevel" : "Eleventh grade" , "id" : "28412d180053c1e9305dd8f87374beda36eba90c_id" , "entityType" : "studentSchoolAssociation"}
{ "studentId" : "e53be010bfee4087aa4891919d8b3ea9592fafad_id" , "schoolId" : "772a61c687ee7ecd8e6d9ad3369f7883409f803b_id" , "entryDate" : "2010-09-01" , "entryGradeLevel" : "Seventh grade" , "id" : "dab2ecc19321112c2dc8176d6ed9e08c71f4d7a7_id" , "entityType" : "studentSchoolAssociation"}
{ "studentId" : "c04d5891b6b1f10ce9b9e48b80581cda7788312c_id" , "schoolId" : "a13489364c2eb015c219172d561c62350f0453f3_id" , "entryDate" : "2011-09-01" , "entryGradeLevel" : "Eleventh grade" , "id" : "781a06031057f3ba548eaab78f9a2505a5006654_id" , "entityType" : "studentSchoolAssociation"}
{ "entryType" : "Next year school" , "studentId" : "2474c3b2906eab72c1ee4b06a5c4ebf02d02aace_id" , "exitWithdrawType" : "End of school year" , "schoolId" : "772a61c687ee7ecd8e6d9ad3369f7883409f803b_id" , "exitWithdrawDate" : "2007-05-14" , "entryDate" : "2006-09-11" , "entryGradeLevel" : "Sixth grade" , "id" : "cf1e7bf9ea19c29bdad3b4208ad6f4593a223d15_id" , "entityType" : "studentSchoolAssociation"}
{ "studentId" : "2a0191a8154291d83e575fb51cb1c971ac1a8cc9_id" , "schoolId" : "772a61c687ee7ecd8e6d9ad3369f7883409f803b_id" , "entryDate" : "2011-09-01" , "entryGradeLevel" : "Eighth grade" , "id" : "c3d2b3a03d2d6a449ac1f085c30fdbe23aa1e33c_id" , "entityType" : "studentSchoolAssociation"}
{ "studentId" : "4ef33d4356e3e757e5c3662e6a79ddbfd8b31866_id" , "schoolId" : "352e8570bd1116d11a72755b987902440045d346_id" , "entryDate" : "2010-09-01" , "entryGradeLevel" : "Kindergarten" , "id" : "7504d613853fe29626c38831986420e17ac4afd6_id" , "entityType" : "studentSchoolAssociation"}
{ "studentId" : "ea93810b6bf0314f8e89c39f2750818e2b21df27_id" , "schoolId" : "352e8570bd1116d11a72755b987902440045d346_id" , "entryDate" : "2010-09-01" , "entryGradeLevel" : "Kindergarten" , "id" : "d970d3348b326f07773876139e886305976a6461_id" , "entityType" : "studentSchoolAssociation"}
{ "entryType" : "Transfer from a school outside of the country" , "studentId" : "2474c3b2906eab72c1ee4b06a5c4ebf02d02aace_id" , "exitWithdrawType" : "Expelled or involuntarily withdrawn" , "schoolId" : "352e8570bd1116d11a72755b987902440045d346_id" , "exitWithdrawDate" : "2003-04-12" , "entryDate" : "2002-09-12" , "entryGradeLevel" : "Second grade" , "id" : "4fdd681a8cda4e0d29596673fae7335bd0abd39a_id" , "entityType" : "studentSchoolAssociation"}
{ "studentId" : "46897ed380267c95553e1a5f10a440526f632bf5_id" , "schoolId" : "772a61c687ee7ecd8e6d9ad3369f7883409f803b_id" , "entryDate" : "2011-09-01" , "entryGradeLevel" : "Eighth grade" , "id" : "dd77e8f2af6be990e7307d482a40472ef407e13b_id" , "entityType" : "studentSchoolAssociation"}
{ "studentId" : "54e1b64a3658712d7fdc9ba7504656b0e0474122_id" , "schoolId" : "772a61c687ee7ecd8e6d9ad3369f7883409f803b_id" , "entryDate" : "2011-09-01" , "entryGradeLevel" : "Eighth grade" , "id" : "4ededc4c3d2ce2c9b03a43233804ac36d0637cd3_id" , "entityType" : "studentSchoolAssociation"}
{ "studentId" : "eb1f84cd5f539897f5e269925ca99700c8120edc_id" , "schoolId" : "352e8570bd1116d11a72755b987902440045d346_id" , "entryDate" : "2011-09-01" , "entryGradeLevel" : "First grade" , "id" : "5712b121e7e191ff9a3ccfce9eda51936a436adb_id" , "entityType" : "studentSchoolAssociation"}
{ "studentId" : "c53b9737c4a9ff3cedaf8cae5555c4979b305ce8_id" , "schoolId" : "352e8570bd1116d11a72755b987902440045d346_id" , "entryDate" : "2011-09-01" , "entryGradeLevel" : "First grade" , "id" : "edd567850563c30048ed74f5064796d5d41537c5_id" , "entityType" : "studentSchoolAssociation"}
{ "studentId" : "2004de29bc06ba9162b51d270cef1e09b792fa7c_id" , "schoolId" : "a13489364c2eb015c219172d561c62350f0453f3_id" , "entryDate" : "2010-09-01" , "entryGradeLevel" : "Tenth grade" , "id" : "1a2d93bce6d844f3475c8d85844aa65c32be2bca_id" , "entityType" : "studentSchoolAssociation"}
{ "studentId" : "13ad3d6f880f76290f95426200e560f9b83b5278_id" , "schoolId" : "772a61c687ee7ecd8e6d9ad3369f7883409f803b_id" , "entryDate" : "2011-09-01" , "entryGradeLevel" : "Eighth grade" , "id" : "cd72c2f3ae008595e6c56b64fc3b50611768a385_id" , "entityType" : "studentSchoolAssociation"}
{ "studentId" : "a69e7172738550c57d9e6c8f3876a4ac76567fe1_id" , "schoolId" : "772a61c687ee7ecd8e6d9ad3369f7883409f803b_id" , "entryDate" : "2010-09-01" , "entryGradeLevel" : "Seventh grade" , "id" : "0e52c7e7aa84ffcc39c00d53268c7d14d94e59a4_id" , "entityType" : "studentSchoolAssociation"}
{ "studentId" : "442ba2cfe194a954c7cceb2858d2c85e8d30384a_id" , "schoolId" : "772a61c687ee7ecd8e6d9ad3369f7883409f803b_id" , "entryDate" : "2011-09-01" , "entryGradeLevel" : "Eighth grade" , "id" : "e5d9c67490bf7fb53e2240606edd9f9708761996_id" , "entityType" : "studentSchoolAssociation"}
{ "studentId" : "464035998fc46fdf7ee8c2bdd82e1f368f15bae9_id" , "schoolId" : "352e8570bd1116d11a72755b987902440045d346_id" , "entryDate" : "2011-09-01" , "entryGradeLevel" : "First grade" , "id" : "f8dd4402d04e285a243e1059478828081b15a0b2_id" , "entityType" : "studentSchoolAssociation"}
{ "studentId" : "0a987f6ee7566f28fc5b652b9a92482c1bdca1d9_id" , "schoolId" : "772a61c687ee7ecd8e6d9ad3369f7883409f803b_id" , "entryDate" : "2011-09-01" , "entryGradeLevel" : "Eighth grade" , "id" : "2c4672a63cc119794b83fccaff9286d8bba6ecbc_id" , "entityType" : "studentSchoolAssociation"}
{ "studentId" : "0f6aa0e0b108ea45701697c82f3fca6a9ac7b609_id" , "schoolId" : "a13489364c2eb015c219172d561c62350f0453f3_id" , "entryDate" : "2011-09-01" , "entryGradeLevel" : "Eleventh grade" , "id" : "334c2b80651b271d973c43d3c0311f73ef1d5787_id" , "entityType" : "studentSchoolAssociation"}
{ "studentId" : "6c09bcafd4f0729ab1c79abfbb3929d2bfc3e642_id" , "schoolId" : "352e8570bd1116d11a72755b987902440045d346_id" , "entryDate" : "2011-09-01" , "entryGradeLevel" : "First grade" , "id" : "e4f1e526cb0cc716a4d3c339ba52e45fe630b960_id" , "entityType" : "studentSchoolAssociation"}
{ "entryType" : "Original entry into a United States school" , "studentId" : "92a33cae13e838176dbea9ca8b8c354d7420eaa8_id" , "exitWithdrawType" : "End of school year" , "schoolId" : "352e8570bd1116d11a72755b987902440045d346_id" , "exitWithdrawDate" : "2011-05-11" , "entryDate" : "2010-09-03" , "entryGradeLevel" : "Kindergarten" , "id" : "9ca8b6d7ff43960fa496aa238719785d5ef2ff07_id" , "entityType" : "studentSchoolAssociation"}
{ "studentId" : "f22261db5e5444490261528ead4949cc114ec415_id" , "schoolId" : "a13489364c2eb015c219172d561c62350f0453f3_id" , "entryDate" : "2011-09-01" , "entryGradeLevel" : "Twelfth grade" , "id" : "2ad67fe91256bd58c008ff01f1ec3e5216e20f4c_id" , "entityType" : "studentSchoolAssociation"}
{ "studentId" : "4c2aeced02b70e3da3a88f6ec62d6103a2b38088_id" , "schoolId" : "772a61c687ee7ecd8e6d9ad3369f7883409f803b_id" , "entryDate" : "2011-09-01" , "entryGradeLevel" : "Eighth grade" , "id" : "a4ad03af02dc3baf753d026b7a14e5db2e410481_id" , "entityType" : "studentSchoolAssociation"}
{ "studentId" : "84a2470b868166c4d8fea1076169d94dd154bfba_id" , "schoolId" : "352e8570bd1116d11a72755b987902440045d346_id" , "entryDate" : "2011-09-01" , "entryGradeLevel" : "First grade" , "id" : "f117d743ec6367d1557128d5fdf27572eabdf890_id" , "entityType" : "studentSchoolAssociation"}
{ "studentId" : "722a125fc33c5cd96178425b97b3d7b1a908b014_id" , "schoolId" : "772a61c687ee7ecd8e6d9ad3369f7883409f803b_id" , "entryDate" : "2011-09-01" , "entryGradeLevel" : "Eighth grade" , "id" : "d89b32e108c465b4a86739c47d3a5bf50a033da0_id" , "entityType" : "studentSchoolAssociation"}
{ "studentId" : "5074e6ecf88fc4f5ffc00fef643516266d8ae094_id" , "schoolId" : "772a61c687ee7ecd8e6d9ad3369f7883409f803b_id" , "entryDate" : "2010-09-01" , "entryGradeLevel" : "Seventh grade" , "id" : "60b1748413bf4be17ec5bddcf1e4297b9bdcf4c6_id" , "entityType" : "studentSchoolAssociation"}
{ "studentId" : "9bcfe162d8bf132e56ffa297160f958b4e288fbb_id" , "schoolId" : "772a61c687ee7ecd8e6d9ad3369f7883409f803b_id" , "entryDate" : "2011-09-01" , "entryGradeLevel" : "Eighth grade" , "id" : "8eba1720e8e5153445ceb50ac522fc9e3e788217_id" , "entityType" : "studentSchoolAssociation"}
{ "studentId" : "e42e539bde5b4f76b00223b17ac168d8c6bd9ef3_id" , "schoolId" : "772a61c687ee7ecd8e6d9ad3369f7883409f803b_id" , "entryDate" : "2010-09-01" , "entryGradeLevel" : "Seventh grade" , "id" : "1a673b8b8274b012355a4c94884c16481bbf97d9_id" , "entityType" : "studentSchoolAssociation"}
{ "studentId" : "afb4bb8a41d8ae768f9dbe7e34d44254071b6657_id" , "schoolId" : "772a61c687ee7ecd8e6d9ad3369f7883409f803b_id" , "entryDate" : "2011-09-01" , "entryGradeLevel" : "Eighth grade" , "id" : "6e2144def41aaf980a0f095a87fe62a6999ec564_id" , "entityType" : "studentSchoolAssociation"}
{ "studentId" : "ff96e68b4b5ffd1e89fc7f1637f4c9535da0ff26_id" , "schoolId" : "a13489364c2eb015c219172d561c62350f0453f3_id" , "entryDate" : "2010-09-01" , "entryGradeLevel" : "Tenth grade" , "id" : "94113624ba37f46b3f9ddec6f5e0764e77da5a37_id" , "entityType" : "studentSchoolAssociation"}
{ "studentId" : "fa250b49f53198d004996b7b3220fea07b2e007d_id" , "schoolId" : "a13489364c2eb015c219172d561c62350f0453f3_id" , "entryDate" : "2011-09-01" , "entryGradeLevel" : "Twelfth grade" , "id" : "cd2e0a5e52a1a776024b8a42113bbdd9a54a60f8_id" , "entityType" : "studentSchoolAssociation"}
{ "studentId" : "e0cdf6864b674e3c3dc9747ce584d06ff74091b1_id" , "schoolId" : "772a61c687ee7ecd8e6d9ad3369f7883409f803b_id" , "entryDate" : "2011-09-01" , "entryGradeLevel" : "Eighth grade" , "id" : "087a2176ab416c73987320ce03d6ae030f805d42_id" , "entityType" : "studentSchoolAssociation"}
{ "studentId" : "9699bf2182182c7bb71fc61e8168608b32c0e738_id" , "schoolId" : "a13489364c2eb015c219172d561c62350f0453f3_id" , "entryDate" : "2011-09-01" , "entryGradeLevel" : "Eleventh grade" , "id" : "964e754614e3c54bad97b513e4e7be0f62514a45_id" , "entityType" : "studentSchoolAssociation"}
{ "studentId" : "f22261db5e5444490261528ead4949cc114ec415_id" , "schoolId" : "a13489364c2eb015c219172d561c62350f0453f3_id" , "entryDate" : "2010-09-01" , "entryGradeLevel" : "Eleventh grade" , "id" : "687edded96607950a140f4b2667ff8c8c8631ff2_id" , "entityType" : "studentSchoolAssociation"}
{ "studentId" : "97144661247f1646b4e284fbc4584afd35a00549_id" , "schoolId" : "772a61c687ee7ecd8e6d9ad3369f7883409f803b_id" , "entryDate" : "2010-09-01" , "entryGradeLevel" : "Seventh grade" , "id" : "3d8c3131715a3643290e030bcd14e9b51994b797_id" , "entityType" : "studentSchoolAssociation"}
{ "studentId" : "7fb7741b5aea5d17bb01d5775c5df55524604868_id" , "schoolId" : "a13489364c2eb015c219172d561c62350f0453f3_id" , "entryDate" : "2010-09-01" , "entryGradeLevel" : "Eleventh grade" , "id" : "cb2b8b5f67fff46f539640e1fefea654f02e27a5_id" , "entityType" : "studentSchoolAssociation"}
{ "studentId" : "5ed266b0dc37ab27b1d2c282491dbac0a576a107_id" , "schoolId" : "a13489364c2eb015c219172d561c62350f0453f3_id" , "entryDate" : "2010-09-01" , "entryGradeLevel" : "Tenth grade" , "id" : "93df078dc9a7121a84d76f0af1fc7abd76cfa605_id" , "entityType" : "studentSchoolAssociation"}
{ "studentId" : "9b38ee8562b14f3201aff4995bac9bbafc3336a0_id" , "schoolId" : "772a61c687ee7ecd8e6d9ad3369f7883409f803b_id" , "entryDate" : "2011-09-01" , "entryGradeLevel" : "Eighth grade" , "id" : "62846eb8fe9a73e381eefcb663b64bc22cb07f7f_id" , "entityType" : "studentSchoolAssociation"}
{ "studentId" : "ce9f718a8076b5c7dad076862f715b1a9ab6b91b_id" , "schoolId" : "352e8570bd1116d11a72755b987902440045d346_id" , "entryDate" : "2010-09-01" , "entryGradeLevel" : "Kindergarten" , "id" : "dd6a206ef02faef70940f041b63b445d2b768877_id" , "entityType" : "studentSchoolAssociation"}
{ "studentId" : "0f037add13a1b0590b9e7f19bd9edf8c38e0e1ac_id" , "schoolId" : "a13489364c2eb015c219172d561c62350f0453f3_id" , "entryDate" : "2010-09-01" , "entryGradeLevel" : "Tenth grade" , "id" : "69a2f439e73dd89c5e827eadf1c9ab4110e9887c_id" , "entityType" : "studentSchoolAssociation"}
{ "studentId" : "23403476a267c45867eb54c82134ab1be8305ed0_id" , "schoolId" : "772a61c687ee7ecd8e6d9ad3369f7883409f803b_id" , "entryDate" : "2010-09-01" , "entryGradeLevel" : "Seventh grade" , "id" : "31492b9fc3ec425b34288b883f4cbbf9c619d5f8_id" , "entityType" : "studentSchoolAssociation"}
{ "studentId" : "36e9573cb669b56d482868430bcf0e3e8eb49c03_id" , "schoolId" : "352e8570bd1116d11a72755b987902440045d346_id" , "entryDate" : "2011-09-01" , "entryGradeLevel" : "First grade" , "id" : "877a7fb1f199cb08f501981096a675dc08d4aaa9_id" , "entityType" : "studentSchoolAssociation"}
{ "studentId" : "51801d1a81651688008d7fd81d515473f5145ba9_id" , "schoolId" : "352e8570bd1116d11a72755b987902440045d346_id" , "entryDate" : "2011-09-01" , "entryGradeLevel" : "First grade" , "id" : "86695523cfc20ef63c5a83cd3f64aedf7542da9b_id" , "entityType" : "studentSchoolAssociation"}
{ "studentId" : "afb4bb8a41d8ae768f9dbe7e34d44254071b6657_id" , "schoolId" : "772a61c687ee7ecd8e6d9ad3369f7883409f803b_id" , "entryDate" : "2010-09-01" , "entryGradeLevel" : "Seventh grade" , "id" : "198daf17dee6c1736e20c75cc7e4ecd99b82228a_id" , "entityType" : "studentSchoolAssociation"}
{ "studentId" : "366e15c0213a81f653cdcf524606edeed3f80f99_id" , "schoolId" : "a13489364c2eb015c219172d561c62350f0453f3_id" , "entryDate" : "2011-09-01" , "entryGradeLevel" : "Twelfth grade" , "id" : "067e45f799cfbf79d12f494baa13551de2221373_id" , "entityType" : "studentSchoolAssociation"}
{ "studentId" : "2a0191a8154291d83e575fb51cb1c971ac1a8cc9_id" , "schoolId" : "772a61c687ee7ecd8e6d9ad3369f7883409f803b_id" , "entryDate" : "2010-09-01" , "entryGradeLevel" : "Seventh grade" , "id" : "84c193d8887c88deb32708e685460cbaa95a76b8_id" , "entityType" : "studentSchoolAssociation"}
{ "studentId" : "d106bb3d8cc213f50c49e0fa94c875a35fb64f64_id" , "schoolId" : "a13489364c2eb015c219172d561c62350f0453f3_id" , "entryDate" : "2010-09-01" , "entryGradeLevel" : "Tenth grade" , "id" : "ed6a1105b32d21938547fece0f69d99f1a25c496_id" , "entityType" : "studentSchoolAssociation"}
{ "studentId" : "992acec0eb22a56436252fd0e0a6b028c6bdc88b_id" , "schoolId" : "772a61c687ee7ecd8e6d9ad3369f7883409f803b_id" , "entryDate" : "2011-09-01" , "entryGradeLevel" : "Eighth grade" , "id" : "7c8b59c7d360ec96783503928d5dbf3684f9a64f_id" , "entityType" : "studentSchoolAssociation"}
{ "studentId" : "92a4f9f1f6112db7892dd86d305a54be9b432927_id" , "schoolId" : "352e8570bd1116d11a72755b987902440045d346_id" , "entryDate" : "2010-09-01" , "entryGradeLevel" : "Kindergarten" , "id" : "eed7cdcc9b8ceb084dc518aa84753cb169feb42a_id" , "entityType" : "studentSchoolAssociation"}
{ "studentId" : "968c1c327d88b849d08a85d951c6652c012e06c0_id" , "schoolId" : "772a61c687ee7ecd8e6d9ad3369f7883409f803b_id" , "entryDate" : "2010-09-01" , "entryGradeLevel" : "Seventh grade" , "id" : "c08060b480746b5edb380637d60648cad10ffd0c_id" , "entityType" : "studentSchoolAssociation"}
{ "studentId" : "e53be010bfee4087aa4891919d8b3ea9592fafad_id" , "schoolId" : "772a61c687ee7ecd8e6d9ad3369f7883409f803b_id" , "entryDate" : "2011-09-01" , "entryGradeLevel" : "Eighth grade" , "id" : "8e3a3a63e3cedb31453623b1947e164f8bf68761_id" , "entityType" : "studentSchoolAssociation"}
{ "studentId" : "dba9c25a02f684cdb5c81b6ee52a9512d4482d4b_id" , "schoolId" : "a13489364c2eb015c219172d561c62350f0453f3_id" , "entryDate" : "2010-09-01" , "entryGradeLevel" : "Tenth grade" , "id" : "016c4efbf35a98494a1c51c7546ce86e39e30ec3_id" , "entityType" : "studentSchoolAssociation"}
{ "entryType" : "Next year school" , "studentId" : "92a33cae13e838176dbea9ca8b8c354d7420eaa8_id" , "schoolId" : "352e8570bd1116d11a72755b987902440045d346_id" , "entryDate" : "2011-09-05" , "entryGradeLevel" : "First grade" , "id" : "9dd0620b62f15725890ed0b6470a32a18f5b01f2_id" , "entityType" : "studentSchoolAssociation"}
{ "studentId" : "a654d7e6e1c802b2863051afc230f378c54cf17b_id" , "schoolId" : "352e8570bd1116d11a72755b987902440045d346_id" , "entryDate" : "2010-09-01" , "entryGradeLevel" : "Kindergarten" , "id" : "9a1d11a887c0fdd753fb83a5aae7e3b9fc3d3e24_id" , "entityType" : "studentSchoolAssociation"}
{ "studentId" : "e55c11dc3999cde82843ca4bd8d9325b1ae3edcd_id" , "schoolId" : "a13489364c2eb015c219172d561c62350f0453f3_id" , "entryDate" : "2010-09-01" , "entryGradeLevel" : "Tenth grade" , "id" : "d7718f2b481055dd17a3abc116f44d3bf544a330_id" , "entityType" : "studentSchoolAssociation"}
{ "studentId" : "6578f984876bbf6f884c1be2ef415dbf4441db89_id" , "schoolId" : "a13489364c2eb015c219172d561c62350f0453f3_id" , "entryDate" : "2010-09-01" , "entryGradeLevel" : "Tenth grade" , "id" : "c247f99fe96ee00a5333e1fdd1796661febf528c_id" , "entityType" : "studentSchoolAssociation"}
{ "studentId" : "be7bf656355afa88ec129fe9531ee9722d09d96a_id" , "schoolId" : "772a61c687ee7ecd8e6d9ad3369f7883409f803b_id" , "entryDate" : "2010-09-01" , "entryGradeLevel" : "Seventh grade" , "id" : "ed123235c15a94d3f11108ea8ce0465997bb41bd_id" , "entityType" : "studentSchoolAssociation"}
{ "studentId" : "e210951c81ebe7ad5acc97cdc6a9af45ecdfcb42_id" , "schoolId" : "352e8570bd1116d11a72755b987902440045d346_id" , "entryDate" : "2010-09-01" , "entryGradeLevel" : "Kindergarten" , "id" : "8257e0f83ab1148130a21f5bbf6ed0b4a091ee60_id" , "entityType" : "studentSchoolAssociation"}
{ "studentId" : "64d2603905c991b938ebe54ec85ae1302be09ee5_id" , "schoolId" : "a13489364c2eb015c219172d561c62350f0453f3_id" , "entryDate" : "2010-09-01" , "entryGradeLevel" : "Tenth grade" , "id" : "e33db1036bc7d7b2932ea16a61f3c011ffac4eb9_id" , "entityType" : "studentSchoolAssociation"}
{ "studentId" : "b2ef46582397408724e309b84fbd68e42acc70d6_id" , "schoolId" : "772a61c687ee7ecd8e6d9ad3369f7883409f803b_id" , "entryDate" : "2010-09-01" , "entryGradeLevel" : "Seventh grade" , "id" : "b45a8d1f286ef4be49f71b59cfebe5906bb95879_id" , "entityType" : "studentSchoolAssociation"}
{ "studentId" : "84a2470b868166c4d8fea1076169d94dd154bfba_id" , "schoolId" : "352e8570bd1116d11a72755b987902440045d346_id" , "entryDate" : "2010-09-01" , "entryGradeLevel" : "Kindergarten" , "id" : "5f12bb2bb301132b71be1e735ea353dddf1296c9_id" , "entityType" : "studentSchoolAssociation"}
{ "studentId" : "5d03f243bc8dd823d3ed52b87bcba2b24693bdfe_id" , "schoolId" : "352e8570bd1116d11a72755b987902440045d346_id" , "entryDate" : "2010-09-01" , "entryGradeLevel" : "Kindergarten" , "id" : "11caa151b0a0ee2c00d83368f4bf2319b6bbf93e_id" , "entityType" : "studentSchoolAssociation"}
{ "studentId" : "42a35b11ff9c3d36680e4bf023fa77db6176cea4_id" , "schoolId" : "a13489364c2eb015c219172d561c62350f0453f3_id" , "entryDate" : "2011-09-01" , "entryGradeLevel" : "Eleventh grade" , "id" : "e83cc2565ba0c3e40361184919f78a8a42f32441_id" , "entityType" : "studentSchoolAssociation"}
{ "studentId" : "c20c4b37f887348b67a02091dc10ee6b27fbd1ce_id" , "schoolId" : "772a61c687ee7ecd8e6d9ad3369f7883409f803b_id" , "entryDate" : "2011-09-01" , "entryGradeLevel" : "Eighth grade" , "id" : "d3fc5874ce7676ff1a3a6888a0597fc22f6bc591_id" , "entityType" : "studentSchoolAssociation"}
{ "studentId" : "6c09bcafd4f0729ab1c79abfbb3929d2bfc3e642_id" , "schoolId" : "352e8570bd1116d11a72755b987902440045d346_id" , "entryDate" : "2010-09-01" , "entryGradeLevel" : "Kindergarten" , "id" : "3379db856834e28dea39d20423fcde94b24a18ab_id" , "entityType" : "studentSchoolAssociation"}
{ "studentId" : "51801d1a81651688008d7fd81d515473f5145ba9_id" , "schoolId" : "352e8570bd1116d11a72755b987902440045d346_id" , "entryDate" : "2010-09-01" , "entryGradeLevel" : "Kindergarten" , "id" : "2e6b63f4edec7657793b7ac8cf647dfb8e48adde_id" , "entityType" : "studentSchoolAssociation"}
{ "studentId" : "0c93f4ca943a22e75b979fb468e7dc949c479bb9_id" , "schoolId" : "772a61c687ee7ecd8e6d9ad3369f7883409f803b_id" , "entryDate" : "2010-09-01" , "entryGradeLevel" : "Seventh grade" , "id" : "5d83c170525b28f5d65c191a7b2c57725e44b9cd_id" , "entityType" : "studentSchoolAssociation"}
{ "studentId" : "6cd209716484a6960d499e10a848f197e8a9eb79_id" , "schoolId" : "772a61c687ee7ecd8e6d9ad3369f7883409f803b_id" , "entryDate" : "2011-09-01" , "entryGradeLevel" : "Eighth grade" , "id" : "046515494690c90a2f138c6c4bda21cc77e59f29_id" , "entityType" : "studentSchoolAssociation"}
{ "studentId" : "92a4f9f1f6112db7892dd86d305a54be9b432927_id" , "schoolId" : "352e8570bd1116d11a72755b987902440045d346_id" , "entryDate" : "2011-09-01" , "entryGradeLevel" : "First grade" , "id" : "ca28ec9df3bb4c207f61abeb9cb0cc46530b583a_id" , "entityType" : "studentSchoolAssociation"}
{ "studentId" : "992acec0eb22a56436252fd0e0a6b028c6bdc88b_id" , "schoolId" : "772a61c687ee7ecd8e6d9ad3369f7883409f803b_id" , "entryDate" : "2010-09-01" , "entryGradeLevel" : "Seventh grade" , "id" : "fc1dc5f49e3f656ff9656810366a201ae77936ba_id" , "entityType" : "studentSchoolAssociation"}
{ "studentId" : "e55c11dc3999cde82843ca4bd8d9325b1ae3edcd_id" , "schoolId" : "a13489364c2eb015c219172d561c62350f0453f3_id" , "entryDate" : "2011-09-01" , "entryGradeLevel" : "Eleventh grade" , "id" : "09d572b9d87c5c332394acc4ebdc43063edeb9b0_id" , "entityType" : "studentSchoolAssociation"}
{ "studentId" : "23403476a267c45867eb54c82134ab1be8305ed0_id" , "schoolId" : "772a61c687ee7ecd8e6d9ad3369f7883409f803b_id" , "entryDate" : "2011-09-01" , "entryGradeLevel" : "Eighth grade" , "id" : "2a3da5d83dc25f69fa8e99e65b68dc7d560f3eb5_id" , "entityType" : "studentSchoolAssociation"}
{ "studentId" : "25369655c44d8d9346b356a75b8ac3552bb85e6e_id" , "schoolId" : "352e8570bd1116d11a72755b987902440045d346_id" , "entryDate" : "2011-09-01" , "entryGradeLevel" : "First grade" , "id" : "e67011281a42fd7d3c87438b99f2693c01a251e4_id" , "entityType" : "studentSchoolAssociation"}
{ "entryType" : "Transfer from a public school in the same local education agency" , "studentId" : "2474c3b2906eab72c1ee4b06a5c4ebf02d02aace_id" , "exitWithdrawType" : "End of school year" , "schoolId" : "a13489364c2eb015c219172d561c62350f0453f3_id" , "exitWithdrawDate" : "2010-05-11" , "entryDate" : "2009-09-08" , "entryGradeLevel" : "Ninth grade" , "id" : "0200368cbae4662c2ddbe2f7d1825aa79e86cbea_id" , "entityType" : "studentSchoolAssociation"}
{ "studentId" : "5b9a824f37b570ff741c528d01d8b323708dcf9e_id" , "schoolId" : "352e8570bd1116d11a72755b987902440045d346_id" , "entryDate" : "2010-09-01" , "entryGradeLevel" : "Kindergarten" , "id" : "5aa573387592349102a9d8e7bc930c1ad61aae7a_id" , "entityType" : "studentSchoolAssociation"}
{ "studentId" : "4b0770b923faea358326b4c91d4cb7a22fec6f92_id" , "schoolId" : "352e8570bd1116d11a72755b987902440045d346_id" , "entryDate" : "2010-09-01" , "entryGradeLevel" : "Kindergarten" , "id" : "f646b9c081bd577e047cde15909ea42401644a08_id" , "entityType" : "studentSchoolAssociation"}
{ "studentId" : "442ba2cfe194a954c7cceb2858d2c85e8d30384a_id" , "schoolId" : "772a61c687ee7ecd8e6d9ad3369f7883409f803b_id" , "entryDate" : "2010-09-01" , "entryGradeLevel" : "Seventh grade" , "id" : "6ee53b9a58bf5300df89ad183f1d90ca9d1c924b_id" , "entityType" : "studentSchoolAssociation"}
{ "studentId" : "c04d5891b6b1f10ce9b9e48b80581cda7788312c_id" , "schoolId" : "a13489364c2eb015c219172d561c62350f0453f3_id" , "entryDate" : "2010-09-01" , "entryGradeLevel" : "Tenth grade" , "id" : "be1ecd24c6275c14f020960553042455566303d9_id" , "entityType" : "studentSchoolAssociation"}
{ "studentId" : "5cb783f415dcb9aa940052a7851cd0fdda0ef306_id" , "schoolId" : "352e8570bd1116d11a72755b987902440045d346_id" , "entryDate" : "2011-09-01" , "entryGradeLevel" : "First grade" , "id" : "94f0458b8d116d0bb2ec1317a6a97cc48a9c3295_id" , "entityType" : "studentSchoolAssociation"}
{ "studentId" : "6b463aeb06e0ca9edd93a5de3fc6198ee494e219_id" , "schoolId" : "352e8570bd1116d11a72755b987902440045d346_id" , "entryDate" : "2010-09-01" , "entryGradeLevel" : "Kindergarten" , "id" : "7ff07a5da67715bea2bbd1eb920bca3a3125ec1c_id" , "entityType" : "studentSchoolAssociation"}
{ "studentId" : "82a98f00ac35ec0e625208825ca51941a12202f4_id" , "schoolId" : "352e8570bd1116d11a72755b987902440045d346_id" , "entryDate" : "2011-09-01" , "entryGradeLevel" : "First grade" , "id" : "18e13ddd952bc472ed7c92ef029d035410e47bf0_id" , "entityType" : "studentSchoolAssociation"}
{ "studentId" : "e0f1d0f03c823e248dce5600cd49415d422fc90f_id" , "schoolId" : "352e8570bd1116d11a72755b987902440045d346_id" , "entryDate" : "2010-09-01" , "entryGradeLevel" : "Kindergarten" , "id" : "a35fb3353f5baf07caab2950775a70135054e038_id" , "entityType" : "studentSchoolAssociation"}
{ "studentId" : "dba9c25a02f684cdb5c81b6ee52a9512d4482d4b_id" , "schoolId" : "a13489364c2eb015c219172d561c62350f0453f3_id" , "entryDate" : "2011-09-01" , "entryGradeLevel" : "Eleventh grade" , "id" : "7810a2adec56ef8c5e07169bbf81179a9b20deb6_id" , "entityType" : "studentSchoolAssociation"}
{ "studentId" : "25369655c44d8d9346b356a75b8ac3552bb85e6e_id" , "schoolId" : "352e8570bd1116d11a72755b987902440045d346_id" , "entryDate" : "2010-09-01" , "entryGradeLevel" : "Kindergarten" , "id" : "8a0a4ad3dad034cc524682e922ca07d9162e0851_id" , "entityType" : "studentSchoolAssociation"}
{ "entryType" : "Transfer from a private, religiously-affiliated school in the same local education agency" , "studentId" : "2474c3b2906eab72c1ee4b06a5c4ebf02d02aace_id" , "exitWithdrawType" : "Exited" , "schoolId" : "352e8570bd1116d11a72755b987902440045d346_id" , "exitWithdrawDate" : "2006-05-15" , "entryDate" : "2005-09-09" , "entryGradeLevel" : "Fifth grade" , "id" : "df23e0d1047d87f76507c9d96c04cd4bf60fafa4_id" , "entityType" : "studentSchoolAssociation"}
{ "studentId" : "e0f1d0f03c823e248dce5600cd49415d422fc90f_id" , "schoolId" : "352e8570bd1116d11a72755b987902440045d346_id" , "entryDate" : "2011-09-01" , "entryGradeLevel" : "First grade" , "id" : "9e2613ebfb6645f0808bcb165170a8e2635950b9_id" , "entityType" : "studentSchoolAssociation"}
{ "studentId" : "4c2aeced02b70e3da3a88f6ec62d6103a2b38088_id" , "schoolId" : "772a61c687ee7ecd8e6d9ad3369f7883409f803b_id" , "entryDate" : "2010-09-01" , "entryGradeLevel" : "Seventh grade" , "id" : "e9f5e63a2d787f6929a79a39b259ce9038d2d646_id" , "entityType" : "studentSchoolAssociation"}
{ "studentId" : "a68bbec1d161945b6c1a537ee7d5f81e95620b65_id" , "schoolId" : "a13489364c2eb015c219172d561c62350f0453f3_id" , "entryDate" : "2011-09-01" , "entryGradeLevel" : "Twelfth grade" , "id" : "b942f4d9950eeb4da59c7d5b1a200498d6715a0d_id" , "entityType" : "studentSchoolAssociation"}
{ "studentId" : "4dff37694563f59c74a47b76505364623dfddd8e_id" , "schoolId" : "772a61c687ee7ecd8e6d9ad3369f7883409f803b_id" , "entryDate" : "2011-09-01" , "entryGradeLevel" : "Eighth grade" , "id" : "a7f9f860d3d16c45d8cd999678cfa0a5e31741e6_id" , "entityType" : "studentSchoolAssociation"}
{ "studentId" : "be7bf656355afa88ec129fe9531ee9722d09d96a_id" , "schoolId" : "772a61c687ee7ecd8e6d9ad3369f7883409f803b_id" , "entryDate" : "2011-09-01" , "entryGradeLevel" : "Eighth grade" , "id" : "5162bb5a3ac90ab5b0cfec826b919bb45dd2a830_id" , "entityType" : "studentSchoolAssociation"}
{ "studentId" : "f341449fa1d911fa615772554e60c29e6c216a78_id" , "schoolId" : "a13489364c2eb015c219172d561c62350f0453f3_id" , "entryDate" : "2010-09-01" , "entryGradeLevel" : "Tenth grade" , "id" : "b97290ce9872e2f31c2098c234588a5b032a117d_id" , "entityType" : "studentSchoolAssociation"}
{ "studentId" : "9bcfe162d8bf132e56ffa297160f958b4e288fbb_id" , "schoolId" : "772a61c687ee7ecd8e6d9ad3369f7883409f803b_id" , "entryDate" : "2010-09-01" , "entryGradeLevel" : "Seventh grade" , "id" : "32795bcc52d7a0c95ad51abf3a322c5dd6df34c2_id" , "entityType" : "studentSchoolAssociation"}
{ "studentId" : "70a5bbd9b578fcfed97993bdd2b99c75c6be47ca_id" , "schoolId" : "a13489364c2eb015c219172d561c62350f0453f3_id" , "entryDate" : "2011-09-01" , "entryGradeLevel" : "Eleventh grade" , "id" : "a0f4c3a28888efc11790d0d74fbcda1f39b44446_id" , "entityType" : "studentSchoolAssociation"}
{ "studentId" : "ff96e68b4b5ffd1e89fc7f1637f4c9535da0ff26_id" , "schoolId" : "a13489364c2eb015c219172d561c62350f0453f3_id" , "entryDate" : "2011-09-01" , "entryGradeLevel" : "Eleventh grade" , "id" : "228b7db0cd2167d609aa6d5ee9fae4a83c6e1816_id" , "entityType" : "studentSchoolAssociation"}
{ "studentId" : "70a5bbd9b578fcfed97993bdd2b99c75c6be47ca_id" , "schoolId" : "a13489364c2eb015c219172d561c62350f0453f3_id" , "entryDate" : "2010-09-01" , "entryGradeLevel" : "Tenth grade" , "id" : "432826c622d62bfb408fa886ac4a66672e3b99b6_id" , "entityType" : "studentSchoolAssociation"}
{ "studentId" : "6b463aeb06e0ca9edd93a5de3fc6198ee494e219_id" , "schoolId" : "352e8570bd1116d11a72755b987902440045d346_id" , "entryDate" : "2011-09-01" , "entryGradeLevel" : "First grade" , "id" : "ae16408fff716fbf17e7df0384216e1f28df00d2_id" , "entityType" : "studentSchoolAssociation"}
{ "studentId" : "a68bbec1d161945b6c1a537ee7d5f81e95620b65_id" , "schoolId" : "a13489364c2eb015c219172d561c62350f0453f3_id" , "entryDate" : "2010-09-01" , "entryGradeLevel" : "Eleventh grade" , "id" : "f49336af4fe58ed61a0968a6c85b80888bda1c12_id" , "entityType" : "studentSchoolAssociation"}
{ "studentId" : "ce9f718a8076b5c7dad076862f715b1a9ab6b91b_id" , "schoolId" : "352e8570bd1116d11a72755b987902440045d346_id" , "entryDate" : "2011-09-01" , "entryGradeLevel" : "First grade" , "id" : "06d8cc372799d027c7d2714369c0e685fda3e5b7_id" , "entityType" : "studentSchoolAssociation"}
{ "studentId" : "b73841a9b1cfacce71dbc7645b12f18ce16c5fca_id" , "schoolId" : "352e8570bd1116d11a72755b987902440045d346_id" , "entryDate" : "2011-09-01" , "entryGradeLevel" : "First grade" , "id" : "c4e8f7ef1215970305cf9d2fb828c3762afd02a1_id" , "entityType" : "studentSchoolAssociation"}
{ "entryType" : "Transfer from a public school in the same local education agency" , "studentId" : "2474c3b2906eab72c1ee4b06a5c4ebf02d02aace_id" , "exitWithdrawType" : "End of school year" , "schoolId" : "772a61c687ee7ecd8e6d9ad3369f7883409f803b_id" , "exitWithdrawDate" : "2008-05-08" , "entryDate" : "2008-03-11" , "entryGradeLevel" : "Seventh grade" , "id" : "c5e64cf3b8533aa36607e3170e41cad0820f1ad9_id" , "entityType" : "studentSchoolAssociation"}
{ "studentId" : "b73841a9b1cfacce71dbc7645b12f18ce16c5fca_id" , "schoolId" : "352e8570bd1116d11a72755b987902440045d346_id" , "entryDate" : "2010-09-01" , "entryGradeLevel" : "Kindergarten" , "id" : "3788019e3cfa93138ad4b5c63d618f9fd6c0f7e1_id" , "entityType" : "studentSchoolAssociation"}
{ "studentId" : "0f037add13a1b0590b9e7f19bd9edf8c38e0e1ac_id" , "schoolId" : "a13489364c2eb015c219172d561c62350f0453f3_id" , "entryDate" : "2011-09-01" , "entryGradeLevel" : "Eleventh grade" , "id" : "206dc2881c199dda83fd6b9093f483d3cfd529e6_id" , "entityType" : "studentSchoolAssociation"}
{ "studentId" : "e42e539bde5b4f76b00223b17ac168d8c6bd9ef3_id" , "schoolId" : "772a61c687ee7ecd8e6d9ad3369f7883409f803b_id" , "entryDate" : "2011-09-01" , "entryGradeLevel" : "Eighth grade" , "id" : "3574b29cbece18bd247e3664f5fb2161acacee3f_id" , "entityType" : "studentSchoolAssociation"}
{ "studentId" : "97144661247f1646b4e284fbc4584afd35a00549_id" , "schoolId" : "772a61c687ee7ecd8e6d9ad3369f7883409f803b_id" , "entryDate" : "2011-09-01" , "entryGradeLevel" : "Eighth grade" , "id" : "989c5eff7310165a8e1147458f612b0f023211e6_id" , "entityType" : "studentSchoolAssociation"}
{ "studentId" : "5b9a824f37b570ff741c528d01d8b323708dcf9e_id" , "schoolId" : "352e8570bd1116d11a72755b987902440045d346_id" , "entryDate" : "2011-09-01" , "entryGradeLevel" : "First grade" , "id" : "c345b88dd687bcd0dd762ddf42808f3a321d3d17_id" , "entityType" : "studentSchoolAssociation"}
{ "studentId" : "5d03f243bc8dd823d3ed52b87bcba2b24693bdfe_id" , "schoolId" : "352e8570bd1116d11a72755b987902440045d346_id" , "entryDate" : "2011-09-01" , "entryGradeLevel" : "First grade" , "id" : "91d7d64d4ca02aeab261f951c16ec8831dc87fc6_id" , "entityType" : "studentSchoolAssociation"}
