{ "objectiveGradeLevel" : "Kindergarten" , "objective" : "Phonemic Awareness" , "studentCompetencyObjectiveId" : "SCO-K-1" , "educationOrganizationId" : "352e8570bd1116d11a72755b987902440045d346_id" , "id" : "028d7f8e25584d3353c9691e6aab89156029dde8_id" , "entityType" : "studentCompetencyObjective"}
{ "objectiveGradeLevel" : "Kindergarten" , "objective" : "Fluency" , "studentCompetencyObjectiveId" : "SCO-K-4" , "educationOrganizationId" : "352e8570bd1116d11a72755b987902440045d346_id" , "id" : "5fd399c47943c6076ddc390bb6b24b400d5ff10b_id" , "entityType" : "studentCompetencyObjective"}
{ "objectiveGradeLevel" : "Kindergarten" , "objective" : "Comprehension" , "studentCompetencyObjectiveId" : "SCO-K-3" , "educationOrganizationId" : "352e8570bd1116d11a72755b987902440045d346_id" , "id" : "85aa230afd51cfbe761c883bc7694ebb0ba2f867_id" , "entityType" : "studentCompetencyObjective"}
{ "objectiveGradeLevel" : "Kindergarten" , "objective" : "Phonics" , "studentCompetencyObjectiveId" : "SCO-K-2" , "educationOrganizationId" : "352e8570bd1116d11a72755b987902440045d346_id" , "id" : "43d8973b7492dabfcd16a11951b93b6167bb969e_id" , "entityType" : "studentCompetencyObjective"}
