{ "parentId" : "2065bdf7673c3c4a787b788774308bcf3d394413_id" , "livesWith" : false , "studentId" : "92a33cae13e838176dbea9ca8b8c354d7420eaa8_id" , "contactRestrictions" : "NO CONTACT ALLOWED" , "relation" : "Father" , "emergencyContactStatus" : false , "id" : "92a33cae13e838176dbea9ca8b8c354d7420eaa8_id90111b50015f1b6821d74d4952f1910dcc05bb52_id" , "entityType" : "studentParentAssociation"}
{ "parentId" : "19213a53e05dfab50b1c202bc78ce9d49b833048_id" , "livesWith" : true , "studentId" : "92a33cae13e838176dbea9ca8b8c354d7420eaa8_id" , "relation" : "Mother" , "contactPriority" : 1 , "emergencyContactStatus" : true , "id" : "92a33cae13e838176dbea9ca8b8c354d7420eaa8_idbf6bc5a8563f91e7ea0f2341c9b78e6db1d16d88_id" , "entityType" : "studentParentAssociation"}
{ "parentId" : "93616529c9acb1f9a5a88b8bf735d8a4277d6f08_id" , "studentId" : "067198fd6da91e1aa8d67e28e850f224d6851713_id" , "relation" : "Agency representative" , "contactPriority" : 3 , "emergencyContactStatus" : true , "id" : "067198fd6da91e1aa8d67e28e850f224d6851713_id482360640e4db1dc0dd3755e699b25cfc9abf4a9_id" , "entityType" : "studentParentAssociation"}
{ "parentId" : "aae71d23ffacfef68aa2eaa357c7259445daa0fe_id" , "studentId" : "067198fd6da91e1aa8d67e28e850f224d6851713_id" , "relation" : "Father" , "contactPriority" : 2 , "emergencyContactStatus" : true , "id" : "067198fd6da91e1aa8d67e28e850f224d6851713_idc0994a66faa0bfda9cc8d1313b28b7cb9ce9bede_id" , "entityType" : "studentParentAssociation"}
{ "parentId" : "f22a35e4a561542c11c242e341b88c64eac0e19f_id" , "studentId" : "067198fd6da91e1aa8d67e28e850f224d6851713_id" , "contactRestrictions" : "NO CONTACT ALLOWED" , "relation" : "Mother" , "emergencyContactStatus" : false , "id" : "067198fd6da91e1aa8d67e28e850f224d6851713_id6435d34a6aeaec26b49e2f31d79674b43ce1e140_id" , "entityType" : "studentParentAssociation"}
{ "parentId" : "56f4f0ea60923de1474a45519790496b42228050_id" , "studentId" : "067198fd6da91e1aa8d67e28e850f224d6851713_id" , "primaryContactStatus" : true , "relation" : "Grandparent" , "contactPriority" : 1 , "emergencyContactStatus" : true , "id" : "067198fd6da91e1aa8d67e28e850f224d6851713_id3afc43d6a6da4510afc6b8ee8a362735aa36a04b_id" , "entityType" : "studentParentAssociation"}
{ "parentId" : "d0062295d13fd7a412375766eee235308b867ee9_id" , "studentId" : "067198fd6da91e1aa8d67e28e850f224d6851713_id" , "relation" : "Minister or priest" , "emergencyContactStatus" : false , "id" : "067198fd6da91e1aa8d67e28e850f224d6851713_idf74788ca3537cb6d7a565450e48a77138c94788f_id" , "entityType" : "studentParentAssociation"}
{ "parentId" : "f73545b565d003abdea3ad9254261091fa3a5430_id" , "livesWith" : true , "studentId" : "2474c3b2906eab72c1ee4b06a5c4ebf02d02aace_id" , "primaryContactStatus" : true , "relation" : "Father" , "contactPriority" : 1 , "emergencyContactStatus" : true , "id" : "2474c3b2906eab72c1ee4b06a5c4ebf02d02aace_id980f6f8dabd9472a44c2cd547faaa661d42e9764_id" , "entityType" : "studentParentAssociation"}
{ "parentId" : "84dec029c2daa56184a8dd753a13ce4a17d0c8c7_id" , "livesWith" : true , "studentId" : "2474c3b2906eab72c1ee4b06a5c4ebf02d02aace_id" , "relation" : "Mother" , "contactPriority" : 2 , "emergencyContactStatus" : true , "id" : "2474c3b2906eab72c1ee4b06a5c4ebf02d02aace_id7f769ea99c114172f2ba963944ebcff8baa01df3_id" , "entityType" : "studentParentAssociation"}
