{ "sex" : "Female" , "hispanicLatinoEthnicity" : false , "economicDisadvantaged" : true , "section504Disabilities" : [ ] , "entityType" : "student" , "limitedEnglishProficiency" : "NotLimited" , "race" : [ ] , "id" : "6578f984876bbf6f884c1be2ef415dbf4441db89_id" , "studentUniqueStateId" : "900000017" , "address" : [ { "nameOfCounty" : "Cook" , "apartmentRoomSuiteNumber" : "APT 5740" , "streetNumberName" : "3768 Beacon Court" , "postalCode" : "60735-0394" , "stateAbbreviation" : "IL" , "addressType" : "Home" , "city" : "Chicago"}] , "electronicMail" : [ ] , "name" : { "lastSurname" : "Priestly" , "firstName" : "Charla"} , "schoolFoodServicesEligibility" : "Full price" , "telephone" : [ { "primaryTelephoneNumberIndicator" : true , "telephoneNumber" : "331-272-2393" , "telephoneNumberType" : "Emergency 1"}] , "birthData" : { "birthDate" : "1996-04-03"}}
{ "sex" : "Male" , "hispanicLatinoEthnicity" : true , "economicDisadvantaged" : false , "section504Disabilities" : [ ] , "entityType" : "student" , "limitedEnglishProficiency" : "NotLimited" , "race" : [ ] , "id" : "82a98f00ac35ec0e625208825ca51941a12202f4_id" , "studentUniqueStateId" : "100000003" , "address" : [ { "nameOfCounty" : "Cook" , "apartmentRoomSuiteNumber" : "APT 9365" , "streetNumberName" : "8455 Ferris Street" , "postalCode" : "60863-4143" , "stateAbbreviation" : "IL" , "addressType" : "Home" , "city" : "Chicago"}] , "electronicMail" : [ ] , "name" : { "lastSurname" : "Gayer" , "firstName" : "Gerardo"} , "schoolFoodServicesEligibility" : "Free" , "telephone" : [ { "primaryTelephoneNumberIndicator" : false , "telephoneNumber" : "847-977-0907" , "telephoneNumberType" : "Emergency 2"} , { "primaryTelephoneNumberIndicator" : false , "telephoneNumber" : "224-509-7276" , "telephoneNumberType" : "Emergency 1"} , { "primaryTelephoneNumberIndicator" : false , "telephoneNumber" : "847-547-2424" , "telephoneNumberType" : "Other"} , { "primaryTelephoneNumberIndicator" : true , "telephoneNumber" : "847-724-9091" , "telephoneNumberType" : "Home"}] , "birthData" : { "birthDate" : "2006-01-14"}}
{ "sex" : "Female" , "hispanicLatinoEthnicity" : false , "economicDisadvantaged" : false , "section504Disabilities" : [ ] , "entityType" : "student" , "limitedEnglishProficiency" : "NotLimited" , "race" : [ ] , "id" : "442ba2cfe194a954c7cceb2858d2c85e8d30384a_id" , "studentUniqueStateId" : "800000018" , "address" : [ { "nameOfCounty" : "Cook" , "apartmentRoomSuiteNumber" : "APT 3944" , "streetNumberName" : "190 Mac Donough Street" , "postalCode" : "60851-4437" , "stateAbbreviation" : "IL" , "addressType" : "Mailing" , "city" : "Chicago"} , { "nameOfCounty" : "Kings" , "apartmentRoomSuiteNumber" : "APT 8859" , "streetNumberName" : "6891 Avenue Z" , "postalCode" : "10376-2852" , "stateAbbreviation" : "NY" , "addressType" : "Other" , "city" : "New York"}] , "electronicMail" : [ { "emailAddress" : "Zoe@gmail.com" , "emailAddressType" : "Other"}] , "schoolFoodServicesEligibility" : "Full price" , "name" : { "middleName" : "Zoe" , "lastSurname" : "Merryweather" , "firstName" : "Oralia"} , "telephone" : [ { "primaryTelephoneNumberIndicator" : true , "telephoneNumber" : "312-791-6989" , "telephoneNumberType" : "Home"}] , "birthData" : { "birthDate" : "1998-06-02"}}
{ "sex" : "Female" , "hispanicLatinoEthnicity" : false , "economicDisadvantaged" : false , "section504Disabilities" : [ ] , "entityType" : "student" , "limitedEnglishProficiency" : "NotLimited" , "race" : [ ] , "id" : "992acec0eb22a56436252fd0e0a6b028c6bdc88b_id" , "studentUniqueStateId" : "800000014" , "address" : [ { "nameOfCounty" : "Cook" , "streetNumberName" : "9611 Melrose Street" , "postalCode" : "60243-6306" , "stateAbbreviation" : "IL" , "addressType" : "Physical" , "city" : "Chicago"} , { "nameOfCounty" : "Bronx" , "streetNumberName" : "5779 Wilson Avenue" , "postalCode" : "10413-3715" , "stateAbbreviation" : "NY" , "addressType" : "Temporary" , "city" : "New York"}] , "electronicMail" : [ { "emailAddress" : "L.Hose@yahoo.com" , "emailAddressType" : "Organization"} , { "emailAddress" : "Lettie_Hose@yahoo.com" , "emailAddressType" : "Other"}] , "schoolFoodServicesEligibility" : "Full price" , "name" : { "lastSurname" : "Hose" , "firstName" : "Lettie"} , "telephone" : [ { "primaryTelephoneNumberIndicator" : true , "telephoneNumber" : "312-018-6309" , "telephoneNumberType" : "Fax"}] , "birthData" : { "birthDate" : "1999-06-27"}}
{ "sex" : "Male" , "hispanicLatinoEthnicity" : false , "economicDisadvantaged" : false , "section504Disabilities" : [ ] , "entityType" : "student" , "limitedEnglishProficiency" : "NotLimited" , "race" : [ ] , "id" : "70a5bbd9b578fcfed97993bdd2b99c75c6be47ca_id" , "studentUniqueStateId" : "900000013" , "address" : [ { "nameOfCounty" : "Cook" , "apartmentRoomSuiteNumber" : "APT 6392" , "streetNumberName" : "3393 Banner 3rd Road" , "postalCode" : "60676-9425" , "stateAbbreviation" : "IL" , "addressType" : "Mailing" , "city" : "Chicago"} , { "nameOfCounty" : "Queens" , "apartmentRoomSuiteNumber" : "APT 4179" , "streetNumberName" : "3747 Bay 40th Street" , "postalCode" : "10627-8871" , "stateAbbreviation" : "NY" , "addressType" : "Home" , "city" : "New York"}] , "electronicMail" : [ { "emailAddress" : "pilar.moench@gmail.com" , "emailAddressType" : "Home/Personal"} , { "emailAddress" : "pmoench@gmail.com" , "emailAddressType" : "Organization"}] , "name" : { "middleName" : "Vernon" , "lastSurname" : "Moench" , "firstName" : "Pilar"} , "schoolFoodServicesEligibility" : "Full price" , "telephone" : [ ] , "birthData" : { "birthDate" : "1994-02-02"}}
{ "sex" : "Male" , "hispanicLatinoEthnicity" : false , "economicDisadvantaged" : false , "section504Disabilities" : [ ] , "entityType" : "student" , "limitedEnglishProficiency" : "NotLimited" , "race" : [ ] , "id" : "ce9f718a8076b5c7dad076862f715b1a9ab6b91b_id" , "studentUniqueStateId" : "100000014" , "address" : [ ] , "electronicMail" : [ { "emailAddress" : "rudolph.sennett@gmail.com" , "emailAddressType" : "Home/Personal"}] , "name" : { "lastSurname" : "Sennett" , "firstName" : "Rudolph"} , "schoolFoodServicesEligibility" : "Reduced price" , "telephone" : [ { "primaryTelephoneNumberIndicator" : false , "telephoneNumber" : "815-243-8536" , "telephoneNumberType" : "Unlisted"} , { "primaryTelephoneNumberIndicator" : false , "telephoneNumber" : "708-330-7758" , "telephoneNumberType" : "Other"} , { "primaryTelephoneNumberIndicator" : false , "telephoneNumber" : "262-877-2085" , "telephoneNumberType" : "Other"} , { "primaryTelephoneNumberIndicator" : false , "telephoneNumber" : "224-449-9923" , "telephoneNumberType" : "Mobile"} , { "primaryTelephoneNumberIndicator" : true , "telephoneNumber" : "779-019-4059" , "telephoneNumberType" : "Mobile"}] , "birthData" : { "birthDate" : "2004-11-21"}}
{ "sex" : "Male" , "hispanicLatinoEthnicity" : false , "economicDisadvantaged" : false , "section504Disabilities" : [ ] , "entityType" : "student" , "limitedEnglishProficiency" : "Limited" , "race" : [ ] , "id" : "a69e7172738550c57d9e6c8f3876a4ac76567fe1_id" , "studentUniqueStateId" : "800000011" , "address" : [ { "nameOfCounty" : "Cook" , "apartmentRoomSuiteNumber" : "APT 5116" , "streetNumberName" : "6055 Vermont Street" , "postalCode" : "60941-6938" , "stateAbbreviation" : "IL" , "addressType" : "Home" , "city" : "Chicago"} , { "nameOfCounty" : "Kings" , "apartmentRoomSuiteNumber" : "APT 3394" , "streetNumberName" : "1004 Boerum Street" , "postalCode" : "10913-4746" , "stateAbbreviation" : "NY" , "addressType" : "Other" , "city" : "New York"}] , "electronicMail" : [ { "emailAddress" : "H.Franz@gmail.com" , "emailAddressType" : "Organization"}] , "name" : { "lastSurname" : "Franz" , "firstName" : "Holloran"} , "schoolFoodServicesEligibility" : "Free" , "telephone" : [ ] , "birthData" : { "birthDate" : "1996-01-08"}}
{ "sex" : "Female" , "hispanicLatinoEthnicity" : false , "economicDisadvantaged" : false , "section504Disabilities" : [ ] , "entityType" : "student" , "limitedEnglishProficiency" : "NotLimited" , "race" : [ ] , "id" : "6cd209716484a6960d499e10a848f197e8a9eb79_id" , "studentUniqueStateId" : "800000017" , "address" : [ ] , "electronicMail" : [ { "emailAddress" : "Merry_Mccanse@gmail.com" , "emailAddressType" : "Other"} , { "emailAddress" : "M.Mccanse@gmail.com" , "emailAddressType" : "Organization"} , { "emailAddress" : "Merry.Mccanse@gmail.com" , "emailAddressType" : "Home/Personal"}] , "name" : { "lastSurname" : "Mccanse" , "firstName" : "Merry"} , "schoolFoodServicesEligibility" : "Full price" , "telephone" : [ { "primaryTelephoneNumberIndicator" : false , "telephoneNumber" : "224-460-0344" , "telephoneNumberType" : "Other"} , { "primaryTelephoneNumberIndicator" : true , "telephoneNumber" : "773-708-9957" , "telephoneNumberType" : "Mobile"}] , "birthData" : { "birthDate" : "2000-03-30"}}
{ "sex" : "Female" , "hispanicLatinoEthnicity" : false , "economicDisadvantaged" : false , "section504Disabilities" : [ ] , "entityType" : "student" , "limitedEnglishProficiency" : "NotLimited" , "race" : [ ] , "id" : "9b38ee8562b14f3201aff4995bac9bbafc3336a0_id" , "studentUniqueStateId" : "800000024" , "address" : [ ] , "electronicMail" : [ ] , "name" : { "middleName" : "Nicole" , "lastSurname" : "Simmer" , "firstName" : "Oralia"} , "schoolFoodServicesEligibility" : "Free" , "telephone" : [ ] , "birthData" : { "birthDate" : "1999-06-01"}}
{ "sex" : "Male" , "hispanicLatinoEthnicity" : false , "economicDisadvantaged" : false , "section504Disabilities" : [ ] , "entityType" : "student" , "limitedEnglishProficiency" : "NotLimited" , "race" : [ ] , "id" : "a654d7e6e1c802b2863051afc230f378c54cf17b_id" , "studentUniqueStateId" : "100000007" , "address" : [ { "nameOfCounty" : "Cook" , "streetNumberName" : "4212 Martense Street" , "postalCode" : "60991-2644" , "stateAbbreviation" : "IL" , "addressType" : "Home" , "city" : "Chicago"}] , "electronicMail" : [ { "emailAddress" : "JMabee@gmail.com" , "emailAddressType" : "Work"} , { "emailAddress" : "J.Mabee@gmail.com" , "emailAddressType" : "Organization"} , { "emailAddress" : "Jayme_Mabee@gmail.com" , "emailAddressType" : "Other"}] , "schoolFoodServicesEligibility" : "Full price" , "name" : { "lastSurname" : "Mabee" , "firstName" : "Jayme"} , "telephone" : [ { "primaryTelephoneNumberIndicator" : false , "telephoneNumber" : "262-583-8809" , "telephoneNumberType" : "Home"} , { "primaryTelephoneNumberIndicator" : false , "telephoneNumber" : "312-574-6646" , "telephoneNumberType" : "Other"} , { "primaryTelephoneNumberIndicator" : false , "telephoneNumber" : "779-715-2876" , "telephoneNumberType" : "Work"} , { "primaryTelephoneNumberIndicator" : true , "telephoneNumber" : "815-657-5475" , "telephoneNumberType" : "Work"}] , "birthData" : { "birthDate" : "2005-05-01"}}
{ "sex" : "Male" , "hispanicLatinoEthnicity" : false , "economicDisadvantaged" : false , "section504Disabilities" : [ ] , "entityType" : "student" , "limitedEnglishProficiency" : "NotLimited" , "race" : [ ] , "id" : "e0f1d0f03c823e248dce5600cd49415d422fc90f_id" , "studentUniqueStateId" : "100000016" , "address" : [ { "nameOfCounty" : "Cook" , "apartmentRoomSuiteNumber" : "APT 8224" , "streetNumberName" : "3427 Park Avenue" , "postalCode" : "60620-0477" , "stateAbbreviation" : "IL" , "addressType" : "Home" , "city" : "Chicago"}] , "electronicMail" : [ { "emailAddress" : "smolka@yahoo.com" , "emailAddressType" : "Work"} , { "emailAddress" : "D.smolka@yahoo.com" , "emailAddressType" : "Organization"} , { "emailAddress" : "domsmolka@gmail.com" , "emailAddressType" : "Other"}] , "schoolFoodServicesEligibility" : "Free" , "name" : { "lastSurname" : "Smolka" , "firstName" : "Dominic"} , "telephone" : [ { "primaryTelephoneNumberIndicator" : false , "telephoneNumber" : "847-208-3627" , "telephoneNumberType" : "Mobile"} , { "primaryTelephoneNumberIndicator" : false , "telephoneNumber" : "815-573-2778" , "telephoneNumberType" : "Other"} , { "primaryTelephoneNumberIndicator" : false , "telephoneNumber" : "773-341-0525" , "telephoneNumberType" : "Emergency 1"} , { "primaryTelephoneNumberIndicator" : false , "telephoneNumber" : "779-668-5605" , "telephoneNumberType" : "Emergency 2"} , { "primaryTelephoneNumberIndicator" : true , "telephoneNumber" : "331-602-4116" , "telephoneNumberType" : "Unlisted"}] , "birthData" : { "birthDate" : "2006-01-16"}}
{ "sex" : "Female" , "hispanicLatinoEthnicity" : false , "economicDisadvantaged" : false , "section504Disabilities" : [ ] , "entityType" : "student" , "limitedEnglishProficiency" : "Limited" , "race" : [ ] , "id" : "6c09bcafd4f0729ab1c79abfbb3929d2bfc3e642_id" , "studentUniqueStateId" : "100000010" , "address" : [ { "nameOfCounty" : "Cook" , "apartmentRoomSuiteNumber" : "APT 5760" , "streetNumberName" : "4606 Albemarle Road" , "postalCode" : "60457-1957" , "stateAbbreviation" : "IL" , "addressType" : "Temporary" , "city" : "Chicago"} , { "nameOfCounty" : "Kings" , "streetNumberName" : "4256 Wyckoff Street" , "postalCode" : "10473-1436" , "stateAbbreviation" : "NY" , "addressType" : "Home" , "city" : "New York"}] , "electronicMail" : [ { "emailAddress" : "D.Nemecek@gmail.com" , "emailAddressType" : "Organization"}] , "schoolFoodServicesEligibility" : "Free" , "name" : { "lastSurname" : "Nemecek" , "firstName" : "Dara"} , "telephone" : [ { "primaryTelephoneNumberIndicator" : false , "telephoneNumber" : "773-549-3782" , "telephoneNumberType" : "Mobile"} , { "primaryTelephoneNumberIndicator" : false , "telephoneNumber" : "779-911-6597" , "telephoneNumberType" : "Work"} , { "primaryTelephoneNumberIndicator" : false , "telephoneNumber" : "847-279-6758" , "telephoneNumberType" : "Other"} , { "primaryTelephoneNumberIndicator" : false , "telephoneNumber" : "773-504-6501" , "telephoneNumberType" : "Fax"} , { "primaryTelephoneNumberIndicator" : true , "telephoneNumber" : "574-277-5271" , "telephoneNumberType" : "Mobile"}] , "birthData" : { "birthDate" : "2005-09-11"}}
{ "sex" : "Male" , "hispanicLatinoEthnicity" : false , "economicDisadvantaged" : false , "section504Disabilities" : [ ] , "entityType" : "student" , "limitedEnglishProficiency" : "NotLimited" , "race" : [ ] , "id" : "5d03f243bc8dd823d3ed52b87bcba2b24693bdfe_id" , "studentUniqueStateId" : "100000006" , "address" : [ { "nameOfCounty" : "Cook" , "apartmentRoomSuiteNumber" : "APT 7595" , "streetNumberName" : "3836 Clermont Avenue" , "postalCode" : "60813-4537" , "stateAbbreviation" : "IL" , "addressType" : "Temporary" , "city" : "Chicago"} , { "nameOfCounty" : "Kings" , "apartmentRoomSuiteNumber" : "APT 6345" , "streetNumberName" : "6248 Livonia Avenue" , "postalCode" : "10639-1170" , "stateAbbreviation" : "NY" , "addressType" : "Physical" , "city" : "New York"}] , "electronicMail" : [ { "emailAddress" : "P.Lynds@yahoo.com" , "emailAddressType" : "Organization"}] , "schoolFoodServicesEligibility" : "Full price" , "name" : { "lastSurname" : "Lynds" , "firstName" : "Preston"} , "telephone" : [ { "primaryTelephoneNumberIndicator" : false , "telephoneNumber" : "708-028-5573" , "telephoneNumberType" : "Home"} , { "primaryTelephoneNumberIndicator" : false , "telephoneNumber" : "262-315-3477" , "telephoneNumberType" : "Work"} , { "primaryTelephoneNumberIndicator" : true , "telephoneNumber" : "262-073-2981" , "telephoneNumberType" : "Emergency 1"}] , "birthData" : { "birthDate" : "2006-02-14"}}
{ "sex" : "Female" , "hispanicLatinoEthnicity" : true , "economicDisadvantaged" : false , "section504Disabilities" : [ ] , "entityType" : "student" , "limitedEnglishProficiency" : "NotLimited" , "race" : [ ] , "id" : "92a4f9f1f6112db7892dd86d305a54be9b432927_id" , "studentUniqueStateId" : "100000018" , "address" : [ { "nameOfCounty" : "Cook" , "apartmentRoomSuiteNumber" : "APT 495" , "streetNumberName" : "7540 Huntington Street" , "postalCode" : "60499-8718" , "stateAbbreviation" : "IL" , "addressType" : "Home" , "city" : "Chicago"}] , "electronicMail" : [ { "emailAddress" : "lauretta_virga@gmail.com" , "emailAddressType" : "Other"} , { "emailAddress" : "l.virga@gmail.com" , "emailAddressType" : "Home/Personal"} , { "emailAddress" : "lvirga@gmail.com" , "emailAddressType" : "Organization"}] , "name" : { "lastSurname" : "Virga" , "firstName" : "Lauretta"} , "schoolFoodServicesEligibility" : "Reduced price" , "telephone" : [ ] , "birthData" : { "birthDate" : "2005-03-11"}}
{ "sex" : "Female" , "hispanicLatinoEthnicity" : false , "economicDisadvantaged" : false , "section504Disabilities" : [ ] , "entityType" : "student" , "limitedEnglishProficiency" : "Limited" , "race" : [ ] , "id" : "ea93810b6bf0314f8e89c39f2750818e2b21df27_id" , "studentUniqueStateId" : "100000013" , "address" : [ ] , "electronicMail" : [ { "emailAddress" : "lauretta.seip@yahoo.com" , "emailAddressType" : "Home/Personal"} , { "emailAddress" : "l.seip@yahoo.com" , "emailAddressType" : "Organization"}] , "name" : { "lastSurname" : "Seip" , "firstName" : "Lauretta"} , "schoolFoodServicesEligibility" : "Unknown" , "telephone" : [ { "primaryTelephoneNumberIndicator" : false , "telephoneNumber" : "219-230-7571" , "telephoneNumberType" : "Work"} , { "primaryTelephoneNumberIndicator" : false , "telephoneNumber" : "773-335-3718" , "telephoneNumberType" : "Unlisted"} , { "primaryTelephoneNumberIndicator" : false , "telephoneNumber" : "630-021-0458" , "telephoneNumberType" : "Work"} , { "primaryTelephoneNumberIndicator" : false , "telephoneNumber" : "779-269-4969" , "telephoneNumberType" : "Work"} , { "primaryTelephoneNumberIndicator" : true , "telephoneNumber" : "779-470-3291" , "telephoneNumberType" : "Emergency 1"}] , "birthData" : { "birthDate" : "2005-04-14"}}
{ "sex" : "Female" , "hispanicLatinoEthnicity" : false , "economicDisadvantaged" : false , "section504Disabilities" : [ ] , "entityType" : "student" , "limitedEnglishProficiency" : "NotLimited" , "race" : [ ] , "id" : "afb4bb8a41d8ae768f9dbe7e34d44254071b6657_id" , "studentUniqueStateId" : "800000013" , "address" : [ { "nameOfCounty" : "Cook" , "streetNumberName" : "4307 Batchelder Street" , "postalCode" : "60503-8238" , "stateAbbreviation" : "IL" , "addressType" : "Home" , "city" : "Chicago"}] , "electronicMail" : [ ] , "name" : { "lastSurname" : "Herriman" , "firstName" : "Verda"} , "schoolFoodServicesEligibility" : "Full price" , "telephone" : [ { "primaryTelephoneNumberIndicator" : false , "telephoneNumber" : "630-854-6185" , "telephoneNumberType" : "Mobile"} , { "primaryTelephoneNumberIndicator" : false , "telephoneNumber" : "815-848-2896" , "telephoneNumberType" : "Emergency 1"} , { "primaryTelephoneNumberIndicator" : true , "telephoneNumber" : "708-746-9663" , "telephoneNumberType" : "Home"}] , "birthData" : { "birthDate" : "1995-03-24"}}
{ "sex" : "Male" , "hispanicLatinoEthnicity" : true , "economicDisadvantaged" : false , "section504Disabilities" : [ ] , "entityType" : "student" , "limitedEnglishProficiency" : "Limited" , "race" : [ ] , "id" : "4b0770b923faea358326b4c91d4cb7a22fec6f92_id" , "studentUniqueStateId" : "100000012" , "address" : [ { "nameOfCounty" : "Cook" , "streetNumberName" : "8124 Brighton 3 Place" , "postalCode" : "60848-7633" , "stateAbbreviation" : "IL" , "addressType" : "Home" , "city" : "Chicago"} , { "nameOfCounty" : "New York" , "apartmentRoomSuiteNumber" : "APT 330" , "streetNumberName" : "1537 Steuben Street" , "postalCode" : "10753-2389" , "stateAbbreviation" : "NY" , "addressType" : "Physical" , "city" : "New York"}] , "electronicMail" : [ { "emailAddress" : "Felipe_Rafalski@gmail.com" , "emailAddressType" : "Other"} , { "emailAddress" : "f.rafalski@gmail.com" , "emailAddressType" : "Organization"} , { "emailAddress" : "felipe.rafalski@yahoo.com" , "emailAddressType" : "Home/Personal"}] , "schoolFoodServicesEligibility" : "Reduced price" , "name" : { "lastSurname" : "Rafalski" , "firstName" : "Felipe"} , "telephone" : [ { "primaryTelephoneNumberIndicator" : false , "telephoneNumber" : "630-667-8063" , "telephoneNumberType" : "Mobile"} , { "primaryTelephoneNumberIndicator" : true , "telephoneNumber" : "773-445-2464" , "telephoneNumberType" : "Mobile"}] , "birthData" : { "birthDate" : "2005-12-24"}}
{ "sex" : "Male" , "hispanicLatinoEthnicity" : false , "economicDisadvantaged" : false , "section504Disabilities" : [ ] , "entityType" : "student" , "limitedEnglishProficiency" : "NotLimited" , "race" : [ ] , "id" : "5b9a824f37b570ff741c528d01d8b323708dcf9e_id" , "studentUniqueStateId" : "100000020" , "address" : [ { "nameOfCounty" : "Cook" , "streetNumberName" : "9755 Radde Place" , "postalCode" : "60978-5182" , "stateAbbreviation" : "IL" , "addressType" : "Other" , "city" : "Chicago"} , { "nameOfCounty" : "Queens" , "streetNumberName" : "5537 Guider Avenue" , "postalCode" : "10663-9072" , "stateAbbreviation" : "NY" , "addressType" : "Work" , "city" : "New York"}] , "electronicMail" : [ { "emailAddress" : "smouse.zhou@gmail.com" , "emailAddressType" : "Home/Personal"} , { "emailAddress" : "szhou@gmail.com" , "emailAddressType" : "Work"} , { "emailAddress" : "s_zhou@gmail.com" , "emailAddressType" : "Other"}] , "schoolFoodServicesEligibility" : "Full price" , "name" : { "lastSurname" : "Zhou" , "firstName" : "Smouse"} , "telephone" : [ { "primaryTelephoneNumberIndicator" : false , "telephoneNumber" : "224-199-2969" , "telephoneNumberType" : "Other"} , { "primaryTelephoneNumberIndicator" : false , "telephoneNumber" : "815-725-5500" , "telephoneNumberType" : "Emergency 1"} , { "primaryTelephoneNumberIndicator" : true , "telephoneNumber" : "574-874-1864" , "telephoneNumberType" : "Emergency 2"}] , "birthData" : { "birthDate" : "2005-06-26"}}
{ "sex" : "Female" , "hispanicLatinoEthnicity" : false , "economicDisadvantaged" : false , "section504Disabilities" : [ ] , "entityType" : "student" , "limitedEnglishProficiency" : "NotLimited" , "race" : [ ] , "id" : "f341449fa1d911fa615772554e60c29e6c216a78_id" , "studentUniqueStateId" : "900000021" , "address" : [ { "nameOfCounty" : "Cook" , "streetNumberName" : "2322 Van Sicklen Street" , "postalCode" : "60361-2677" , "stateAbbreviation" : "IL" , "addressType" : "Home" , "city" : "Chicago"}] , "electronicMail" : [ { "emailAddress" : "stwining@gmail.com" , "emailAddressType" : "Organization"}] , "schoolFoodServicesEligibility" : "Full price" , "name" : { "lastSurname" : "Twining" , "firstName" : "Samatha"} , "telephone" : [ { "primaryTelephoneNumberIndicator" : false , "telephoneNumber" : "779-463-5621" , "telephoneNumberType" : "Emergency 2"} , { "primaryTelephoneNumberIndicator" : false , "telephoneNumber" : "262-802-8451" , "telephoneNumberType" : "Fax"} , { "primaryTelephoneNumberIndicator" : false , "telephoneNumber" : "708-224-4195" , "telephoneNumberType" : "Unlisted"} , { "primaryTelephoneNumberIndicator" : false , "telephoneNumber" : "312-499-6079" , "telephoneNumberType" : "Emergency 1"} , { "primaryTelephoneNumberIndicator" : true , "telephoneNumber" : "708-655-7220" , "telephoneNumberType" : "Unlisted"}] , "birthData" : { "birthDate" : "2000-08-20"}}
{ "sex" : "Male" , "hispanicLatinoEthnicity" : false , "economicDisadvantaged" : true , "section504Disabilities" : [ ] , "entityType" : "student" , "limitedEnglishProficiency" : "NotLimited" , "race" : [ ] , "id" : "464035998fc46fdf7ee8c2bdd82e1f368f15bae9_id" , "studentUniqueStateId" : "100000021" , "address" : [ { "nameOfCounty" : "Cook" , "streetNumberName" : "1725 Meadow Street" , "postalCode" : "60683-4656" , "stateAbbreviation" : "IL" , "addressType" : "Home" , "city" : "Chicago"} , { "nameOfCounty" : "Queens" , "apartmentRoomSuiteNumber" : "APT 1721" , "streetNumberName" : "318 Ocean Avenue" , "postalCode" : "10078-7909" , "stateAbbreviation" : "NY" , "addressType" : "Billing" , "city" : "New York"}] , "electronicMail" : [ { "emailAddress" : "rod_zwolinski@gmail.com" , "emailAddressType" : "Other"}] , "schoolFoodServicesEligibility" : "Free" , "name" : { "lastSurname" : "Zwolinski" , "firstName" : "Rod"} , "telephone" : [ { "primaryTelephoneNumberIndicator" : false , "telephoneNumber" : "312-265-8668" , "telephoneNumberType" : "Work"} , { "primaryTelephoneNumberIndicator" : false , "telephoneNumber" : "708-741-0568" , "telephoneNumberType" : "Mobile"} , { "primaryTelephoneNumberIndicator" : false , "telephoneNumber" : "708-212-6213" , "telephoneNumberType" : "Emergency 2"} , { "primaryTelephoneNumberIndicator" : false , "telephoneNumber" : "262-360-8911" , "telephoneNumberType" : "Fax"} , { "primaryTelephoneNumberIndicator" : true , "telephoneNumber" : "224-666-4990" , "telephoneNumberType" : "Emergency 1"}] , "birthData" : { "birthDate" : "2005-03-27"}}
{ "sex" : "Male" , "hispanicLatinoEthnicity" : false , "economicDisadvantaged" : false , "section504Disabilities" : [ ] , "entityType" : "student" , "limitedEnglishProficiency" : "NotLimited" , "race" : [ ] , "id" : "97144661247f1646b4e284fbc4584afd35a00549_id" , "studentUniqueStateId" : "800000015" , "address" : [ { "nameOfCounty" : "Cook" , "apartmentRoomSuiteNumber" : "APT 9622" , "streetNumberName" : "6879 Aurelia Court" , "postalCode" : "60232-1150" , "stateAbbreviation" : "IL" , "addressType" : "Home" , "city" : "Chicago"}] , "electronicMail" : [ { "emailAddress" : "Damon.Iskra@gmail.com" , "emailAddressType" : "Home/Personal"} , { "emailAddress" : "D.Iskra@gmail.com" , "emailAddressType" : "Organization"}] , "schoolFoodServicesEligibility" : "Full price" , "name" : { "generationCodeSuffix" : "Jr" , "lastSurname" : "Iskra" , "firstName" : "Damon"} , "telephone" : [ { "primaryTelephoneNumberIndicator" : false , "telephoneNumber" : "219-983-8533" , "telephoneNumberType" : "Fax"} , { "primaryTelephoneNumberIndicator" : false , "telephoneNumber" : "779-258-6146" , "telephoneNumberType" : "Unlisted"} , { "primaryTelephoneNumberIndicator" : false , "telephoneNumber" : "219-717-4887" , "telephoneNumberType" : "Home"} , { "primaryTelephoneNumberIndicator" : false , "telephoneNumber" : "847-027-0656" , "telephoneNumberType" : "Other"} , { "primaryTelephoneNumberIndicator" : true , "telephoneNumber" : "219-405-6207" , "telephoneNumberType" : "Mobile"}] , "birthData" : { "birthDate" : "1996-01-17"}}
{ "sex" : "Male" , "hispanicLatinoEthnicity" : false , "economicDisadvantaged" : false , "section504Disabilities" : [ ] , "entityType" : "student" , "limitedEnglishProficiency" : "NotLimited" , "race" : [ ] , "id" : "4dff37694563f59c74a47b76505364623dfddd8e_id" , "studentUniqueStateId" : "800000002" , "address" : [ { "nameOfCounty" : "Cook" , "streetNumberName" : "3372 Montague Terrace" , "postalCode" : "60605-1327" , "stateAbbreviation" : "IL" , "addressType" : "Home" , "city" : "Chicago"}] , "electronicMail" : [ ] , "name" : { "lastSurname" : "Bavinon" , "firstName" : "Dominic"} , "schoolFoodServicesEligibility" : "Reduced price" , "telephone" : [ { "primaryTelephoneNumberIndicator" : false , "telephoneNumber" : "630-115-0626" , "telephoneNumberType" : "Unlisted"} , { "primaryTelephoneNumberIndicator" : false , "telephoneNumber" : "815-462-0519" , "telephoneNumberType" : "Fax"} , { "primaryTelephoneNumberIndicator" : true , "telephoneNumber" : "312-230-0970" , "telephoneNumberType" : "Mobile"}] , "birthData" : { "birthDate" : "1999-11-15"}}
{ "sex" : "Male" , "hispanicLatinoEthnicity" : false , "economicDisadvantaged" : false , "section504Disabilities" : [ ] , "entityType" : "student" , "limitedEnglishProficiency" : "Limited" , "race" : [ ] , "id" : "2a0191a8154291d83e575fb51cb1c971ac1a8cc9_id" , "studentUniqueStateId" : "800000000" , "address" : [ { "nameOfCounty" : "Cook" , "streetNumberName" : "1313 Brighton 3rd Street" , "postalCode" : "60057-1857" , "stateAbbreviation" : "IL" , "addressType" : "Home" , "city" : "Chicago"}] , "electronicMail" : [ ] , "name" : { "lastSurname" : "Aldama" , "firstName" : "Lashawn"} , "schoolFoodServicesEligibility" : "Free" , "telephone" : [ { "primaryTelephoneNumberIndicator" : false , "telephoneNumber" : "708-471-5210" , "telephoneNumberType" : "Unlisted"} , { "primaryTelephoneNumberIndicator" : false , "telephoneNumber" : "630-153-1787" , "telephoneNumberType" : "Unlisted"} , { "primaryTelephoneNumberIndicator" : false , "telephoneNumber" : "262-040-1709" , "telephoneNumberType" : "Emergency 1"} , { "primaryTelephoneNumberIndicator" : true , "telephoneNumber" : "312-608-2213" , "telephoneNumberType" : "Home"}] , "birthData" : { "birthDate" : "2001-01-23"}}
{ "sex" : "Male" , "hispanicLatinoEthnicity" : false , "economicDisadvantaged" : false , "section504Disabilities" : [ ] , "entityType" : "student" , "limitedEnglishProficiency" : "NotLimited" , "race" : [ ] , "id" : "a68bbec1d161945b6c1a537ee7d5f81e95620b65_id" , "studentUniqueStateId" : "900000008" , "address" : [ { "nameOfCounty" : "Cook" , "streetNumberName" : "5466 Victor Road" , "postalCode" : "60491-6536" , "stateAbbreviation" : "IL" , "addressType" : "Home" , "city" : "Chicago"}] , "electronicMail" : [ ] , "name" : { "middleName" : "Theodore" , "lastSurname" : "Krinsky" , "firstName" : "Rudolph"} , "schoolFoodServicesEligibility" : "Full price" , "telephone" : [ { "primaryTelephoneNumberIndicator" : true , "telephoneNumber" : "331-428-7697" , "telephoneNumberType" : "Home"}] , "birthData" : { "birthDate" : "1995-07-21"}}
{ "sex" : "Male" , "hispanicLatinoEthnicity" : false , "economicDisadvantaged" : true , "section504Disabilities" : [ ] , "entityType" : "student" , "limitedEnglishProficiency" : "NotLimited" , "race" : [ ] , "id" : "4ef33d4356e3e757e5c3662e6a79ddbfd8b31866_id" , "studentUniqueStateId" : "100000024" , "address" : [ { "nameOfCounty" : "Cook" , "streetNumberName" : "1725 Meadow Street" , "postalCode" : "60683-4656" , "stateAbbreviation" : "IL" , "addressType" : "Home" , "city" : "Chicago"} , { "nameOfCounty" : "Queens" , "apartmentRoomSuiteNumber" : "APT 1721" , "streetNumberName" : "318 Ocean Avenue" , "postalCode" : "10078-7909" , "stateAbbreviation" : "NY" , "addressType" : "Billing" , "city" : "New York"}] , "electronicMail" : [ { "emailAddress" : "dduran@gmail.com" , "emailAddressType" : "Other"}] , "schoolFoodServicesEligibility" : "Free" , "name" : { "lastSurname" : "Duran" , "firstName" : "Danilo"} , "telephone" : [ { "primaryTelephoneNumberIndicator" : false , "telephoneNumber" : "312-265-8668" , "telephoneNumberType" : "Work"} , { "primaryTelephoneNumberIndicator" : false , "telephoneNumber" : "708-741-0568" , "telephoneNumberType" : "Mobile"} , { "primaryTelephoneNumberIndicator" : false , "telephoneNumber" : "708-212-6213" , "telephoneNumberType" : "Emergency 2"} , { "primaryTelephoneNumberIndicator" : false , "telephoneNumber" : "262-360-8911" , "telephoneNumberType" : "Fax"} , { "primaryTelephoneNumberIndicator" : true , "telephoneNumber" : "224-666-4990" , "telephoneNumberType" : "Emergency 1"}] , "birthData" : { "birthDate" : "2005-03-27"}}
{ "sex" : "Female" , "hispanicLatinoEthnicity" : true , "economicDisadvantaged" : false , "section504Disabilities" : [ ] , "entityType" : "student" , "limitedEnglishProficiency" : "NotLimited" , "race" : [ ] , "id" : "36e9573cb669b56d482868430bcf0e3e8eb49c03_id" , "studentUniqueStateId" : "100000008" , "address" : [ { "nameOfCounty" : "Cook" , "apartmentRoomSuiteNumber" : "APT 1951" , "streetNumberName" : "7687 Albemarle Terrace" , "postalCode" : "60013-2084" , "stateAbbreviation" : "IL" , "addressType" : "Home" , "city" : "Chicago"} , { "nameOfCounty" : "Queens" , "streetNumberName" : "4692 Hutchinson Court" , "postalCode" : "10751-7708" , "stateAbbreviation" : "NY" , "addressType" : "Other" , "city" : "New York"}] , "electronicMail" : [ ] , "name" : { "lastSurname" : "Marney" , "firstName" : "Larissa"} , "schoolFoodServicesEligibility" : "Full price" , "telephone" : [ { "primaryTelephoneNumberIndicator" : false , "telephoneNumber" : "815-380-7412" , "telephoneNumberType" : "Work"} , { "primaryTelephoneNumberIndicator" : true , "telephoneNumber" : "847-333-9848" , "telephoneNumberType" : "Unlisted"}] , "birthData" : { "birthDate" : "2005-10-14"}}
{ "sex" : "Male" , "hispanicLatinoEthnicity" : false , "economicDisadvantaged" : true , "section504Disabilities" : [ ] , "entityType" : "student" , "limitedEnglishProficiency" : "NotLimited" , "race" : [ ] , "id" : "eb1f84cd5f539897f5e269925ca99700c8120edc_id" , "studentUniqueStateId" : "100000022" , "address" : [ { "nameOfCounty" : "Cook" , "streetNumberName" : "1725 Meadow Street" , "postalCode" : "60683-4656" , "stateAbbreviation" : "IL" , "addressType" : "Home" , "city" : "Chicago"} , { "nameOfCounty" : "Queens" , "apartmentRoomSuiteNumber" : "APT 1721" , "streetNumberName" : "318 Ocean Avenue" , "postalCode" : "10078-7909" , "stateAbbreviation" : "NY" , "addressType" : "Billing" , "city" : "New York"}] , "electronicMail" : [ { "emailAddress" : "bsuzuki@gmail.com" , "emailAddressType" : "Other"}] , "schoolFoodServicesEligibility" : "Free" , "name" : { "lastSurname" : "Suzuki" , "firstName" : "Brandon"} , "telephone" : [ { "primaryTelephoneNumberIndicator" : false , "telephoneNumber" : "312-265-8668" , "telephoneNumberType" : "Work"} , { "primaryTelephoneNumberIndicator" : false , "telephoneNumber" : "708-741-0568" , "telephoneNumberType" : "Mobile"} , { "primaryTelephoneNumberIndicator" : false , "telephoneNumber" : "708-212-6213" , "telephoneNumberType" : "Emergency 2"} , { "primaryTelephoneNumberIndicator" : false , "telephoneNumber" : "262-360-8911" , "telephoneNumberType" : "Fax"} , { "primaryTelephoneNumberIndicator" : true , "telephoneNumber" : "224-666-4990" , "telephoneNumberType" : "Emergency 1"}] , "birthData" : { "birthDate" : "2005-03-27"}}
{ "sex" : "Female" , "hispanicLatinoEthnicity" : false , "economicDisadvantaged" : false , "section504Disabilities" : [ ] , "entityType" : "student" , "limitedEnglishProficiency" : "NotLimited" , "race" : [ ] , "id" : "9699bf2182182c7bb71fc61e8168608b32c0e738_id" , "studentUniqueStateId" : "900000018" , "address" : [ ] , "electronicMail" : [ { "emailAddress" : "Ione.Rudlong@gmail.com" , "emailAddressType" : "Organization"} , { "emailAddress" : "irudlong@gmail.com" , "emailAddressType" : "Other"}] , "name" : { "lastSurname" : "Rudlong" , "firstName" : "Ione"} , "schoolFoodServicesEligibility" : "Full price" , "telephone" : [ { "primaryTelephoneNumberIndicator" : false , "telephoneNumber" : "779-847-4186" , "telephoneNumberType" : "Emergency 2"} , { "primaryTelephoneNumberIndicator" : true , "telephoneNumber" : "312-153-2237" , "telephoneNumberType" : "Work"} , { "primaryTelephoneNumberIndicator" : false , "telephoneNumber" : "847-132-1135" , "telephoneNumberType" : "Emergency 1"}] , "birthData" : { "birthDate" : "1995-06-18"}}
{ "sex" : "Female" , "hispanicLatinoEthnicity" : false , "economicDisadvantaged" : false , "section504Disabilities" : [ ] , "entityType" : "student" , "limitedEnglishProficiency" : "NotLimited" , "race" : [ ] , "id" : "ff96e68b4b5ffd1e89fc7f1637f4c9535da0ff26_id" , "studentUniqueStateId" : "900000009" , "address" : [ { "nameOfCounty" : "Cook" , "streetNumberName" : "3752 84th Street" , "postalCode" : "60289-2096" , "stateAbbreviation" : "IL" , "addressType" : "Home" , "city" : "Chicago"}] , "electronicMail" : [ { "emailAddress" : "zlocust@yahoo.com" , "emailAddressType" : "Home/Personal"}] , "name" : { "lastSurname" : "Locust" , "firstName" : "Zoe"} , "schoolFoodServicesEligibility" : "Full price" , "telephone" : [ ] , "birthData" : { "birthDate" : "1998-07-02"}}
{ "sex" : "Male" , "hispanicLatinoEthnicity" : false , "economicDisadvantaged" : false , "section504Disabilities" : [ ] , "entityType" : "student" , "limitedEnglishProficiency" : "NotLimited" , "race" : [ ] , "id" : "46897ed380267c95553e1a5f10a440526f632bf5_id" , "studentUniqueStateId" : "800000027" , "address" : [ ] , "electronicMail" : [ { "emailAddress" : "Felipe.Wierzbicki@yahoo.com" , "emailAddressType" : "Home/Personal"}] , "name" : { "generationCodeSuffix" : "Jr" , "lastSurname" : "Wierzbicki" , "firstName" : "Felipe"} , "schoolFoodServicesEligibility" : "Full price" , "telephone" : [ { "primaryTelephoneNumberIndicator" : false , "telephoneNumber" : "312-984-8178" , "telephoneNumberType" : "Mobile"} , { "primaryTelephoneNumberIndicator" : false , "telephoneNumber" : "847-668-4746" , "telephoneNumberType" : "Other"} , { "primaryTelephoneNumberIndicator" : false , "telephoneNumber" : "847-296-5276" , "telephoneNumberType" : "Mobile"} , { "primaryTelephoneNumberIndicator" : false , "telephoneNumber" : "331-707-1490" , "telephoneNumberType" : "Emergency 1"} , { "primaryTelephoneNumberIndicator" : false , "telephoneNumber" : "847-377-1833" , "telephoneNumberType" : "Emergency 2"} , { "primaryTelephoneNumberIndicator" : true , "telephoneNumber" : "815-143-0269" , "telephoneNumberType" : "Work"}] , "birthData" : { "birthDate" : "1997-11-06"}}
{ "sex" : "Male" , "hispanicLatinoEthnicity" : true , "economicDisadvantaged" : true , "section504Disabilities" : [ "Motor Impairment"] , "entityType" : "student" , "limitedEnglishProficiency" : "Limited" , "race" : [ ] , "id" : "6b463aeb06e0ca9edd93a5de3fc6198ee494e219_id" , "studentUniqueStateId" : "100000002" , "address" : [ ] , "electronicMail" : [ { "emailAddress" : "ARchie_Forker@yahoo.com" , "emailAddressType" : "Other"}] , "name" : { "lastSurname" : "Forker" , "firstName" : "Archie"} , "schoolFoodServicesEligibility" : "Reduced price" , "telephone" : [ { "primaryTelephoneNumberIndicator" : true , "telephoneNumber" : "630-504-5490" , "telephoneNumberType" : "Emergency 1"}] , "birthData" : { "birthDate" : "2005-10-14"}}
{ "sex" : "Female" , "hispanicLatinoEthnicity" : false , "economicDisadvantaged" : false , "section504Disabilities" : [ ] , "entityType" : "student" , "limitedEnglishProficiency" : "NotLimited" , "race" : [ ] , "id" : "b73841a9b1cfacce71dbc7645b12f18ce16c5fca_id" , "studentUniqueStateId" : "100000011" , "address" : [ { "nameOfCounty" : "Cook" , "apartmentRoomSuiteNumber" : "APT 7776" , "streetNumberName" : "1558 4th Street" , "postalCode" : "60139-2152" , "stateAbbreviation" : "IL" , "addressType" : "Home" , "city" : "Chicago"}] , "electronicMail" : [ { "emailAddress" : "Dalia_Pingel@yahoo.com" , "emailAddressType" : "Other"}] , "schoolFoodServicesEligibility" : "Reduced price" , "name" : { "lastSurname" : "Pingel" , "firstName" : "Dalia"} , "telephone" : [ { "primaryTelephoneNumberIndicator" : true , "telephoneNumber" : "708-432-9033" , "telephoneNumberType" : "Unlisted"}] , "birthData" : { "birthDate" : "2005-02-12"}}
{ "sex" : "Male" , "hispanicLatinoEthnicity" : false , "economicDisadvantaged" : false , "section504Disabilities" : [ ] , "entityType" : "student" , "limitedEnglishProficiency" : "NotLimited" , "race" : [ ] , "id" : "be7bf656355afa88ec129fe9531ee9722d09d96a_id" , "studentUniqueStateId" : "800000010" , "address" : [ ] , "electronicMail" : [ { "emailAddress" : "Marco_Daughenbaugh@gmail.com" , "emailAddressType" : "Home/Personal"}] , "name" : { "generationCodeSuffix" : "Jr" , "lastSurname" : "Daughenbaugh" , "firstName" : "Marco"} , "schoolFoodServicesEligibility" : "Full price" , "telephone" : [ { "primaryTelephoneNumberIndicator" : false , "telephoneNumber" : "847-906-1829" , "telephoneNumberType" : "Mobile"} , { "primaryTelephoneNumberIndicator" : false , "telephoneNumber" : "708-064-9347" , "telephoneNumberType" : "Home"} , { "primaryTelephoneNumberIndicator" : false , "telephoneNumber" : "574-633-0146" , "telephoneNumberType" : "Home"} , { "primaryTelephoneNumberIndicator" : false , "telephoneNumber" : "847-878-1429" , "telephoneNumberType" : "Mobile"} , { "primaryTelephoneNumberIndicator" : true , "telephoneNumber" : "331-329-2538" , "telephoneNumberType" : "Other"}] , "birthData" : { "birthDate" : "1999-07-16"}}
{ "sex" : "Female" , "hispanicLatinoEthnicity" : false , "economicDisadvantaged" : false , "section504Disabilities" : [ ] , "entityType" : "student" , "limitedEnglishProficiency" : "NotLimited" , "race" : [ ] , "id" : "0f6aa0e0b108ea45701697c82f3fca6a9ac7b609_id" , "studentUniqueStateId" : "900000011" , "address" : [ { "nameOfCounty" : "Cook" , "apartmentRoomSuiteNumber" : "APT 4071" , "streetNumberName" : "3734 Stuart Street" , "postalCode" : "60860-4641" , "stateAbbreviation" : "IL" , "addressType" : "Billing" , "city" : "Chicago"} , { "nameOfCounty" : "Queens" , "apartmentRoomSuiteNumber" : "APT 245" , "streetNumberName" : "33 Grace Court Alley" , "postalCode" : "10520-7529" , "stateAbbreviation" : "NY" , "addressType" : "Work" , "city" : "New York"}] , "electronicMail" : [ { "emailAddress" : "robin.mcwain@gmail.com" , "emailAddressType" : "Home/Personal"} , { "emailAddress" : "rmcwain@yahoo.com" , "emailAddressType" : "Other"}] , "schoolFoodServicesEligibility" : "Full price" , "name" : { "middleName" : "Delany" , "lastSurname" : "Mcwain" , "firstName" : "Robin"} , "telephone" : [ { "primaryTelephoneNumberIndicator" : false , "telephoneNumber" : "773-559-7308" , "telephoneNumberType" : "Mobile"} , { "primaryTelephoneNumberIndicator" : false , "telephoneNumber" : "773-286-8144" , "telephoneNumberType" : "Other"} , { "primaryTelephoneNumberIndicator" : false , "telephoneNumber" : "574-773-0726" , "telephoneNumberType" : "Emergency 1"} , { "primaryTelephoneNumberIndicator" : true , "telephoneNumber" : "815-339-3957" , "telephoneNumberType" : "Work"}] , "birthData" : { "birthDate" : "1995-03-15"}}
{ "sex" : "Female" , "hispanicLatinoEthnicity" : false , "economicDisadvantaged" : false , "section504Disabilities" : [ ] , "entityType" : "student" , "limitedEnglishProficiency" : "NotLimited" , "race" : [ ] , "id" : "dba9c25a02f684cdb5c81b6ee52a9512d4482d4b_id" , "studentUniqueStateId" : "900000005" , "address" : [ { "nameOfCounty" : "Cook" , "apartmentRoomSuiteNumber" : "APT 443" , "streetNumberName" : "3391 Herzl Street" , "postalCode" : "60804-3717" , "stateAbbreviation" : "IL" , "addressType" : "Other" , "city" : "Chicago"} , { "nameOfCounty" : "Queens" , "apartmentRoomSuiteNumber" : "APT 8642" , "streetNumberName" : "2404 Pitkin Avenue" , "postalCode" : "10479-4003" , "stateAbbreviation" : "NY" , "addressType" : "Temporary" , "city" : "New York"}] , "electronicMail" : [ ] , "name" : { "lastSurname" : "Cun" , "firstName" : "Maya"} , "schoolFoodServicesEligibility" : "Full price" , "telephone" : [ { "primaryTelephoneNumberIndicator" : false , "telephoneNumber" : "630-548-0274" , "telephoneNumberType" : "Other"} , { "primaryTelephoneNumberIndicator" : true , "telephoneNumber" : "779-309-3470" , "telephoneNumberType" : "Work"}] , "birthData" : { "birthDate" : "1996-12-02"}}
{ "sex" : "Male" , "hispanicLatinoEthnicity" : false , "economicDisadvantaged" : false , "section504Disabilities" : [ ] , "entityType" : "student" , "limitedEnglishProficiency" : "NotLimited" , "race" : [ ] , "id" : "e55c11dc3999cde82843ca4bd8d9325b1ae3edcd_id" , "studentUniqueStateId" : "900000012" , "address" : [ { "nameOfCounty" : "Cook" , "apartmentRoomSuiteNumber" : "APT 7980" , "streetNumberName" : "3597 Woodbine Street" , "postalCode" : "60582-1590" , "stateAbbreviation" : "IL" , "addressType" : "Other" , "city" : "Chicago"}] , "electronicMail" : [ ] , "name" : { "middleName" : "Lloyd" , "lastSurname" : "Meath" , "firstName" : "Damon"} , "schoolFoodServicesEligibility" : "Full price" , "telephone" : [ { "primaryTelephoneNumberIndicator" : false , "telephoneNumber" : "847-612-5733" , "telephoneNumberType" : "Mobile"} , { "primaryTelephoneNumberIndicator" : true , "telephoneNumber" : "219-570-8286" , "telephoneNumberType" : "Work"}] , "birthData" : { "birthDate" : "1998-05-24"}}
{ "sex" : "Female" , "hispanicLatinoEthnicity" : false , "economicDisadvantaged" : false , "section504Disabilities" : [ ] , "entityType" : "student" , "limitedEnglishProficiency" : "NotLimited" , "race" : [ ] , "id" : "366e15c0213a81f653cdcf524606edeed3f80f99_id" , "studentUniqueStateId" : "900000020" , "address" : [ { "nameOfCounty" : "Cook" , "streetNumberName" : "3297 35th Street" , "postalCode" : "60063-3281" , "stateAbbreviation" : "IL" , "addressType" : "Work" , "city" : "Chicago"}] , "electronicMail" : [ { "emailAddress" : "G.Trisdale@gmail.com" , "emailAddressType" : "Organization"} , { "emailAddress" : "gisela.trisdale@yahoo.com" , "emailAddressType" : "Home/Personal"}] , "schoolFoodServicesEligibility" : "Reduced price" , "name" : { "lastSurname" : "Trisdale" , "firstName" : "Gisela"} , "telephone" : [ { "primaryTelephoneNumberIndicator" : true , "telephoneNumber" : "219-189-5867" , "telephoneNumberType" : "Other"} , { "primaryTelephoneNumberIndicator" : false , "telephoneNumber" : "847-315-9744" , "telephoneNumberType" : "Emergency 1"} , { "primaryTelephoneNumberIndicator" : false , "telephoneNumber" : "773-546-9943" , "telephoneNumberType" : "Emergency 2"}] , "birthData" : { "birthDate" : "1994-08-30"}}
{ "sex" : "Male" , "hispanicLatinoEthnicity" : false , "economicDisadvantaged" : false , "section504Disabilities" : [ ] , "entityType" : "student" , "limitedEnglishProficiency" : "Limited" , "race" : [ ] , "id" : "9bcfe162d8bf132e56ffa297160f958b4e288fbb_id" , "studentUniqueStateId" : "800000016" , "address" : [ { "nameOfCounty" : "Cook" , "apartmentRoomSuiteNumber" : "APT 9959" , "streetNumberName" : "6256 Old New Utrecht Road" , "postalCode" : "60746-2709" , "stateAbbreviation" : "IL" , "addressType" : "Billing" , "city" : "Chicago"}] , "electronicMail" : [ ] , "name" : { "generationCodeSuffix" : "Jr" , "lastSurname" : "Maultsby" , "firstName" : "Alton"} , "schoolFoodServicesEligibility" : "Free" , "telephone" : [ { "primaryTelephoneNumberIndicator" : false , "telephoneNumber" : "630-248-4247" , "telephoneNumberType" : "Mobile"} , { "primaryTelephoneNumberIndicator" : false , "telephoneNumber" : "312-413-0054" , "telephoneNumberType" : "Emergency 2"} , { "primaryTelephoneNumberIndicator" : false , "telephoneNumber" : "779-444-0280" , "telephoneNumberType" : "Other"} , { "primaryTelephoneNumberIndicator" : true , "telephoneNumber" : "219-343-1565" , "telephoneNumberType" : "Emergency 1"}] , "birthData" : { "birthDate" : "1999-04-17"}}
{ "sex" : "Female" , "hispanicLatinoEthnicity" : true , "economicDisadvantaged" : false , "section504Disabilities" : [ ] , "entityType" : "student" , "limitedEnglishProficiency" : "NotLimited" , "race" : [ ] , "id" : "0f037add13a1b0590b9e7f19bd9edf8c38e0e1ac_id" , "studentUniqueStateId" : "900000006" , "address" : [ ] , "electronicMail" : [ { "emailAddress" : "Daniela_Cusimana@yahoo.com" , "emailAddressType" : "Other"}] , "name" : { "lastSurname" : "Cusimana" , "firstName" : "Daniela"} , "schoolFoodServicesEligibility" : "Full price" , "telephone" : [ { "primaryTelephoneNumberIndicator" : false , "telephoneNumber" : "630-120-7311" , "telephoneNumberType" : "Home"} , { "primaryTelephoneNumberIndicator" : false , "telephoneNumber" : "847-170-5742" , "telephoneNumberType" : "Emergency 1"} , { "primaryTelephoneNumberIndicator" : false , "telephoneNumber" : "708-351-9370" , "telephoneNumberType" : "Other"} , { "primaryTelephoneNumberIndicator" : false , "telephoneNumber" : "630-320-6278" , "telephoneNumberType" : "Fax"} , { "primaryTelephoneNumberIndicator" : true , "telephoneNumber" : "574-055-0924" , "telephoneNumberType" : "Other"}] , "birthData" : { "birthDate" : "1997-07-22"}}
{ "sex" : "Female" , "hispanicLatinoEthnicity" : true , "economicDisadvantaged" : false , "section504Disabilities" : [ ] , "entityType" : "student" , "limitedEnglishProficiency" : "NotLimited" , "race" : [ ] , "id" : "e210951c81ebe7ad5acc97cdc6a9af45ecdfcb42_id" , "studentUniqueStateId" : "100000019" , "address" : [ ] , "electronicMail" : [ { "emailAddress" : "Maria.werner@yahoo.com" , "emailAddressType" : "Home/Personal"} , { "emailAddress" : "maria_werner@gmail.com" , "emailAddressType" : "Other"}] , "name" : { "lastSurname" : "Werner" , "firstName" : "Maria"} , "schoolFoodServicesEligibility" : "Reduced price" , "telephone" : [ { "primaryTelephoneNumberIndicator" : false , "telephoneNumber" : "219-142-2682" , "telephoneNumberType" : "Home"} , { "primaryTelephoneNumberIndicator" : false , "telephoneNumber" : "331-140-4235" , "telephoneNumberType" : "Home"} , { "primaryTelephoneNumberIndicator" : false , "telephoneNumber" : "574-194-5932" , "telephoneNumberType" : "Emergency 1"} , { "primaryTelephoneNumberIndicator" : true , "telephoneNumber" : "312-591-8324" , "telephoneNumberType" : "Other"}] , "birthData" : { "birthDate" : "2005-08-11"}}
{ "sex" : "Female" , "hispanicLatinoEthnicity" : false , "economicDisadvantaged" : false , "section504Disabilities" : [ ] , "entityType" : "student" , "limitedEnglishProficiency" : "NotLimited" , "race" : [ ] , "id" : "dbc254daaa4fb8ed275d725626c5e33b2c5818a8_id" , "studentUniqueStateId" : "900000015" , "address" : [ { "nameOfCounty" : "Cook" , "streetNumberName" : "5879 Cumberland Walk" , "postalCode" : "60572-3074" , "stateAbbreviation" : "IL" , "addressType" : "Home" , "city" : "Chicago"}] , "electronicMail" : [ ] , "name" : { "lastSurname" : "Pillard" , "firstName" : "Geoffrey"} , "schoolFoodServicesEligibility" : "Full price" , "telephone" : [ { "primaryTelephoneNumberIndicator" : false , "telephoneNumber" : "708-403-2467" , "telephoneNumberType" : "Home"} , { "primaryTelephoneNumberIndicator" : false , "telephoneNumber" : "779-445-1753" , "telephoneNumberType" : "Emergency 1"} , { "primaryTelephoneNumberIndicator" : false , "telephoneNumber" : "574-592-2063" , "telephoneNumberType" : "Emergency 2"} , { "primaryTelephoneNumberIndicator" : false , "telephoneNumber" : "815-161-4071" , "telephoneNumberType" : "Fax"} , { "primaryTelephoneNumberIndicator" : false , "telephoneNumber" : "779-248-9432" , "telephoneNumberType" : "Unlisted"} , { "primaryTelephoneNumberIndicator" : true , "telephoneNumber" : "708-299-1122" , "telephoneNumberType" : "Other"}] , "birthData" : { "birthDate" : "1995-12-08"}}
{ "sex" : "Female" , "hispanicLatinoEthnicity" : true , "economicDisadvantaged" : false , "section504Disabilities" : [ ] , "entityType" : "student" , "limitedEnglishProficiency" : "NotLimited" , "race" : [ ] , "id" : "25369655c44d8d9346b356a75b8ac3552bb85e6e_id" , "studentUniqueStateId" : "100000001" , "address" : [ { "nameOfCounty" : "Cook" , "apartmentRoomSuiteNumber" : "APT 8121" , "streetNumberName" : "2038 Pearson Street" , "postalCode" : "60057-5477" , "stateAbbreviation" : "IL" , "addressType" : "Home" , "city" : "Chicago"} , { "nameOfCounty" : "Queens" , "streetNumberName" : "8523 Lester Court" , "postalCode" : "10062-3727" , "stateAbbreviation" : "NY" , "addressType" : "Physical" , "city" : "New York"}] , "electronicMail" : [ { "emailAddress" : "Rafaela.Coleson@yahoo.com" , "emailAddressType" : "Home/Personal"} , { "emailAddress" : "rcoleson@gmail.com" , "emailAddressType" : "Work"} , { "emailAddress" : "rafaela_coleson@yahoo.com" , "emailAddressType" : "Other"}] , "schoolFoodServicesEligibility" : "Full price" , "name" : { "lastSurname" : "Coleson" , "firstName" : "Rafaela"} , "telephone" : [ { "primaryTelephoneNumberIndicator" : true , "telephoneNumber" : "331-703-1951" , "telephoneNumberType" : "Work"}] , "birthData" : { "birthDate" : "2005-03-25"}}
{ "sex" : "Male" , "hispanicLatinoEthnicity" : false , "economicDisadvantaged" : false , "section504Disabilities" : [ ] , "entityType" : "student" , "limitedEnglishProficiency" : "NotLimited" , "race" : [ ] , "id" : "4c2aeced02b70e3da3a88f6ec62d6103a2b38088_id" , "studentUniqueStateId" : "800000026" , "address" : [ { "nameOfCounty" : "Cook" , "streetNumberName" : "8678 Brighton 4th Road" , "postalCode" : "60206-1877" , "stateAbbreviation" : "IL" , "addressType" : "Home" , "city" : "Chicago"}] , "electronicMail" : [ { "emailAddress" : "Lashawn_Taite@yahoo.com" , "emailAddressType" : "Other"} , { "emailAddress" : "L.Taite@yahoo.com" , "emailAddressType" : "Organization"}] , "schoolFoodServicesEligibility" : "Full price" , "name" : { "lastSurname" : "Taite" , "firstName" : "Lashawn"} , "telephone" : [ { "primaryTelephoneNumberIndicator" : false , "telephoneNumber" : "224-017-8015" , "telephoneNumberType" : "Emergency 1"} , { "primaryTelephoneNumberIndicator" : true , "telephoneNumber" : "630-231-5755" , "telephoneNumberType" : "Mobile"}] , "birthData" : { "birthDate" : "1999-01-16"}}
{ "sex" : "Male" , "hispanicLatinoEthnicity" : false , "economicDisadvantaged" : false , "section504Disabilities" : [ ] , "entityType" : "student" , "limitedEnglishProficiency" : "Limited" , "race" : [ ] , "id" : "42a35b11ff9c3d36680e4bf023fa77db6176cea4_id" , "studentUniqueStateId" : "900000022" , "address" : [ { "nameOfCounty" : "Cook" , "apartmentRoomSuiteNumber" : "APT 1999" , "streetNumberName" : "2393 Manhattan Court" , "postalCode" : "60561-5469" , "stateAbbreviation" : "IL" , "addressType" : "Billing" , "city" : "Chicago"} , { "nameOfCounty" : "Queens" , "streetNumberName" : "5961 Mermaid Avenue" , "postalCode" : "10952-6484" , "stateAbbreviation" : "NY" , "addressType" : "Home" , "city" : "New York"}] , "electronicMail" : [ ] , "name" : { "generationCodeSuffix" : "Jr" , "lastSurname" : "Vanhooser" , "firstName" : "Randolph"} , "schoolFoodServicesEligibility" : "Reduced price" , "telephone" : [ ] , "birthData" : { "birthDate" : "1994-01-09"}}
{ "sex" : "Female" , "hispanicLatinoEthnicity" : false , "economicDisadvantaged" : false , "section504Disabilities" : [ ] , "entityType" : "student" , "limitedEnglishProficiency" : "NotLimited" , "race" : [ ] , "id" : "fa250b49f53198d004996b7b3220fea07b2e007d_id" , "studentUniqueStateId" : "900000014" , "address" : [ { "nameOfCounty" : "Cook" , "apartmentRoomSuiteNumber" : "APT 1199" , "streetNumberName" : "2634 Columbia Place" , "postalCode" : "60423-1182" , "stateAbbreviation" : "IL" , "addressType" : "Home" , "city" : "Chicago"}] , "electronicMail" : [ { "emailAddress" : "lnagai@yahoo.com" , "emailAddressType" : "Organization"}] , "schoolFoodServicesEligibility" : "Full price" , "name" : { "lastSurname" : "Nagai" , "firstName" : "Lucretia"} , "telephone" : [ { "primaryTelephoneNumberIndicator" : false , "telephoneNumber" : "219-414-0577" , "telephoneNumberType" : "Emergency 1"} , { "primaryTelephoneNumberIndicator" : false , "telephoneNumber" : "847-067-7909" , "telephoneNumberType" : "Emergency 2"} , { "primaryTelephoneNumberIndicator" : false , "telephoneNumber" : "779-665-3536" , "telephoneNumberType" : "Home"} , { "primaryTelephoneNumberIndicator" : false , "telephoneNumber" : "262-799-1127" , "telephoneNumberType" : "Work"} , { "primaryTelephoneNumberIndicator" : false , "telephoneNumber" : "312-041-2177" , "telephoneNumberType" : "Work"} , { "primaryTelephoneNumberIndicator" : true , "telephoneNumber" : "224-704-7492" , "telephoneNumberType" : "Unlisted"}] , "birthData" : { "birthDate" : "1995-09-03"}}
{ "sex" : "Male" , "hispanicLatinoEthnicity" : true , "economicDisadvantaged" : false , "section504Disabilities" : [ ] , "entityType" : "student" , "limitedEnglishProficiency" : "NotLimited" , "race" : [ ] , "id" : "968c1c327d88b849d08a85d951c6652c012e06c0_id" , "studentUniqueStateId" : "800000012" , "address" : [ { "nameOfCounty" : "Cook" , "apartmentRoomSuiteNumber" : "APT 8755" , "streetNumberName" : "1980 Sackman Street" , "postalCode" : "60570-0943" , "stateAbbreviation" : "IL" , "addressType" : "Home" , "city" : "Chicago"}] , "electronicMail" : [ ] , "name" : { "middleName" : "Felix" , "generationCodeSuffix" : "Jr" , "lastSurname" : "Giaquinto" , "firstName" : "Gerardo"} , "schoolFoodServicesEligibility" : "Full price" , "telephone" : [ ] , "birthData" : { "birthDate" : "1996-02-12"}}
{ "sex" : "Male" , "hispanicLatinoEthnicity" : false , "economicDisadvantaged" : false , "section504Disabilities" : [ ] , "entityType" : "student" , "limitedEnglishProficiency" : "Limited" , "race" : [ ] , "id" : "ed6f4c12c8c60b21d9823d0eab225f1f4eb095b1_id" , "studentUniqueStateId" : "900000023" , "address" : [ { "nameOfCounty" : "Cook" , "apartmentRoomSuiteNumber" : "APT 1999" , "streetNumberName" : "2393 Manhattan Court" , "postalCode" : "60561-5469" , "stateAbbreviation" : "IL" , "addressType" : "Billing" , "city" : "Chicago"} , { "nameOfCounty" : "Queens" , "streetNumberName" : "5961 Mermaid Avenue" , "postalCode" : "10952-6484" , "stateAbbreviation" : "NY" , "addressType" : "Home" , "city" : "New York"}] , "electronicMail" : [ ] , "name" : { "lastSurname" : "Zahm" , "firstName" : "Kelvin"} , "schoolFoodServicesEligibility" : "Reduced price" , "telephone" : [ ] , "birthData" : { "birthDate" : "1997-01-09"}}
{ "sex" : "Female" , "hispanicLatinoEthnicity" : false , "economicDisadvantaged" : false , "section504Disabilities" : [ ] , "entityType" : "student" , "limitedEnglishProficiency" : "NotLimited" , "race" : [ ] , "id" : "45228e8ab407ec7781b6f5b89224c7a97a1fde30_id" , "studentUniqueStateId" : "100000015" , "address" : [ { "nameOfCounty" : "Cook" , "streetNumberName" : "8690 Gaylord Drive" , "postalCode" : "60053-4640" , "stateAbbreviation" : "IL" , "addressType" : "Other" , "city" : "Chicago"}] , "electronicMail" : [ { "emailAddress" : "besta_smay@yahoo.com" , "emailAddressType" : "Other"} , { "emailAddress" : "v.smay@yahoo.com" , "emailAddressType" : "Organization"} , { "emailAddress" : "vesta.smay@gmail.com" , "emailAddressType" : "Home/Personal"}] , "schoolFoodServicesEligibility" : "Reduced price" , "name" : { "lastSurname" : "Smay" , "firstName" : "Vesta"} , "telephone" : [ { "primaryTelephoneNumberIndicator" : true , "telephoneNumber" : "779-512-3391" , "telephoneNumberType" : "Fax"}] , "birthData" : { "birthDate" : "2005-07-09"}}
{ "sex" : "Male" , "hispanicLatinoEthnicity" : false , "economicDisadvantaged" : false , "section504Disabilities" : [ ] , "entityType" : "student" , "limitedEnglishProficiency" : "NotLimited" , "race" : [ ] , "id" : "e0cdf6864b674e3c3dc9747ce584d06ff74091b1_id" , "studentUniqueStateId" : "800000007" , "address" : [ { "nameOfCounty" : "Cook" , "apartmentRoomSuiteNumber" : "APT 504" , "streetNumberName" : "2348 37th Street" , "postalCode" : "60408-8581" , "stateAbbreviation" : "IL" , "addressType" : "Home" , "city" : "Chicago"}] , "electronicMail" : [ { "emailAddress" : "T.Cleaveland@gmail.com" , "emailAddressType" : "Organization"}] , "schoolFoodServicesEligibility" : "Full price" , "name" : { "generationCodeSuffix" : "Jr" , "lastSurname" : "Cleaveland" , "firstName" : "Tomasa"} , "telephone" : [ { "primaryTelephoneNumberIndicator" : false , "telephoneNumber" : "779-742-5225" , "telephoneNumberType" : "Unlisted"} , { "primaryTelephoneNumberIndicator" : false , "telephoneNumber" : "224-984-4651" , "telephoneNumberType" : "Fax"} , { "primaryTelephoneNumberIndicator" : false , "telephoneNumber" : "815-816-8509" , "telephoneNumberType" : "Mobile"} , { "primaryTelephoneNumberIndicator" : false , "telephoneNumber" : "773-060-4579" , "telephoneNumberType" : "Work"} , { "primaryTelephoneNumberIndicator" : true , "telephoneNumber" : "219-975-8426" , "telephoneNumberType" : "Work"}] , "birthData" : { "birthDate" : "2000-11-13"}}
{ "sex" : "Male" , "hispanicLatinoEthnicity" : false , "economicDisadvantaged" : false , "section504Disabilities" : [ ] , "entityType" : "student" , "limitedEnglishProficiency" : "NotLimited" , "race" : [ ] , "id" : "c53b9737c4a9ff3cedaf8cae5555c4979b305ce8_id" , "studentUniqueStateId" : "100000000" , "address" : [ { "nameOfCounty" : "Cook" , "apartmentRoomSuiteNumber" : "APT 4221" , "streetNumberName" : "3655 Brighton 2nd Lane" , "postalCode" : "60908-1028" , "stateAbbreviation" : "IL" , "buildingSiteNumber" : "351" , "addressType" : "Home" , "city" : "Chicago"} , { "streetNumberName" : "9857 Kingsborough 2nd Walk" , "postalCode" : "98115" , "stateAbbreviation" : "WA" , "addressType" : "Work" , "city" : "Seattle"}] , "electronicMail" : [ { "emailAddress" : "Bennie.C@gmail.com" , "emailAddressType" : "Other"} , { "emailAddress" : "B.Cimmino@gmail.com" , "emailAddressType" : "Organization"} , { "emailAddress" : "Bennie.Cimmino@gmail.com" , "emailAddressType" : "Home/Personal"}] , "name" : { "lastSurname" : "Cimmino" , "firstName" : "Bennie"} , "schoolFoodServicesEligibility" : "Reduced price" , "telephone" : [ ] , "birthData" : { "birthDate" : "2005-07-02"}}
{ "sex" : "Male" , "hispanicLatinoEthnicity" : false , "economicDisadvantaged" : false , "section504Disabilities" : [ ] , "entityType" : "student" , "limitedEnglishProficiency" : "NotLimited" , "race" : [ ] , "id" : "84a2470b868166c4d8fea1076169d94dd154bfba_id" , "studentUniqueStateId" : "100000005" , "address" : [ { "nameOfCounty" : "Cook" , "apartmentRoomSuiteNumber" : "APT 8027" , "streetNumberName" : "8823 Blake Court" , "postalCode" : "60267-4406" , "stateAbbreviation" : "IL" , "addressType" : "Work" , "city" : "Chicago"}] , "electronicMail" : [ { "emailAddress" : "garry_kinsel@yahoo.com" , "emailAddressType" : "Other"} , { "emailAddress" : "garry.kinsel@gmail.com" , "emailAddressType" : "Home/Personal"}] , "schoolFoodServicesEligibility" : "Reduced price" , "name" : { "lastSurname" : "Kinsel" , "firstName" : "Garry"} , "telephone" : [ { "primaryTelephoneNumberIndicator" : true , "telephoneNumber" : "224-167-3247" , "telephoneNumberType" : "Unlisted"}] , "birthData" : { "birthDate" : "2005-02-24"}}
{ "sex" : "Male" , "hispanicLatinoEthnicity" : false , "economicDisadvantaged" : true , "section504Disabilities" : [ ] , "entityType" : "student" , "limitedEnglishProficiency" : "NotLimited" , "race" : [ ] , "id" : "722a125fc33c5cd96178425b97b3d7b1a908b014_id" , "studentUniqueStateId" : "800000001" , "address" : [ { "nameOfCounty" : "Cook" , "streetNumberName" : "6561 Front Street" , "postalCode" : "60927-8918" , "stateAbbreviation" : "IL" , "addressType" : "Home" , "city" : "Chicago"}] , "electronicMail" : [ { "emailAddress" : "a.ausiello@yahoo.com" , "emailAddressType" : "Organization"}] , "schoolFoodServicesEligibility" : "Free" , "name" : { "lastSurname" : "Ausiello" , "firstName" : "Alton"} , "telephone" : [ { "primaryTelephoneNumberIndicator" : false , "telephoneNumber" : "815-126-3941" , "telephoneNumberType" : "Fax"} , { "primaryTelephoneNumberIndicator" : false , "telephoneNumber" : "779-241-9753" , "telephoneNumberType" : "Work"} , { "primaryTelephoneNumberIndicator" : false , "telephoneNumber" : "224-880-3309" , "telephoneNumberType" : "Home"} , { "primaryTelephoneNumberIndicator" : true , "telephoneNumber" : "815-049-6452" , "telephoneNumberType" : "Other"}] , "birthData" : { "birthDate" : "2002-07-05"}}
{ "sex" : "Male" , "hispanicLatinoEthnicity" : false , "economicDisadvantaged" : false , "section504Disabilities" : [ ] , "entityType" : "student" , "limitedEnglishProficiency" : "NotLimited" , "race" : [ ] , "id" : "0d0f61e56de8461eb4f721a9e2c88aa1cdc9fa3b_id" , "studentUniqueStateId" : "900000010" , "address" : [ { "nameOfCounty" : "Cook" , "apartmentRoomSuiteNumber" : "APT 4981" , "streetNumberName" : "2670 Bank Street" , "postalCode" : "60552-3075" , "stateAbbreviation" : "IL" , "addressType" : "Other" , "city" : "Chicago"} , { "nameOfCounty" : "Kings" , "apartmentRoomSuiteNumber" : "APT 3169" , "streetNumberName" : "4008 Lawn Court" , "postalCode" : "10378-4475" , "stateAbbreviation" : "NY" , "addressType" : "Home" , "city" : "New York"}] , "electronicMail" : [ { "emailAddress" : "garry978@yahoo.com" , "emailAddressType" : "Other"} , { "emailAddress" : "g.mcconnaughy@yahoo.com" , "emailAddressType" : "Organization"} , { "emailAddress" : "thegarry12@gmail.com" , "emailAddressType" : "Home/Personal"}] , "schoolFoodServicesEligibility" : "Full price" , "name" : { "lastSurname" : "Mcconnaughy" , "firstName" : "Garry"} , "telephone" : [ { "primaryTelephoneNumberIndicator" : false , "telephoneNumber" : "630-832-7779" , "telephoneNumberType" : "Work"} , { "primaryTelephoneNumberIndicator" : false , "telephoneNumber" : "224-338-1546" , "telephoneNumberType" : "Emergency 1"} , { "primaryTelephoneNumberIndicator" : true , "telephoneNumber" : "815-104-6209" , "telephoneNumberType" : "Home"}] , "birthData" : { "birthDate" : "1996-01-29"}}
{ "sex" : "Male" , "hispanicLatinoEthnicity" : false , "economicDisadvantaged" : false , "section504Disabilities" : [ ] , "entityType" : "student" , "limitedEnglishProficiency" : "NotLimited" , "race" : [ ] , "id" : "b2ef46582397408724e309b84fbd68e42acc70d6_id" , "studentUniqueStateId" : "800000019" , "address" : [ ] , "electronicMail" : [ { "emailAddress" : "P.Muchow@gmail.com" , "emailAddressType" : "Organization"} , { "emailAddress" : "Preston_Muchow@gmail.com" , "emailAddressType" : "Work"} , { "emailAddress" : "PrestonM@yahoo.com" , "emailAddressType" : "Other"}] , "name" : { "middleName" : "W" , "generationCodeSuffix" : "Jr" , "lastSurname" : "Muchow" , "firstName" : "Preston"} , "schoolFoodServicesEligibility" : "Free" , "telephone" : [ { "primaryTelephoneNumberIndicator" : false , "telephoneNumber" : "224-943-5187" , "telephoneNumberType" : "Emergency 2"} , { "primaryTelephoneNumberIndicator" : false , "telephoneNumber" : "331-998-2531" , "telephoneNumberType" : "Other"} , { "primaryTelephoneNumberIndicator" : false , "telephoneNumber" : "219-374-7108" , "telephoneNumberType" : "Mobile"} , { "primaryTelephoneNumberIndicator" : false , "telephoneNumber" : "708-068-6766" , "telephoneNumberType" : "Emergency 1"} , { "primaryTelephoneNumberIndicator" : true , "telephoneNumber" : "262-251-1448" , "telephoneNumberType" : "Home"}] , "birthData" : { "birthDate" : "1999-04-06"}}
{ "sex" : "Female" , "hispanicLatinoEthnicity" : false , "economicDisadvantaged" : false , "section504Disabilities" : [ ] , "entityType" : "student" , "limitedEnglishProficiency" : "NotLimited" , "race" : [ ] , "id" : "2004de29bc06ba9162b51d270cef1e09b792fa7c_id" , "studentUniqueStateId" : "900000001" , "address" : [ { "nameOfCounty" : "Cook" , "streetNumberName" : "5599 Brighton 6th Court" , "postalCode" : "60777-4651" , "stateAbbreviation" : "IL" , "addressType" : "Home" , "city" : "Chicago"}] , "electronicMail" : [ { "emailAddress" : "Oma_Bevington@gmail.com" , "emailAddressType" : "Other"} , { "emailAddress" : "Oma.Bevington@gmail.com" , "emailAddressType" : "Home/Personal"}] , "schoolFoodServicesEligibility" : "Reduced price" , "name" : { "middleName" : "Leah" , "lastSurname" : "Bevington" , "firstName" : "Oma"} , "telephone" : [ { "primaryTelephoneNumberIndicator" : false , "telephoneNumber" : "815-708-1107" , "telephoneNumberType" : "Fax"} , { "primaryTelephoneNumberIndicator" : false , "telephoneNumber" : "262-638-1354" , "telephoneNumberType" : "Unlisted"}] , "birthData" : { "birthDate" : "1995-07-02"}}
{ "sex" : "Male" , "hispanicLatinoEthnicity" : false , "economicDisadvantaged" : false , "section504Disabilities" : [ ] , "entityType" : "student" , "limitedEnglishProficiency" : "Limited" , "race" : [ ] , "id" : "e42e539bde5b4f76b00223b17ac168d8c6bd9ef3_id" , "studentUniqueStateId" : "800000009" , "address" : [ { "nameOfCounty" : "Cook" , "streetNumberName" : "651 Banner 3rd Terrace" , "postalCode" : "60150-4290" , "stateAbbreviation" : "IL" , "addressType" : "Work" , "city" : "Chicago"} , { "nameOfCounty" : "New York" , "apartmentRoomSuiteNumber" : "APT 8352" , "streetNumberName" : "4656 India Street" , "postalCode" : "10079-9386" , "stateAbbreviation" : "NY" , "addressType" : "Home" , "city" : "New York"}] , "electronicMail" : [ { "emailAddress" : "M.Costillo@gmail.com" , "emailAddressType" : "Organization"} , { "emailAddress" : "Malcolm_Costillo@gmail.com" , "emailAddressType" : "Other"} , { "emailAddress" : "Malcolm.Costillo@yahoo.com" , "emailAddressType" : "Home/Personal"}] , "name" : { "middleName" : "Eric" , "lastSurname" : "Costillo" , "firstName" : "Malcolm"} , "schoolFoodServicesEligibility" : "Reduced price" , "telephone" : [ ] , "birthData" : { "birthDate" : "1999-08-22"}}
{ "sex" : "Female" , "hispanicLatinoEthnicity" : false , "economicDisadvantaged" : false , "section504Disabilities" : [ ] , "entityType" : "student" , "limitedEnglishProficiency" : "NotLimited" , "race" : [ ] , "id" : "2136c53f3a417000ad515d44f037dc994a2fc368_id" , "studentUniqueStateId" : "100000009" , "address" : [ { "nameOfCounty" : "Cook" , "apartmentRoomSuiteNumber" : "APT 2052" , "streetNumberName" : "2923 Bleecker Street" , "postalCode" : "60727-9444" , "stateAbbreviation" : "IL" , "addressType" : "Mailing" , "city" : "Chicago"} , { "nameOfCounty" : "Queens" , "streetNumberName" : "2886 Front Street" , "postalCode" : "10668-8353" , "stateAbbreviation" : "NY" , "addressType" : "Billing" , "city" : "New York"}] , "electronicMail" : [ { "emailAddress" : "A.Nakken@yahoo.com" , "emailAddressType" : "Organization"} , { "emailAddress" : "Alecia.Nakken@gmail.com" , "emailAddressType" : "Home/Personal"}] , "schoolFoodServicesEligibility" : "Full price" , "name" : { "lastSurname" : "Nakken" , "firstName" : "Alecia"} , "telephone" : [ { "primaryTelephoneNumberIndicator" : false , "telephoneNumber" : "779-857-5369" , "telephoneNumberType" : "Mobile"} , { "primaryTelephoneNumberIndicator" : true , "telephoneNumber" : "708-359-9620" , "telephoneNumberType" : "Mobile"}] , "birthData" : { "birthDate" : "2005-11-27"}}
{ "id" : "92a33cae13e838176dbea9ca8b8c354d7420eaa8_id" , "studentUniqueStateId" : "100000017" , "sex" : "Female" , "hispanicLatinoEthnicity" : false , "address" : [ { "apartmentRoomSuiteNumber" : "Apt 9B" , "streetNumberName" : "34 Northshore Ave" , "postalCode" : "75229" , "stateAbbreviation" : "IL" , "addressType" : "Home" , "city" : "Daybreak"} , { "apartmentRoomSuiteNumber" : "Suite B" , "streetNumberName" : "82 N. Central Pkwy." , "postalCode" : "75229" , "stateAbbreviation" : "IL" , "addressType" : "Work" , "city" : "Daybreak"}] , "name" : { "lastSurname" : "Tran" , "firstName" : "Mi-Ha"} , "electronicMail" : [ { "emailAddress" : "ti.troung@gmail.com" , "emailAddressType" : "Home/Personal"} , { "emailAddress" : "ti.troung@unicef.com" , "emailAddressType" : "Work"} , { "emailAddress" : "ti.troung@yahoo.com" , "emailAddressType" : "Other"}] , "entityType" : "student" , "race" : [ ] , "telephone" : [ { "primaryTelephoneNumberIndicator" : true , "telephoneNumber" : "309-555-5210" , "telephoneNumberType" : "Unlisted"} , { "primaryTelephoneNumberIndicator" : false , "telephoneNumber" : "309-555-5341" , "telephoneNumberType" : "Unlisted"}] , "birthData" : { "birthDate" : "2005-08-17"}}
{ "sex" : "Male" , "hispanicLatinoEthnicity" : false , "economicDisadvantaged" : false , "section504Disabilities" : [ ] , "entityType" : "student" , "limitedEnglishProficiency" : "NotLimited" , "race" : [ ] , "id" : "d010a8b710783e4fd409cc7a8ddd780cd16ff89b_id" , "studentUniqueStateId" : "800000020" , "address" : [ { "nameOfCounty" : "Cook" , "streetNumberName" : "6502 Linwood Street" , "postalCode" : "60340-6299" , "stateAbbreviation" : "IL" , "addressType" : "Physical" , "city" : "Chicago"} , { "nameOfCounty" : "New York" , "apartmentRoomSuiteNumber" : "APT 898" , "streetNumberName" : "7548 Bay 32nd Street" , "postalCode" : "10723-1449" , "stateAbbreviation" : "NY" , "addressType" : "Work" , "city" : "New York"}] , "electronicMail" : [ { "emailAddress" : "G.Rounsaville@yahoo.com" , "emailAddressType" : "Organization"} , { "emailAddress" : "Gerardo_Rounsaville@yahoo.com" , "emailAddressType" : "Work"}] , "schoolFoodServicesEligibility" : "Full price" , "name" : { "lastSurname" : "Rounsaville" , "firstName" : "Gerardo"} , "telephone" : [ { "primaryTelephoneNumberIndicator" : false , "telephoneNumber" : "847-553-2343" , "telephoneNumberType" : "Emergency 1"} , { "primaryTelephoneNumberIndicator" : false , "telephoneNumber" : "815-707-5464" , "telephoneNumberType" : "Emergency 2"} , { "primaryTelephoneNumberIndicator" : true , "telephoneNumber" : "574-479-2335" , "telephoneNumberType" : "Other"} , { "primaryTelephoneNumberIndicator" : false , "telephoneNumber" : "847-239-1197" , "telephoneNumberType" : "Work"}] , "birthData" : { "birthDate" : "1999-08-27"}}
{ "sex" : "Male" , "hispanicLatinoEthnicity" : true , "economicDisadvantaged" : false , "section504Disabilities" : [ ] , "entityType" : "student" , "limitedEnglishProficiency" : "NotLimited" , "race" : [ ] , "id" : "5ed266b0dc37ab27b1d2c282491dbac0a576a107_id" , "studentUniqueStateId" : "900000019" , "address" : [ { "nameOfCounty" : "Cook" , "streetNumberName" : "4177 14th Street" , "postalCode" : "60016-2835" , "stateAbbreviation" : "IL" , "addressType" : "Home" , "city" : "Chicago"} , { "nameOfCounty" : "Bronx" , "apartmentRoomSuiteNumber" : "APT 9336" , "streetNumberName" : "6900 60th Place" , "postalCode" : "10082-4493" , "stateAbbreviation" : "NY" , "addressType" : "Other" , "city" : "New York"}] , "electronicMail" : [ ] , "name" : { "lastSurname" : "Tietje" , "firstName" : "Johnathan"} , "schoolFoodServicesEligibility" : "Full price" , "telephone" : [ { "primaryTelephoneNumberIndicator" : false , "telephoneNumber" : "574-550-9523" , "telephoneNumberType" : "Fax"} , { "primaryTelephoneNumberIndicator" : true , "telephoneNumber" : "219-579-0930" , "telephoneNumberType" : "Work"} , { "primaryTelephoneNumberIndicator" : false , "telephoneNumber" : "773-189-6011" , "telephoneNumberType" : "Emergency 1"}] , "birthData" : { "birthDate" : "1994-03-14"}}
{ "sex" : "Male" , "hispanicLatinoEthnicity" : false , "economicDisadvantaged" : false , "section504Disabilities" : [ ] , "entityType" : "student" , "limitedEnglishProficiency" : "Limited" , "race" : [ ] , "id" : "067198fd6da91e1aa8d67e28e850f224d6851713_id" , "studentUniqueStateId" : "800000025" , "address" : [ ] , "electronicMail" : [ { "emailAddress" : "m.sollars@gmail.com" , "emailAddressType" : "Other"}] , "name" : { "middleName" : "Joseph" , "generationCodeSuffix" : "Jr" , "lastSurname" : "Sollars" , "firstName" : "Matt"} , "schoolFoodServicesEligibility" : "Free" , "telephone" : [ { "primaryTelephoneNumberIndicator" : true , "telephoneNumber" : "309-555-2449" , "telephoneNumberType" : "Home"}] , "birthData" : { "birthDate" : "2000-04-23"}}
{ "sex" : "Male" , "hispanicLatinoEthnicity" : false , "economicDisadvantaged" : true , "section504Disabilities" : [ ] , "entityType" : "student" , "limitedEnglishProficiency" : "NotLimited" , "race" : [ ] , "id" : "51801d1a81651688008d7fd81d515473f5145ba9_id" , "studentUniqueStateId" : "100000023" , "address" : [ { "nameOfCounty" : "Cook" , "streetNumberName" : "1725 Meadow Street" , "postalCode" : "60683-4656" , "stateAbbreviation" : "IL" , "addressType" : "Home" , "city" : "Chicago"} , { "nameOfCounty" : "Queens" , "apartmentRoomSuiteNumber" : "APT 1721" , "streetNumberName" : "318 Ocean Avenue" , "postalCode" : "10078-7909" , "stateAbbreviation" : "NY" , "addressType" : "Billing" , "city" : "New York"}] , "electronicMail" : [ { "emailAddress" : "dshaw@gmail.com" , "emailAddressType" : "Other"}] , "schoolFoodServicesEligibility" : "Free" , "name" : { "lastSurname" : "Shaw" , "firstName" : "Daniel"} , "telephone" : [ { "primaryTelephoneNumberIndicator" : false , "telephoneNumber" : "312-265-8668" , "telephoneNumberType" : "Work"} , { "primaryTelephoneNumberIndicator" : false , "telephoneNumber" : "708-741-0568" , "telephoneNumberType" : "Mobile"} , { "primaryTelephoneNumberIndicator" : false , "telephoneNumber" : "708-212-6213" , "telephoneNumberType" : "Emergency 2"} , { "primaryTelephoneNumberIndicator" : false , "telephoneNumber" : "262-360-8911" , "telephoneNumberType" : "Fax"} , { "primaryTelephoneNumberIndicator" : true , "telephoneNumber" : "224-666-4990" , "telephoneNumberType" : "Emergency 1"}] , "birthData" : { "birthDate" : "2005-03-27"}}
{ "sex" : "Male" , "hispanicLatinoEthnicity" : false , "economicDisadvantaged" : false , "section504Disabilities" : [ ] , "entityType" : "student" , "limitedEnglishProficiency" : "Limited" , "race" : [ ] , "id" : "5cb783f415dcb9aa940052a7851cd0fdda0ef306_id" , "studentUniqueStateId" : "100000004" , "address" : [ { "nameOfCounty" : "Cook" , "streetNumberName" : "498 Dorchester Road" , "postalCode" : "60447-1536" , "stateAbbreviation" : "IL" , "addressType" : "Home" , "city" : "Chicago"} , { "nameOfCounty" : "Queens" , "streetNumberName" : "7472 Ross Street" , "postalCode" : "10180-7445" , "stateAbbreviation" : "NY" , "addressType" : "Mailing" , "city" : "New York"}] , "electronicMail" : [ { "emailAddress" : "mhaehn@yahoo.com" , "emailAddressType" : "Organization"} , { "emailAddress" : "malcolm.haehn@gmail.com" , "emailAddressType" : "Home/Personal"}] , "schoolFoodServicesEligibility" : "Free" , "name" : { "lastSurname" : "Haehn" , "firstName" : "Malcolm"} , "telephone" : [ { "primaryTelephoneNumberIndicator" : false , "telephoneNumber" : "262-298-8577" , "telephoneNumberType" : "Unlisted"} , { "primaryTelephoneNumberIndicator" : true , "telephoneNumber" : "219-608-1144" , "telephoneNumberType" : "Unlisted"}] , "birthData" : { "birthDate" : "2005-07-24"}}
{ "sex" : "Male" , "hispanicLatinoEthnicity" : false , "economicDisadvantaged" : false , "section504Disabilities" : [ ] , "entityType" : "student" , "limitedEnglishProficiency" : "NotLimited" , "race" : [ ] , "id" : "38e5c3b95d55f20c60d37d21501f649b55e48bd8_id" , "studentUniqueStateId" : "900000002" , "address" : [ { "nameOfCounty" : "Cook" , "apartmentRoomSuiteNumber" : "APT 5507" , "streetNumberName" : "4899 Brighton 10th Street" , "postalCode" : "60662-4239" , "stateAbbreviation" : "IL" , "addressType" : "Home" , "city" : "Chicago"}] , "electronicMail" : [ { "emailAddress" : "Vernell.Boseman@gmail.com" , "emailAddressType" : "Home/Personal"}] , "schoolFoodServicesEligibility" : "Reduced price" , "name" : { "middleName" : "Michael" , "lastSurname" : "Boseman" , "firstName" : "Vernell"} , "telephone" : [ { "primaryTelephoneNumberIndicator" : true , "telephoneNumber" : "219-873-5319" , "telephoneNumberType" : "Work"} , { "primaryTelephoneNumberIndicator" : false , "telephoneNumber" : "773-124-0066" , "telephoneNumberType" : "Unlisted"} , { "primaryTelephoneNumberIndicator" : false , "telephoneNumber" : "847-891-9187" , "telephoneNumberType" : "Emergency 1"}] , "birthData" : { "birthDate" : "1995-07-02"}}
{ "sex" : "Female" , "hispanicLatinoEthnicity" : true , "economicDisadvantaged" : false , "section504Disabilities" : [ ] , "entityType" : "student" , "limitedEnglishProficiency" : "NotLimited" , "race" : [ ] , "id" : "2474c3b2906eab72c1ee4b06a5c4ebf02d02aace_id" , "studentUniqueStateId" : "900000016" , "address" : [ ] , "electronicMail" : [ { "emailAddress" : "c.ortiz@gmail.com" , "emailAddressType" : "Home/Personal"}] , "name" : { "middleName" : "Daniella" , "lastSurname" : "Ortiz" , "firstName" : "Carmen"} , "schoolFoodServicesEligibility" : "Full price" , "telephone" : [ { "primaryTelephoneNumberIndicator" : true , "telephoneNumber" : "309-555-9372" , "telephoneNumberType" : "Other"}] , "birthData" : { "birthDate" : "1996-01-22"}}
{ "sex" : "Male" , "hispanicLatinoEthnicity" : false , "economicDisadvantaged" : false , "section504Disabilities" : [ ] , "entityType" : "student" , "limitedEnglishProficiency" : "NotLimited" , "race" : [ ] , "id" : "0c93f4ca943a22e75b979fb468e7dc949c479bb9_id" , "studentUniqueStateId" : "800000022" , "address" : [ { "nameOfCounty" : "Cook" , "apartmentRoomSuiteNumber" : "APT 334" , "streetNumberName" : "19 McDougall Place" , "postalCode" : "60851-4437" , "stateAbbreviation" : "IL" , "addressType" : "Mailing" , "city" : "Chicago"}] , "electronicMail" : [ { "emailAddress" : "g.saltazor@gmail.com" , "emailAddressType" : "Other"}] , "schoolFoodServicesEligibility" : "Full price" , "name" : { "lastSurname" : "Saltazor" , "firstName" : "Gerardo"} , "telephone" : [ { "primaryTelephoneNumberIndicator" : true , "telephoneNumber" : "312-971-6989" , "telephoneNumberType" : "Home"}] , "birthData" : { "birthDate" : "1999-06-02"}}
{ "sex" : "Female" , "hispanicLatinoEthnicity" : false , "economicDisadvantaged" : false , "section504Disabilities" : [ ] , "entityType" : "student" , "limitedEnglishProficiency" : "NotLimited" , "race" : [ ] , "id" : "c04d5891b6b1f10ce9b9e48b80581cda7788312c_id" , "studentUniqueStateId" : "900000004" , "address" : [ ] , "electronicMail" : [ { "emailAddress" : "charlac@yahoo.com" , "emailAddressType" : "Other"} , { "emailAddress" : "charla.christoff@yahoo.com" , "emailAddressType" : "Home/Personal"}] , "name" : { "lastSurname" : "Christoff" , "firstName" : "Charla"} , "schoolFoodServicesEligibility" : "Full price" , "telephone" : [ ] , "birthData" : { "birthDate" : "1997-04-12"}}
{ "sex" : "Male" , "hispanicLatinoEthnicity" : true , "economicDisadvantaged" : false , "section504Disabilities" : [ ] , "entityType" : "student" , "limitedEnglishProficiency" : "NotLimited" , "race" : [ ] , "id" : "f22261db5e5444490261528ead4949cc114ec415_id" , "studentUniqueStateId" : "900000003" , "address" : [ { "nameOfCounty" : "Cook" , "streetNumberName" : "9480 Church Lane" , "postalCode" : "60659-2020" , "stateAbbreviation" : "IL" , "addressType" : "Billing" , "city" : "Chicago"} , { "nameOfCounty" : "Bronx" , "streetNumberName" : "9054 Tech Place" , "postalCode" : "10604-3953" , "stateAbbreviation" : "NY" , "addressType" : "Home" , "city" : "New York"}] , "electronicMail" : [ { "emailAddress" : "jcallejas@gmail.com" , "emailAddressType" : "Home/Personal"}] , "schoolFoodServicesEligibility" : "Reduced price" , "name" : { "middleName" : "Michael" , "lastSurname" : "Callejas" , "firstName" : "Johnathan"} , "telephone" : [ { "primaryTelephoneNumberIndicator" : false , "telephoneNumber" : "708-313-2495" , "telephoneNumberType" : "Emergency 1"} , { "primaryTelephoneNumberIndicator" : true , "telephoneNumber" : "262-056-9270" , "telephoneNumberType" : "Home"}] , "birthData" : { "birthDate" : "1995-07-02"}}
{ "sex" : "Male" , "hispanicLatinoEthnicity" : false , "economicDisadvantaged" : true , "section504Disabilities" : [ ] , "entityType" : "student" , "limitedEnglishProficiency" : "Limited" , "race" : [ ] , "id" : "5074e6ecf88fc4f5ffc00fef643516266d8ae094_id" , "studentUniqueStateId" : "800000003" , "address" : [ { "nameOfCounty" : "Cook" , "streetNumberName" : "6243 98th Street" , "postalCode" : "60248-9017" , "stateAbbreviation" : "IL" , "addressType" : "Mailing" , "city" : "Chicago"} , { "nameOfCounty" : "Bronx" , "apartmentRoomSuiteNumber" : "APT 878" , "streetNumberName" : "2738 Duryea Place" , "postalCode" : "10395-8698" , "stateAbbreviation" : "NY" , "addressType" : "Home" , "city" : "New York"}] , "electronicMail" : [ { "emailAddress" : "Rudy_Bedoya@yahoo.com" , "emailAddressType" : "Other"}] , "schoolFoodServicesEligibility" : "Reduced price" , "name" : { "generationCodeSuffix" : "Jr" , "lastSurname" : "Bedoya" , "firstName" : "Rudy"} , "telephone" : [ { "primaryTelephoneNumberIndicator" : false , "telephoneNumber" : "224-531-2436" , "telephoneNumberType" : "Fax"} , { "primaryTelephoneNumberIndicator" : false , "telephoneNumber" : "574-500-6964" , "telephoneNumberType" : "Work"} , { "primaryTelephoneNumberIndicator" : false , "telephoneNumber" : "219-782-8585" , "telephoneNumberType" : "Other"} , { "primaryTelephoneNumberIndicator" : true , "telephoneNumber" : "331-747-1945" , "telephoneNumberType" : "Home"}] , "birthData" : { "birthDate" : "1994-05-17"}}
{ "sex" : "Male" , "hispanicLatinoEthnicity" : false , "economicDisadvantaged" : true , "section504Disabilities" : [ ] , "entityType" : "student" , "limitedEnglishProficiency" : "NotLimited" , "race" : [ ] , "id" : "e53be010bfee4087aa4891919d8b3ea9592fafad_id" , "studentUniqueStateId" : "800000005" , "address" : [ ] , "electronicMail" : [ { "emailAddress" : "Dominic_Brisendine@yahoo.com" , "emailAddressType" : "Work"} , { "emailAddress" : "Dominic_Brisendine@yahoo.com" , "emailAddressType" : "Other"} , { "emailAddress" : "D.Brisendine@gmail.com" , "emailAddressType" : "Organization"}] , "name" : { "generationCodeSuffix" : "Jr" , "lastSurname" : "Brisendine" , "firstName" : "Dominic"} , "schoolFoodServicesEligibility" : "Unknown" , "telephone" : [ { "primaryTelephoneNumberIndicator" : false , "telephoneNumber" : "708-449-6315" , "telephoneNumberType" : "Fax"} , { "primaryTelephoneNumberIndicator" : true , "telephoneNumber" : "779-024-9453" , "telephoneNumberType" : "Home"} , { "primaryTelephoneNumberIndicator" : false , "telephoneNumber" : "574-623-2533" , "telephoneNumberType" : "Emergency 2"} , { "primaryTelephoneNumberIndicator" : false , "telephoneNumber" : "847-608-1367" , "telephoneNumberType" : "Fax"} , { "primaryTelephoneNumberIndicator" : false , "telephoneNumber" : "779-086-7712" , "telephoneNumberType" : "Mobile"} , { "primaryTelephoneNumberIndicator" : false , "telephoneNumber" : "312-974-2746" , "telephoneNumberType" : "Emergency 1"}] , "birthData" : { "birthDate" : "2002-07-05"}}
{ "sex" : "Female" , "hispanicLatinoEthnicity" : true , "economicDisadvantaged" : false , "section504Disabilities" : [ ] , "entityType" : "student" , "limitedEnglishProficiency" : "NotLimited" , "race" : [ ] , "id" : "d106bb3d8cc213f50c49e0fa94c875a35fb64f64_id" , "studentUniqueStateId" : "900000007" , "address" : [ { "nameOfCounty" : "Cook" , "streetNumberName" : "7122 Avenue X" , "postalCode" : "60552-2373" , "stateAbbreviation" : "IL" , "addressType" : "Home" , "city" : "Chicago"} , { "nameOfCounty" : "Bronx" , "streetNumberName" : "6896 Bath Avenue" , "postalCode" : "10031-6756" , "stateAbbreviation" : "NY" , "addressType" : "Physical" , "city" : "New York"}] , "electronicMail" : [ { "emailAddress" : "oraliadiego@gmail.com" , "emailAddressType" : "Other"} , { "emailAddress" : "odiego143@yahoo.com" , "emailAddressType" : "Organization"}] , "name" : { "middleName" : "Jane" , "lastSurname" : "Diego" , "firstName" : "Oralia"} , "schoolFoodServicesEligibility" : "Full price" , "telephone" : [ ] , "birthData" : { "birthDate" : "1996-08-09"}}
{ "sex" : "Male" , "hispanicLatinoEthnicity" : true , "economicDisadvantaged" : true , "section504Disabilities" : [ ] , "entityType" : "student" , "limitedEnglishProficiency" : "Limited" , "race" : [ ] , "id" : "7fb7741b5aea5d17bb01d5775c5df55524604868_id" , "studentUniqueStateId" : "900000024" , "address" : [ { "nameOfCounty" : "Queens" , "streetNumberName" : "5931 Shoreline Avenue" , "postalCode" : "10952-6484" , "stateAbbreviation" : "NY" , "addressType" : "Home" , "city" : "New York"}] , "electronicMail" : [ ] , "name" : { "lastSurname" : "Zenz" , "firstName" : "Johnathan"} , "schoolFoodServicesEligibility" : "Reduced price" , "telephone" : [ ] , "birthData" : { "birthDate" : "1997-06-19"}}
{ "sex" : "Female" , "hispanicLatinoEthnicity" : false , "economicDisadvantaged" : false , "section504Disabilities" : [ ] , "entityType" : "student" , "limitedEnglishProficiency" : "NotLimited" , "race" : [ ] , "id" : "13ad3d6f880f76290f95426200e560f9b83b5278_id" , "studentUniqueStateId" : "800000021" , "address" : [ ] , "electronicMail" : [ { "emailAddress" : "krudesill@gmail.com" , "emailAddressType" : "Other"}] , "name" : { "lastSurname" : "Rudesill" , "firstName" : "Karrie"} , "schoolFoodServicesEligibility" : "Full price" , "telephone" : [ { "primaryTelephoneNumberIndicator" : true , "telephoneNumber" : "573-708-9257" , "telephoneNumberType" : "Mobile"}] , "birthData" : { "birthDate" : "1999-03-12"}}
{ "sex" : "Male" , "hispanicLatinoEthnicity" : false , "economicDisadvantaged" : false , "section504Disabilities" : [ ] , "entityType" : "student" , "limitedEnglishProficiency" : "Limited" , "race" : [ ] , "id" : "54e1b64a3658712d7fdc9ba7504656b0e0474122_id" , "studentUniqueStateId" : "800000006" , "address" : [ { "nameOfCounty" : "Cook" , "streetNumberName" : "4447 Brighton 5th Street" , "postalCode" : "60886-1475" , "stateAbbreviation" : "IL" , "addressType" : "Billing" , "city" : "Chicago"} , { "nameOfCounty" : "Queens" , "streetNumberName" : "9041 Scholes Street" , "postalCode" : "10798-3311" , "stateAbbreviation" : "NY" , "addressType" : "Temporary" , "city" : "New York"}] , "electronicMail" : [ { "emailAddress" : "f.cianciolo@yahoo.com" , "emailAddressType" : "Home/Personal"}] , "name" : { "middleName" : "Melvin" , "lastSurname" : "Cianciolo" , "firstName" : "Felipe"} , "schoolFoodServicesEligibility" : "Reduced price" , "telephone" : [ ] , "birthData" : { "birthDate" : "2002-04-10"}}
{ "sex" : "Female" , "hispanicLatinoEthnicity" : false , "economicDisadvantaged" : false , "section504Disabilities" : [ ] , "entityType" : "student" , "limitedEnglishProficiency" : "NotLimited" , "race" : [ ] , "id" : "c20c4b37f887348b67a02091dc10ee6b27fbd1ce_id" , "studentUniqueStateId" : "800000023" , "address" : [ ] , "electronicMail" : [ ] , "name" : { "lastSurname" : "Scorzelli" , "firstName" : "Samantha"} , "schoolFoodServicesEligibility" : "Full price" , "telephone" : [ { "primaryTelephoneNumberIndicator" : false , "telephoneNumber" : "574-155-7065" , "telephoneNumberType" : "Emergency 1"} , { "primaryTelephoneNumberIndicator" : false , "telephoneNumber" : "262-091-8134" , "telephoneNumberType" : "Unlisted"} , { "primaryTelephoneNumberIndicator" : false , "telephoneNumber" : "708-431-4260" , "telephoneNumberType" : "Other"} , { "primaryTelephoneNumberIndicator" : true , "telephoneNumber" : "262-875-4329" , "telephoneNumberType" : "Mobile"}] , "birthData" : { "birthDate" : "1997-09-23"}}
{ "sex" : "Male" , "hispanicLatinoEthnicity" : false , "economicDisadvantaged" : false , "section504Disabilities" : [ ] , "entityType" : "student" , "limitedEnglishProficiency" : "Limited" , "race" : [ ] , "id" : "23403476a267c45867eb54c82134ab1be8305ed0_id" , "studentUniqueStateId" : "800000004" , "address" : [ ] , "electronicMail" : [ ] , "name" : { "middleName" : "A" , "lastSurname" : "Borc" , "firstName" : "Mayme"} , "schoolFoodServicesEligibility" : "Free" , "telephone" : [ { "primaryTelephoneNumberIndicator" : false , "telephoneNumber" : "708-929-8507" , "telephoneNumberType" : "Other"}] , "birthData" : { "birthDate" : "1999-12-17"}}
{ "sex" : "Male" , "hispanicLatinoEthnicity" : false , "economicDisadvantaged" : false , "section504Disabilities" : [ ] , "entityType" : "student" , "limitedEnglishProficiency" : "NotLimited" , "race" : [ ] , "id" : "64d2603905c991b938ebe54ec85ae1302be09ee5_id" , "studentUniqueStateId" : "900000000" , "address" : [ { "nameOfCounty" : "Cook" , "apartmentRoomSuiteNumber" : "APT 3637" , "streetNumberName" : "3470 Brighton 8th Lane" , "postalCode" : "60765-0772" , "stateAbbreviation" : "IL" , "addressType" : "Home" , "city" : "Chicago"}] , "electronicMail" : [ { "emailAddress" : "dberdan@yahoo.com" , "emailAddressType" : "Home/Personal"}] , "name" : { "middleName" : "R" , "generationCodeSuffix" : "Jr" , "lastSurname" : "Berdan" , "firstName" : "Dominic"} , "schoolFoodServicesEligibility" : "Reduced price" , "telephone" : [ ] , "birthData" : { "birthDate" : "1995-07-02"}}
{ "sex" : "Female" , "hispanicLatinoEthnicity" : false , "economicDisadvantaged" : false , "section504Disabilities" : [ ] , "entityType" : "student" , "limitedEnglishProficiency" : "Limited" , "race" : [ ] , "id" : "0a987f6ee7566f28fc5b652b9a92482c1bdca1d9_id" , "studentUniqueStateId" : "800000008" , "address" : [ { "nameOfCounty" : "Cook" , "streetNumberName" : "7538 Humboldt Street" , "postalCode" : "60836-2298" , "stateAbbreviation" : "IL" , "addressType" : "Home" , "city" : "Chicago"}] , "electronicMail" : [ { "emailAddress" : "L.Consla@yahoo.com" , "emailAddressType" : "Organization"} , { "emailAddress" : "Lyn_Consla@yahoo.com" , "emailAddressType" : "Other"}] , "schoolFoodServicesEligibility" : "Free" , "name" : { "lastSurname" : "Consla" , "firstName" : "Lyn"} , "telephone" : [ { "primaryTelephoneNumberIndicator" : false , "telephoneNumber" : "630-196-0500" , "telephoneNumberType" : "Home"} , { "primaryTelephoneNumberIndicator" : false , "telephoneNumber" : "779-503-8057" , "telephoneNumberType" : "Emergency 1"} , { "primaryTelephoneNumberIndicator" : false , "telephoneNumber" : "219-470-5216" , "telephoneNumberType" : "Emergency 2"} , { "primaryTelephoneNumberIndicator" : false , "telephoneNumber" : "262-007-3326" , "telephoneNumberType" : "Unlisted"} , { "primaryTelephoneNumberIndicator" : false , "telephoneNumber" : "630-971-1951" , "telephoneNumberType" : "Fax"} , { "primaryTelephoneNumberIndicator" : true , "telephoneNumber" : "219-828-9469" , "telephoneNumberType" : "Work"}] , "birthData" : { "birthDate" : "2000-12-20"}}
