{ "studentSectionAssociationId" : "5593b94891e8ba3f7005993e3847df6aaaa3a064_idc377c9c4b343dda726e837f442a171c570a460cd_id" , "objectiveId" : { "learningObjectiveId" : "51a6b7247aa4c7ea0c9ae4d3ff6b953fc16ce6d8_id"} , "competencyLevel" : { "codeValue" : "3"} , "id" : "438836f4d22215eb0b3c6da01a05d7b58accc45a_id" , "entityType" : "studentCompetency"}
{ "studentSectionAssociationId" : "9a0c4a206bf607abc2dd4786ebc1e8506311c618_id5cd63b8dd94e74d07b1c22d4d88f84bff419c5fe_id" , "objectiveId" : { "learningObjectiveId" : "ba5f5fc72efd99f65b9c09fb4f919a75798504fa_id"} , "competencyLevel" : { "codeValue" : "2"} , "id" : "5e407161fb1b2035b21675ad8be0ab30ee1f6690_id" , "entityType" : "studentCompetency"}
{ "studentSectionAssociationId" : "5593b94891e8ba3f7005993e3847df6aaaa3a064_idc377c9c4b343dda726e837f442a171c570a460cd_id" , "objectiveId" : { "learningObjectiveId" : "12bd705021e1d218157bae7eb84eebdd554add2d_id"} , "competencyLevel" : { "codeValue" : "4"} , "id" : "73e722eb772d92ae811031bf9b3de02f5403d760_id" , "entityType" : "studentCompetency"}
{ "studentSectionAssociationId" : "5593b94891e8ba3f7005993e3847df6aaaa3a064_idc377c9c4b343dda726e837f442a171c570a460cd_id" , "objectiveId" : { "learningObjectiveId" : "b68af67f938566298fa70b44014334c43e1b7e15_id"} , "competencyLevel" : { "codeValue" : "3"} , "id" : "07552cd3d857909f391679be8db699cd7fc5b9de_id" , "entityType" : "studentCompetency"}
{ "studentSectionAssociationId" : "9a0c4a206bf607abc2dd4786ebc1e8506311c618_id5cd63b8dd94e74d07b1c22d4d88f84bff419c5fe_id" , "objectiveId" : { "learningObjectiveId" : "6b6d1b721c422d9e203a3bbd7c8776a00c239f91_id"} , "competencyLevel" : { "codeValue" : "3"} , "id" : "6fa73dcf38a8096f9e631d049f29f5102e175b37_id" , "entityType" : "studentCompetency"}
{ "studentSectionAssociationId" : "9a0c4a206bf607abc2dd4786ebc1e8506311c618_id5cd63b8dd94e74d07b1c22d4d88f84bff419c5fe_id" , "objectiveId" : { "learningObjectiveId" : "778a19ed0b91b88cef5778ff3e72453e7a80ef5e_id"} , "competencyLevel" : { "codeValue" : "3"} , "id" : "56ea2f4ff1f08e283451384a09b281283aa0f578_id" , "entityType" : "studentCompetency"}
{ "studentSectionAssociationId" : "5593b94891e8ba3f7005993e3847df6aaaa3a064_idc377c9c4b343dda726e837f442a171c570a460cd_id" , "objectiveId" : { "learningObjectiveId" : "e7ca691a652808cedd4fc8abd1275c94f9679e56_id"} , "competencyLevel" : { "codeValue" : "3"} , "id" : "2fedffb0b7ef857760cb2716bd4668f7e7b3fba1_id" , "entityType" : "studentCompetency"}
{ "studentSectionAssociationId" : "9a0c4a206bf607abc2dd4786ebc1e8506311c618_id5cd63b8dd94e74d07b1c22d4d88f84bff419c5fe_id" , "objectiveId" : { "learningObjectiveId" : "feaabb52ffaf90e4a69c2f51b3e49c157ccb0ee3_id"} , "competencyLevel" : { "codeValue" : "3"} , "id" : "197264ddbd741506a5af54e30e794a49b23da29a_id" , "entityType" : "studentCompetency"}
{ "studentSectionAssociationId" : "9a0c4a206bf607abc2dd4786ebc1e8506311c618_id5cd63b8dd94e74d07b1c22d4d88f84bff419c5fe_id" , "objectiveId" : { "learningObjectiveId" : "d1f28a2fe57f37c8aebde0469d8186ba608de2f8_id"} , "competencyLevel" : { "codeValue" : "2"} , "id" : "88dff9dfe711c4ff1a053784fda0fa25d755980b_id" , "entityType" : "studentCompetency"}
{ "studentSectionAssociationId" : "5593b94891e8ba3f7005993e3847df6aaaa3a064_idc377c9c4b343dda726e837f442a171c570a460cd_id" , "objectiveId" : { "learningObjectiveId" : "e60de3d4e9cb1bce108f29f7f9df652a458053a1_id"} , "competencyLevel" : { "codeValue" : "3"} , "id" : "be1914fb72fe0e4c4feafc673c9c09cef44fe482_id" , "entityType" : "studentCompetency"}
{ "studentSectionAssociationId" : "5593b94891e8ba3f7005993e3847df6aaaa3a064_idc377c9c4b343dda726e837f442a171c570a460cd_id" , "objectiveId" : { "learningObjectiveId" : "c32e7c01f058e1c84c20e12a53897a925eeb3083_id"} , "competencyLevel" : { "codeValue" : "3"} , "id" : "57470b871a7a7e91918b3c783f227015c4240cda_id" , "entityType" : "studentCompetency"}
{ "studentSectionAssociationId" : "5593b94891e8ba3f7005993e3847df6aaaa3a064_idc377c9c4b343dda726e837f442a171c570a460cd_id" , "objectiveId" : { "learningObjectiveId" : "447b8a5042f1c762bb9d6c33ac7f3fbec7c6ac62_id"} , "competencyLevel" : { "codeValue" : "3"} , "id" : "fccedaaf8dd85e6d87b69afa1791769a31d041e7_id" , "entityType" : "studentCompetency"}
{ "studentSectionAssociationId" : "5593b94891e8ba3f7005993e3847df6aaaa3a064_idc377c9c4b343dda726e837f442a171c570a460cd_id" , "objectiveId" : { "learningObjectiveId" : "8d2c35bd50154e7da93e6388078da52893af9f15_id"} , "competencyLevel" : { "codeValue" : "3"} , "id" : "38e5b66149b1b28e63372ca4de7a1dd400435312_id" , "entityType" : "studentCompetency"}
{ "studentSectionAssociationId" : "5593b94891e8ba3f7005993e3847df6aaaa3a064_idc377c9c4b343dda726e837f442a171c570a460cd_id" , "objectiveId" : { "learningObjectiveId" : "f51c6ff7f16c5b44a530ec9cd53f523a4c374720_id"} , "competencyLevel" : { "codeValue" : "2"} , "id" : "7f4bccf42b179e1b3870c57bc773eafe173fbdb5_id" , "entityType" : "studentCompetency"}
{ "studentSectionAssociationId" : "9a0c4a206bf607abc2dd4786ebc1e8506311c618_id5cd63b8dd94e74d07b1c22d4d88f84bff419c5fe_id" , "objectiveId" : { "learningObjectiveId" : "ea2c4c269f251ca0acb33a5c09bb34f32450d120_id"} , "competencyLevel" : { "codeValue" : "2"} , "id" : "2a98056039afe00488afa3d96a6b2bdb163c1f0f_id" , "entityType" : "studentCompetency"}
{ "studentSectionAssociationId" : "5593b94891e8ba3f7005993e3847df6aaaa3a064_idc377c9c4b343dda726e837f442a171c570a460cd_id" , "objectiveId" : { "learningObjectiveId" : "83fc5af2bf4bc49df1fd57b0788daca97c62f2da_id"} , "competencyLevel" : { "codeValue" : "3"} , "id" : "fc142e3c9a12b2087bdebde2d10005800843c4ad_id" , "entityType" : "studentCompetency"}
{ "studentSectionAssociationId" : "9a0c4a206bf607abc2dd4786ebc1e8506311c618_id5cd63b8dd94e74d07b1c22d4d88f84bff419c5fe_id" , "objectiveId" : { "learningObjectiveId" : "4e5e8d00a9af97cc0bb8c04b5e8a391cbc43401e_id"} , "competencyLevel" : { "codeValue" : "4"} , "id" : "001b7c61166ddef5a0065049f5b76c4f6d19c572_id" , "entityType" : "studentCompetency"}
{ "studentSectionAssociationId" : "9a0c4a206bf607abc2dd4786ebc1e8506311c618_id5cd63b8dd94e74d07b1c22d4d88f84bff419c5fe_id" , "objectiveId" : { "learningObjectiveId" : "b7628521d4ed39f7c8270990f71530937081b3e5_id"} , "competencyLevel" : { "codeValue" : "3"} , "id" : "4c2eb268891e89394e636372feb9ad9a48b7d884_id" , "entityType" : "studentCompetency"}
{ "studentSectionAssociationId" : "5593b94891e8ba3f7005993e3847df6aaaa3a064_idc377c9c4b343dda726e837f442a171c570a460cd_id" , "objectiveId" : { "learningObjectiveId" : "7db4b686578997d493946ad92424c40bf62cf875_id"} , "competencyLevel" : { "codeValue" : "2"} , "id" : "8b6c600bdcd372587676c918a895f523428adbf0_id" , "entityType" : "studentCompetency"}
{ "studentSectionAssociationId" : "9a0c4a206bf607abc2dd4786ebc1e8506311c618_id5cd63b8dd94e74d07b1c22d4d88f84bff419c5fe_id" , "objectiveId" : { "learningObjectiveId" : "eaf0e1f1814f1523857cfa3a2b1b451fcd7a9a33_id"} , "competencyLevel" : { "codeValue" : "3"} , "id" : "0741a59cb85bb9e27d9c095259bc7e44ba0f128e_id" , "entityType" : "studentCompetency"}
{ "studentSectionAssociationId" : "5593b94891e8ba3f7005993e3847df6aaaa3a064_idc377c9c4b343dda726e837f442a171c570a460cd_id" , "objectiveId" : { "learningObjectiveId" : "41ae6cd228847cbf004d8178c321d400c6752926_id"} , "competencyLevel" : { "codeValue" : "3"} , "id" : "a2938225a52b78d1aaecabb9e3a9b2d9516462fa_id" , "entityType" : "studentCompetency"}
{ "studentSectionAssociationId" : "9a0c4a206bf607abc2dd4786ebc1e8506311c618_id5cd63b8dd94e74d07b1c22d4d88f84bff419c5fe_id" , "objectiveId" : { "learningObjectiveId" : "d70591a401c57295047fc6551f0ff6351627618e_id"} , "competencyLevel" : { "codeValue" : "3"} , "id" : "3e04e407ce1efa613deea4c93e3df81988740b24_id" , "entityType" : "studentCompetency"}
{ "studentSectionAssociationId" : "9a0c4a206bf607abc2dd4786ebc1e8506311c618_id5cd63b8dd94e74d07b1c22d4d88f84bff419c5fe_id" , "objectiveId" : { "learningObjectiveId" : "bc341ded49805658be287a106f707dd0b5e65b9a_id"} , "competencyLevel" : { "codeValue" : "3"} , "id" : "517024d0caadd99a66e4e04a1e0655bbbfcc7a57_id" , "entityType" : "studentCompetency"}
{ "studentSectionAssociationId" : "5593b94891e8ba3f7005993e3847df6aaaa3a064_idc377c9c4b343dda726e837f442a171c570a460cd_id" , "objectiveId" : { "learningObjectiveId" : "c7edfe505abcc2425829bff4bf5add2aab286232_id"} , "competencyLevel" : { "codeValue" : "2"} , "id" : "624c27a207824329f89bb4db3959866d072eeced_id" , "entityType" : "studentCompetency"}
{ "studentSectionAssociationId" : "5593b94891e8ba3f7005993e3847df6aaaa3a064_idc377c9c4b343dda726e837f442a171c570a460cd_id" , "objectiveId" : { "learningObjectiveId" : "b6d15ba3a3f12827921f605d03f421878b328c5d_id"} , "competencyLevel" : { "codeValue" : "3"} , "id" : "648b887bc816dfb213cf3b30b5574c3595164457_id" , "entityType" : "studentCompetency"}
{ "studentSectionAssociationId" : "9a0c4a206bf607abc2dd4786ebc1e8506311c618_id5cd63b8dd94e74d07b1c22d4d88f84bff419c5fe_id" , "objectiveId" : { "learningObjectiveId" : "682e495a82ad8f1b765543c284a3733a40f61584_id"} , "competencyLevel" : { "codeValue" : "2"} , "id" : "6969106a8527e66c4e99b7422a3c332328056d09_id" , "entityType" : "studentCompetency"}
{ "studentSectionAssociationId" : "5593b94891e8ba3f7005993e3847df6aaaa3a064_idc377c9c4b343dda726e837f442a171c570a460cd_id" , "objectiveId" : { "learningObjectiveId" : "9e4b630c63a6f2e284de84aae8e9e1846b33bf1f_id"} , "competencyLevel" : { "codeValue" : "777"} , "id" : "a899667c35703b07c8005ff17abc4f2d0d7b4f21_id" , "entityType" : "studentCompetency"}
{ "studentSectionAssociationId" : "5593b94891e8ba3f7005993e3847df6aaaa3a064_idc377c9c4b343dda726e837f442a171c570a460cd_id" , "objectiveId" : { "learningObjectiveId" : "fb86bea1eeb0a9aed8311a0947aa60f1c7ee1b01_id"} , "competencyLevel" : { "codeValue" : "3"} , "id" : "7e91762f062f349a39f84f5fd2d2d1b8d58d9da9_id" , "entityType" : "studentCompetency"}
{ "studentSectionAssociationId" : "5593b94891e8ba3f7005993e3847df6aaaa3a064_idc377c9c4b343dda726e837f442a171c570a460cd_id" , "objectiveId" : { "learningObjectiveId" : "4e7d2472a29248245ab23c3210ead53defd113df_id"} , "competencyLevel" : { "codeValue" : "2"} , "id" : "3d016706c57902d633589d71447a2d9b806da66b_id" , "entityType" : "studentCompetency"}
{ "studentSectionAssociationId" : "9a0c4a206bf607abc2dd4786ebc1e8506311c618_id5cd63b8dd94e74d07b1c22d4d88f84bff419c5fe_id" , "objectiveId" : { "learningObjectiveId" : "0e28e755898a3be207cbd6491d985a3adc79f5e7_id"} , "competencyLevel" : { "codeValue" : "2"} , "id" : "e1535e379f52de60793265785c4ea063d6dd5a14_id" , "entityType" : "studentCompetency"}
{ "studentSectionAssociationId" : "9a0c4a206bf607abc2dd4786ebc1e8506311c618_id5cd63b8dd94e74d07b1c22d4d88f84bff419c5fe_id" , "objectiveId" : { "learningObjectiveId" : "4846f591f76fb27d838b0b68240dc5ef43d3bac3_id"} , "competencyLevel" : { "codeValue" : "2"} , "id" : "20a3366f01918da6cca8a422baf07b73d4a469a4_id" , "entityType" : "studentCompetency"}
{ "studentSectionAssociationId" : "5593b94891e8ba3f7005993e3847df6aaaa3a064_idc377c9c4b343dda726e837f442a171c570a460cd_id" , "objectiveId" : { "learningObjectiveId" : "313d41d22af361e599066b2e4a8f709cf6cba0e3_id"} , "competencyLevel" : { "codeValue" : "4"} , "id" : "dc98adc5ebaf120fc87bb03e2af6339c49999709_id" , "entityType" : "studentCompetency"}
{ "studentSectionAssociationId" : "5593b94891e8ba3f7005993e3847df6aaaa3a064_idc377c9c4b343dda726e837f442a171c570a460cd_id" , "objectiveId" : { "learningObjectiveId" : "36503c2b256903b63cce044e60a336babcbee77c_id"} , "competencyLevel" : { "codeValue" : "3"} , "id" : "c92e0be1b5ae8e3f18d457ba95aadf723a662ec4_id" , "entityType" : "studentCompetency"}
{ "studentSectionAssociationId" : "9a0c4a206bf607abc2dd4786ebc1e8506311c618_id5cd63b8dd94e74d07b1c22d4d88f84bff419c5fe_id" , "objectiveId" : { "learningObjectiveId" : "e83fd44e3e085c3664fd8ff4fff88b8fa0e07f60_id"} , "competencyLevel" : { "codeValue" : "3"} , "id" : "a1ae4aa2a0098e7941d13f87732043cd5534fd1e_id" , "entityType" : "studentCompetency"}
{ "studentSectionAssociationId" : "9a0c4a206bf607abc2dd4786ebc1e8506311c618_id5cd63b8dd94e74d07b1c22d4d88f84bff419c5fe_id" , "objectiveId" : { "learningObjectiveId" : "b7029405258f3dd300c0e3f7a1773d433379a3c8_id"} , "competencyLevel" : { "codeValue" : "3"} , "id" : "055e5cad8b15f6d3b1f2e2c2c50e87e265524a6c_id" , "entityType" : "studentCompetency"}
{ "studentSectionAssociationId" : "5593b94891e8ba3f7005993e3847df6aaaa3a064_idc377c9c4b343dda726e837f442a171c570a460cd_id" , "objectiveId" : { "learningObjectiveId" : "5aea83b221fef8561ecf37fe681511a1b6504583_id"} , "competencyLevel" : { "codeValue" : "2"} , "id" : "72bc224a6572208a83d70a85f0c85c17f41bf808_id" , "entityType" : "studentCompetency"}
{ "studentSectionAssociationId" : "5593b94891e8ba3f7005993e3847df6aaaa3a064_idc377c9c4b343dda726e837f442a171c570a460cd_id" , "objectiveId" : { "learningObjectiveId" : "d6182c206c55f4abf54a06a505351bc4e4a2e57e_id"} , "competencyLevel" : { "codeValue" : "4"} , "id" : "4ff2b6172145f8443e63a3749307d0fa1d6e932b_id" , "entityType" : "studentCompetency"}
{ "studentSectionAssociationId" : "9a0c4a206bf607abc2dd4786ebc1e8506311c618_id5cd63b8dd94e74d07b1c22d4d88f84bff419c5fe_id" , "objectiveId" : { "learningObjectiveId" : "27705d7586a7aadb60c64a63f3f794a5773f7010_id"} , "competencyLevel" : { "codeValue" : "3"} , "id" : "42ae9292c224508ad62c05e99d1c2d7ca5070839_id" , "entityType" : "studentCompetency"}
{ "studentSectionAssociationId" : "9a0c4a206bf607abc2dd4786ebc1e8506311c618_id5cd63b8dd94e74d07b1c22d4d88f84bff419c5fe_id" , "objectiveId" : { "learningObjectiveId" : "7d18fbc95cff75db544827662e420aba6c5866f2_id"} , "competencyLevel" : { "codeValue" : "2"} , "id" : "e52e6b8280d2d8ecda73963a996f8efe40d50710_id" , "entityType" : "studentCompetency"}
{ "studentSectionAssociationId" : "5593b94891e8ba3f7005993e3847df6aaaa3a064_idc377c9c4b343dda726e837f442a171c570a460cd_id" , "objectiveId" : { "learningObjectiveId" : "53cdd10c87622334165bf7ccebff4dd8c6b8397d_id"} , "competencyLevel" : { "codeValue" : "3"} , "id" : "caf156a3f1c9ab69785030b5590c258efa8e2d32_id" , "entityType" : "studentCompetency"}
{ "studentSectionAssociationId" : "9a0c4a206bf607abc2dd4786ebc1e8506311c618_id5cd63b8dd94e74d07b1c22d4d88f84bff419c5fe_id" , "objectiveId" : { "learningObjectiveId" : "ec92bf6db8b808217cd153b55b3698d2aaf75b8c_id"} , "competencyLevel" : { "codeValue" : "2"} , "id" : "554579a216cf2f40c93b6175dfb80eee6ae0c8ae_id" , "entityType" : "studentCompetency"}
{ "studentSectionAssociationId" : "9a0c4a206bf607abc2dd4786ebc1e8506311c618_id5cd63b8dd94e74d07b1c22d4d88f84bff419c5fe_id" , "objectiveId" : { "learningObjectiveId" : "ab4c77c70518d2a080c2e2214a2f03af784a8800_id"} , "competencyLevel" : { "codeValue" : "2"} , "id" : "b4193e16138f385abbad10d147204c99012fd186_id" , "entityType" : "studentCompetency"}
{ "studentSectionAssociationId" : "9a0c4a206bf607abc2dd4786ebc1e8506311c618_id5cd63b8dd94e74d07b1c22d4d88f84bff419c5fe_id" , "objectiveId" : { "learningObjectiveId" : "63288b3c708efcf93b0e355b1adaade50c6631f6_id"} , "competencyLevel" : { "codeValue" : "2"} , "id" : "e46ad0c4d815d26403b0d5e0d44c2aa50b91ab0f_id" , "entityType" : "studentCompetency"}
{ "studentSectionAssociationId" : "9a0c4a206bf607abc2dd4786ebc1e8506311c618_id5cd63b8dd94e74d07b1c22d4d88f84bff419c5fe_id" , "objectiveId" : { "learningObjectiveId" : "764f534e49e0ae64028ba47da40eb0c7c4a2e647_id"} , "competencyLevel" : { "codeValue" : "2"} , "id" : "d5ec0b12762272f959253df62f061345b2561b40_id" , "entityType" : "studentCompetency"}
{ "studentSectionAssociationId" : "5593b94891e8ba3f7005993e3847df6aaaa3a064_idc377c9c4b343dda726e837f442a171c570a460cd_id" , "objectiveId" : { "studentCompetencyObjectiveId" : "028d7f8e25584d3353c9691e6aab89156029dde8_id"} , "competencyLevel" : { "codeValue" : "3"} , "id" : "0d1963676e1627e9a971d748851f549fdc9528c6_id" , "entityType" : "studentCompetency"}
{ "studentSectionAssociationId" : "5593b94891e8ba3f7005993e3847df6aaaa3a064_idc377c9c4b343dda726e837f442a171c570a460cd_id" , "objectiveId" : { "learningObjectiveId" : "8ef5d091cf8564f7e2819dff5999aeed370b7f56_id"} , "competencyLevel" : { "codeValue" : "4"} , "id" : "471487efb901cfffade4eebc3531d869b75b7c51_id" , "entityType" : "studentCompetency"}
{ "studentSectionAssociationId" : "9a0c4a206bf607abc2dd4786ebc1e8506311c618_id5cd63b8dd94e74d07b1c22d4d88f84bff419c5fe_id" , "objectiveId" : { "learningObjectiveId" : "389afb43877ca63656bf3d6d32d646484ec9da77_id"} , "competencyLevel" : { "codeValue" : "2"} , "id" : "e9a53a2b2c08596993365dce7646545d9b38a8e4_id" , "entityType" : "studentCompetency"}
{ "studentSectionAssociationId" : "9a0c4a206bf607abc2dd4786ebc1e8506311c618_id5cd63b8dd94e74d07b1c22d4d88f84bff419c5fe_id" , "objectiveId" : { "learningObjectiveId" : "70c458c9c7e7e80cc5a7452309df517829547150_id"} , "competencyLevel" : { "codeValue" : "3"} , "id" : "27184dfbb52406752857fcdd7c1a5a01d4fc7966_id" , "entityType" : "studentCompetency"}
{ "studentSectionAssociationId" : "9a0c4a206bf607abc2dd4786ebc1e8506311c618_id5cd63b8dd94e74d07b1c22d4d88f84bff419c5fe_id" , "objectiveId" : { "learningObjectiveId" : "799161f02327a330e5d6c5ffef1fa48f31a3594d_id"} , "competencyLevel" : { "codeValue" : "2"} , "id" : "f3f328c5ff21d856091f9b498150592ff8752d90_id" , "entityType" : "studentCompetency"}
{ "studentSectionAssociationId" : "9a0c4a206bf607abc2dd4786ebc1e8506311c618_id5cd63b8dd94e74d07b1c22d4d88f84bff419c5fe_id" , "objectiveId" : { "learningObjectiveId" : "48bde924545900fabd81572ff6201d92beac4ad6_id"} , "competencyLevel" : { "codeValue" : "3"} , "id" : "d0f3789fe9b1fd9d6226226a7afa234949178e1f_id" , "entityType" : "studentCompetency"}
{ "studentSectionAssociationId" : "5593b94891e8ba3f7005993e3847df6aaaa3a064_idc377c9c4b343dda726e837f442a171c570a460cd_id" , "objectiveId" : { "learningObjectiveId" : "02fe99664eb8150fd6bc8247c373eed855e13886_id"} , "competencyLevel" : { "codeValue" : "2"} , "id" : "55789af6deda69514f299e8c8fea5722c900b8be_id" , "entityType" : "studentCompetency"}
{ "studentSectionAssociationId" : "9a0c4a206bf607abc2dd4786ebc1e8506311c618_id5cd63b8dd94e74d07b1c22d4d88f84bff419c5fe_id" , "objectiveId" : { "learningObjectiveId" : "88c2c3e3f10ec28ffa6b3504b9eda56c8023356a_id"} , "competencyLevel" : { "codeValue" : "2"} , "id" : "fbaf8109d6e483cbd8a136ef41f8179623f044b8_id" , "entityType" : "studentCompetency"}
{ "studentSectionAssociationId" : "5593b94891e8ba3f7005993e3847df6aaaa3a064_idc377c9c4b343dda726e837f442a171c570a460cd_id" , "objectiveId" : { "learningObjectiveId" : "e22098f42831c9e206c5f6390100709bb286de3f_id"} , "competencyLevel" : { "codeValue" : "3"} , "id" : "66210147b9d0a6f002ae57a99b9557d903c57b9a_id" , "entityType" : "studentCompetency"}
{ "studentSectionAssociationId" : "9a0c4a206bf607abc2dd4786ebc1e8506311c618_id5cd63b8dd94e74d07b1c22d4d88f84bff419c5fe_id" , "objectiveId" : { "learningObjectiveId" : "1a4295dd9329cec570c77726fffce72a7d81a9ed_id"} , "competencyLevel" : { "codeValue" : "2"} , "id" : "541d7d765942da1d6de085af045803e3e9dafda9_id" , "entityType" : "studentCompetency"}
{ "studentSectionAssociationId" : "9a0c4a206bf607abc2dd4786ebc1e8506311c618_id5cd63b8dd94e74d07b1c22d4d88f84bff419c5fe_id" , "objectiveId" : { "learningObjectiveId" : "01000e68c53db9dfed4c81a7747697d54693a99b_id"} , "competencyLevel" : { "codeValue" : "3"} , "id" : "903b258c2210db6576f1d0d15436843fbc43d3a5_id" , "entityType" : "studentCompetency"}
{ "studentSectionAssociationId" : "9a0c4a206bf607abc2dd4786ebc1e8506311c618_id5cd63b8dd94e74d07b1c22d4d88f84bff419c5fe_id" , "objectiveId" : { "learningObjectiveId" : "879bcbd97e80ff1ce7f0473f5aada75f0153a962_id"} , "competencyLevel" : { "codeValue" : "4"} , "id" : "4ea7128c0e4a9e9bf42fc03586f7183d5771358b_id" , "entityType" : "studentCompetency"}
{ "studentSectionAssociationId" : "9a0c4a206bf607abc2dd4786ebc1e8506311c618_id5cd63b8dd94e74d07b1c22d4d88f84bff419c5fe_id" , "objectiveId" : { "learningObjectiveId" : "4702587cbdcbcbead4e2aa32aa123d9d12c38b52_id"} , "competencyLevel" : { "codeValue" : "3"} , "id" : "f1e5b286d803b455c8a6e32c0e25e0e629a0298b_id" , "entityType" : "studentCompetency"}
{ "studentSectionAssociationId" : "9a0c4a206bf607abc2dd4786ebc1e8506311c618_id5cd63b8dd94e74d07b1c22d4d88f84bff419c5fe_id" , "objectiveId" : { "learningObjectiveId" : "29c62ff3ada7bfd3788b10425a5c8257056920ae_id"} , "competencyLevel" : { "codeValue" : "3"} , "id" : "0f6a198e77d4306ff3041c0b0b2dafbc66fcc0b6_id" , "entityType" : "studentCompetency"}
{ "studentSectionAssociationId" : "5593b94891e8ba3f7005993e3847df6aaaa3a064_idc377c9c4b343dda726e837f442a171c570a460cd_id" , "objectiveId" : { "learningObjectiveId" : "f54ebdf01d63e6b93d51635b7ba9d740fbf3ce29_id"} , "competencyLevel" : { "codeValue" : "2"} , "id" : "4b02beb890ba6c1da1dd3a20bf839e841f0ee1f7_id" , "entityType" : "studentCompetency"}
{ "studentSectionAssociationId" : "5593b94891e8ba3f7005993e3847df6aaaa3a064_idc377c9c4b343dda726e837f442a171c570a460cd_id" , "objectiveId" : { "learningObjectiveId" : "f767c3c67303b8ddb5f2b122c5bc40c703802d90_id"} , "competencyLevel" : { "codeValue" : "2"} , "id" : "385feb18a671178016204b37410afeaf429eb721_id" , "entityType" : "studentCompetency"}
