{ "cohortId" : "e5c71e5eed5b9ded0b4df10ad97860a80cbd4d6c_id" , "studentId" : "25369655c44d8d9346b356a75b8ac3552bb85e6e_id" , "beginDate" : "2012-01-15" , "id" : "e5c71e5eed5b9ded0b4df10ad97860a80cbd4d6c_iddec7edc03223fd62bb1a9970f91507ec316dce9b_id" , "entityType" : "studentCohortAssociation"}
{ "cohortId" : "e5c71e5eed5b9ded0b4df10ad97860a80cbd4d6c_id" , "studentId" : "c53b9737c4a9ff3cedaf8cae5555c4979b305ce8_id" , "beginDate" : "2011-01-01" , "id" : "e5c71e5eed5b9ded0b4df10ad97860a80cbd4d6c_id965bfacba57c3c23e23748dbf3494327fb9a58d3_id" , "entityType" : "studentCohortAssociation"}
{ "cohortId" : "e5c71e5eed5b9ded0b4df10ad97860a80cbd4d6c_id" , "studentId" : "92a33cae13e838176dbea9ca8b8c354d7420eaa8_id" , "endDate" : "2011-12-31" , "beginDate" : "2011-02-01" , "id" : "e5c71e5eed5b9ded0b4df10ad97860a80cbd4d6c_id8c968eb821819e79ca16f6f88860ede0c4811f6d_id" , "entityType" : "studentCohortAssociation"}
{ "cohortId" : "e097d0f6e1e3d40d58930052eae2d7074eaa901a_id" , "studentId" : "067198fd6da91e1aa8d67e28e850f224d6851713_id" , "beginDate" : "2011-03-01" , "id" : "e097d0f6e1e3d40d58930052eae2d7074eaa901a_id2a512e3a67c63ff8deef538bad759d4ee140f13c_id" , "entityType" : "studentCohortAssociation"}
{ "cohortId" : "e097d0f6e1e3d40d58930052eae2d7074eaa901a_id" , "studentId" : "c20c4b37f887348b67a02091dc10ee6b27fbd1ce_id" , "endDate" : "2012-01-15" , "beginDate" : "2011-04-01" , "id" : "e097d0f6e1e3d40d58930052eae2d7074eaa901a_idbc542a3d675b570fe46b6fe54ec46cf9e7cb710c_id" , "entityType" : "studentCohortAssociation"}
{ "cohortId" : "e097d0f6e1e3d40d58930052eae2d7074eaa901a_id" , "studentId" : "9b38ee8562b14f3201aff4995bac9bbafc3336a0_id" , "beginDate" : "2011-03-15" , "id" : "e097d0f6e1e3d40d58930052eae2d7074eaa901a_iddd965b2f280566e4548dea12aac9169e3b512628_id" , "entityType" : "studentCohortAssociation"}
