{ "disciplineIncidentId" : "71c6e7baacd2d0367a04c056fa365a468dead7b4_id" , "studentParticipationCode" : "Perpetrator" , "studentId" : "6578f984876bbf6f884c1be2ef415dbf4441db89_id" , "behaviors" : [ [ { "codeValue" : "BEH02"}]] , "id" : "6578f984876bbf6f884c1be2ef415dbf4441db89_ide2449a1a6d0e37f388ce871d066a4705aabac16c_id" , "entityType" : "studentDisciplineIncidentAssociation"}
{ "disciplineIncidentId" : "950c9f3ec3c8866d10794a7c053d7745c80f6b91_id" , "studentParticipationCode" : "Victim" , "studentId" : "9699bf2182182c7bb71fc61e8168608b32c0e738_id" , "id" : "9699bf2182182c7bb71fc61e8168608b32c0e738_id037834e6e087a59c900323c141e1f609c1e04e68_id" , "entityType" : "studentDisciplineIncidentAssociation"}
{ "disciplineIncidentId" : "950c9f3ec3c8866d10794a7c053d7745c80f6b91_id" , "studentParticipationCode" : "Witness" , "studentId" : "5ed266b0dc37ab27b1d2c282491dbac0a576a107_id" , "behaviors" : [ [ { "codeValue" : "BEH03"}]] , "id" : "5ed266b0dc37ab27b1d2c282491dbac0a576a107_idcdf0d7f091c46cad499e661a0b66169f855332ef_id" , "entityType" : "studentDisciplineIncidentAssociation"}
{ "disciplineIncidentId" : "950c9f3ec3c8866d10794a7c053d7745c80f6b91_id" , "studentParticipationCode" : "Perpetrator" , "studentId" : "2474c3b2906eab72c1ee4b06a5c4ebf02d02aace_id" , "behaviors" : [ [ { "codeValue" : "BEH01"}]] , "id" : "2474c3b2906eab72c1ee4b06a5c4ebf02d02aace_ide9fb92ec3f88adc4ac5bf7145f3ac668190022ea_id" , "entityType" : "studentDisciplineIncidentAssociation"}
