{ "loginId" : "a" , "sex" : "Female" , "staffUniqueStateId" : "linda.kim" , "hispanicLatinoEthnicity" : false , "highlyQualifiedTeacher" : false , "oldEthnicity" : "Hispanic" , "yearsOfPriorTeachingExperience" : 0 , "race" : [ "Black - African American"] , "yearsOfPriorProfessionalExperience" : 0 , "teacherUniqueStateId" : "a" , "address" : [ { "apartmentRoomSuiteNumber" : "7B" , "streetNumberName" : "101 Elm" , "postalCode" : "99999" , "stateAbbreviation" : "NY" , "closeDate" : "1967-08-13" , "addressType" : "Work" , "openDate" : "1967-08-13" , "city" : "Brooklyn"}] , "name" : { "verification" : "Life insurance policy" , "lastSurname" : "Kim" , "personalTitlePrefix" : "Mrs" , "firstName" : "Linda"} , "electronicMail" : [ { "emailAddress" : "junk@junk.com" , "emailAddressType" : "Organization"}] , "highestLevelOfEducationCompleted" : "No Degree" , "birthDate" : "1956-08-14" , "telephone" : [ { "primaryTelephoneNumberIndicator" : true , "telephoneNumber" : "a" , "telephoneNumberType" : "Fax"}] , "staffIdentificationCode" : [ { "identificationSystem" : "Selective Service" , "ID" : "a" , "assigningOrganizationCode" : "a"}] , "id" : "6757c28005c30748f3bbda02882bf59bc81e0d71_id" , "entityType" : "teacher"}
{ "loginId" : "a" , "sex" : "Female" , "staffUniqueStateId" : "rbraverman" , "hispanicLatinoEthnicity" : false , "highlyQualifiedTeacher" : false , "oldEthnicity" : "White, Not Of Hispanic Origin" , "yearsOfPriorTeachingExperience" : 0 , "race" : [ "Native Hawaiian - Pacific Islander"] , "yearsOfPriorProfessionalExperience" : 0 , "teacherUniqueStateId" : "a" , "address" : [ { "streetNumberName" : "123 Smith Street" , "postalCode" : "12345" , "stateAbbreviation" : "IL" , "closeDate" : "1967-08-13" , "addressType" : "Mailing" , "openDate" : "1967-08-13" , "city" : "Chicago"}] , "name" : { "verification" : "Drivers license" , "lastSurname" : "Braverman" , "personalTitlePrefix" : "Ms" , "firstName" : "Rebecca"} , "electronicMail" : [ { "emailAddress" : "dummy@fake.com" , "emailAddressType" : "Organization"}] , "highestLevelOfEducationCompleted" : "No Degree" , "birthDate" : "1976-01-10" , "telephone" : [ { "primaryTelephoneNumberIndicator" : true , "telephoneNumber" : "a" , "telephoneNumberType" : "Fax"}] , "staffIdentificationCode" : [ { "identificationSystem" : "Canadian SIN" , "ID" : "a" , "assigningOrganizationCode" : "a"}] , "id" : "8107c5ce31cec58d4ac0b647e91b786b03091f02_id" , "entityType" : "teacher"}
{ "loginId" : "a" , "sex" : "Male" , "staffUniqueStateId" : "cgray" , "hispanicLatinoEthnicity" : false , "highlyQualifiedTeacher" : true , "oldEthnicity" : "White, Not Of Hispanic Origin" , "yearsOfPriorTeachingExperience" : 0 , "race" : [ "Native Hawaiian - Pacific Islander"] , "yearsOfPriorProfessionalExperience" : 0 , "teacherUniqueStateId" : "a" , "address" : [ { "streetNumberName" : "123 Smith Street" , "postalCode" : "12345" , "stateAbbreviation" : "IL" , "closeDate" : "1967-08-13" , "addressType" : "Mailing" , "openDate" : "1967-08-13" , "city" : "Chicago"}] , "name" : { "verification" : "Drivers license" , "lastSurname" : "Gray" , "personalTitlePrefix" : "Mr" , "firstName" : "Charles"} , "electronicMail" : [ { "emailAddress" : "dummy@fake.com" , "emailAddressType" : "Organization"}] , "highestLevelOfEducationCompleted" : "No Degree" , "birthDate" : "1975-06-29" , "telephone" : [ { "primaryTelephoneNumberIndicator" : true , "telephoneNumber" : "a" , "telephoneNumberType" : "Fax"}] , "staffIdentificationCode" : [ { "identificationSystem" : "Canadian SIN" , "ID" : "a" , "assigningOrganizationCode" : "a"}] , "id" : "b49545f9d443dfbf93358851c903a9923f6af4dd_id" , "entityType" : "teacher"}
