{ "sectionId" : "b11d9f8e0790f441c72a15a3c2deba5ffa1a5c4a_id" , "classroomPosition" : "Teacher of Record" , "teacherId" : "6757c28005c30748f3bbda02882bf59bc81e0d71_id" , "id" : "b11d9f8e0790f441c72a15a3c2deba5ffa1a5c4a_id09f27aad1cc3054393f9c5d27fadb0c562a1b93e_id" , "entityType" : "teacherSectionAssociation"}
{ "sectionId" : "daa540f6b3c229d854f5bb4ebf55ef32561ae073_id" , "classroomPosition" : "Teacher of Record" , "teacherId" : "8107c5ce31cec58d4ac0b647e91b786b03091f02_id" , "id" : "daa540f6b3c229d854f5bb4ebf55ef32561ae073_id3ecea04278f99975b101a4e8c71afb3141540c7e_id" , "entityType" : "teacherSectionAssociation"}
{ "sectionId" : "c23c8639991de45521fdee908debf495619c864d_id" , "classroomPosition" : "Teacher of Record" , "teacherId" : "6757c28005c30748f3bbda02882bf59bc81e0d71_id" , "id" : "c23c8639991de45521fdee908debf495619c864d_idb7ef9550d90763c6f6387eb69ed47abb65e6f79f_id" , "entityType" : "teacherSectionAssociation"}
{ "sectionId" : "e1d9f0d03b0ac97d8fb87e7a1181bdf3824712ca_id" , "classroomPosition" : "Teacher of Record" , "teacherId" : "8107c5ce31cec58d4ac0b647e91b786b03091f02_id" , "id" : "e1d9f0d03b0ac97d8fb87e7a1181bdf3824712ca_idacda927a9fb3db1ab1615c027f5781a9a90e4a65_id" , "entityType" : "teacherSectionAssociation"}
{ "sectionId" : "84432d70656e1ab68df27cf2584282da351ab684_id" , "classroomPosition" : "Teacher of Record" , "teacherId" : "b49545f9d443dfbf93358851c903a9923f6af4dd_id" , "id" : "84432d70656e1ab68df27cf2584282da351ab684_id49435b808b6dd4ea03b915fc9d4b6ec5fb11d3c5_id" , "entityType" : "teacherSectionAssociation"}
{ "sectionId" : "869bddfd4769f5bbb2d5b46e273fbf776bb55c55_id" , "classroomPosition" : "Teacher of Record" , "teacherId" : "6757c28005c30748f3bbda02882bf59bc81e0d71_id" , "id" : "869bddfd4769f5bbb2d5b46e273fbf776bb55c55_ida18ac5ea9ba150f5b70314170e49d8dcb97c8222_id" , "entityType" : "teacherSectionAssociation"}
{ "sectionId" : "135963f2abd3320ae508546fbff31f37e10b949e_id" , "classroomPosition" : "Teacher of Record" , "teacherId" : "6757c28005c30748f3bbda02882bf59bc81e0d71_id" , "id" : "135963f2abd3320ae508546fbff31f37e10b949e_id107eb8696c809b0bce7431b362b49c32a46ea72f_id" , "entityType" : "teacherSectionAssociation"}
{ "sectionId" : "52b99f7a684553a08a65da4134115248f71c6694_id" , "classroomPosition" : "Teacher of Record" , "teacherId" : "8107c5ce31cec58d4ac0b647e91b786b03091f02_id" , "id" : "52b99f7a684553a08a65da4134115248f71c6694_id031a77c1729b8fa12e5ac2e5d930f1789eda6a11_id" , "entityType" : "teacherSectionAssociation"}
{ "sectionId" : "c2dac1fe114ea757b8c0ee3946479cf5c402c6f1_id" , "classroomPosition" : "Teacher of Record" , "teacherId" : "8107c5ce31cec58d4ac0b647e91b786b03091f02_id" , "id" : "c2dac1fe114ea757b8c0ee3946479cf5c402c6f1_id4eb04164b75fa702e3bd5ff514aae65c7733e6eb_id" , "entityType" : "teacherSectionAssociation"}
{ "sectionId" : "329557018dee4bd3d49b9da47af40d02701bcfd2_id" , "classroomPosition" : "Teacher of Record" , "teacherId" : "6757c28005c30748f3bbda02882bf59bc81e0d71_id" , "id" : "329557018dee4bd3d49b9da47af40d02701bcfd2_id33e4e9d91f02e3d559e3cfdce7bfd8a19a0b5275_id" , "entityType" : "teacherSectionAssociation"}
{ "sectionId" : "5326d70c0ce217608b0bf4d2c512a51b921d03a9_id" , "classroomPosition" : "Teacher of Record" , "teacherId" : "8107c5ce31cec58d4ac0b647e91b786b03091f02_id" , "id" : "5326d70c0ce217608b0bf4d2c512a51b921d03a9_idb6f6e309dcfbcdc4b2f62c7d816e4539ee7ccec2_id" , "entityType" : "teacherSectionAssociation"}
