{ "academicSubjects" : [ ] , "schoolId" : "a13489364c2eb015c219172d561c62350f0453f3_id" , "programAssignment" : "Regular Education" , "teacherId" : "b49545f9d443dfbf93358851c903a9923f6af4dd_id" , "instructionalGradeLevels" : [ ] , "id" : "68bd8fc5cd433b27d98b8b73dd94e8e0d932c22c_id" , "entityType" : "teacherSchoolAssociation"}
{ "academicSubjects" : [ ] , "schoolId" : "352e8570bd1116d11a72755b987902440045d346_id" , "programAssignment" : "Special Education" , "teacherId" : "8107c5ce31cec58d4ac0b647e91b786b03091f02_id" , "instructionalGradeLevels" : [ ] , "id" : "8d8ab1fa8421f7cec1b08424ffa1058480c65cbe_id" , "entityType" : "teacherSchoolAssociation"}
{ "academicSubjects" : [ ] , "schoolId" : "772a61c687ee7ecd8e6d9ad3369f7883409f803b_id" , "programAssignment" : "Regular Education" , "teacherId" : "6757c28005c30748f3bbda02882bf59bc81e0d71_id" , "instructionalGradeLevels" : [ ] , "id" : "93a4133d17303788f99e3b229b9649d46de5f42e_id" , "entityType" : "teacherSchoolAssociation"}
