linda.kim,linda.kim1234,45b02cb0-1bad-4606-a936-094331bd47fe,8cb6bd416e235bad570f43ae60f8e5c3a477ffe9_id,43d4170f44e47ffeb05bd1e746292b23d848aed5_id
cgray,cgray1234,45b02cb0-1bad-4606-a936-094331bd47fe,9903e6965defdcc9f0ebcac8d78858ba7db2ac44_id,55437ace05e759270a14a0e520de682bdeab6848_id
rbraverman,rbraverman1234,45b02cb0-1bad-4606-a936-094331bd47fe,a37acf3149460c928c347b5363daaaeb26c1000c_id,9dd50b8388806629d264faaaaa9f010ded2f3444_id
linda.kim,linda.kim1234,45b02cb0-1bad-4606-a936-094331bd47fe,8cb6bd416e235bad570f43ae60f8e5c3a477ffe9_id,c23dd9d2eb94712c062b5dd178af080d313ec240_id
cgray,cgray1234,45b02cb0-1bad-4606-a936-094331bd47fe,6cd625de6f97c2063f62f5d13955f5ba2f5172bc_id,d9269eb0d2b466f9f3b2489eb64d4bb5010dd53f_id
rbraverman,rbraverman1234,45b02cb0-1bad-4606-a936-094331bd47fe,da0b4b5d70461cfb13a6b94a3e226bebb2096ac4_id,c12ead29664165b548834f75268127d796068cde_id
cgray,cgray1234,45b02cb0-1bad-4606-a936-094331bd47fe,e4d5467fc3751ea947a406997d717629c21e3037_id,6ad3fc1d87c04649ca0f7e2c20a3f9277d77fdc8_id
rbraverman,rbraverman1234,45b02cb0-1bad-4606-a936-094331bd47fe,da0b4b5d70461cfb13a6b94a3e226bebb2096ac4_id,c12ead29664165b548834f75268127d796068cde_id
cgray,cgray1234,45b02cb0-1bad-4606-a936-094331bd47fe,1a68c6ac304bf9f77b938b26dd6999b4a45f25d8_id,6175576ebd335394ef91d7b8461fc1c248131a65_id
rbraverman,rbraverman1234,45b02cb0-1bad-4606-a936-094331bd47fe,b0b4549236e5adefe8442289f254d0117b5afe4f_id,4d01d4cdacc8ab52a5d3dfb2bed8ba4ac380d111_id
jstevenson,jstevenson1234,45b02cb0-1bad-4606-a936-094331bd47fe,51ef10cb0102bce43a563fa6480dd9bb4b3eb3aa_id,402b1d075a02e748bf823aab37b12377baba6482_id
jstevenson,jstevenson1234,45b02cb0-1bad-4606-a936-094331bd47fe,22a233435ef86afc5fadfe49e21246ea0f70ab60_id,0cd87980fd910bf0e1a3bd1d47418b6ada7bc472_id,
jstevenson,jstevenson1234,45b02cb0-1bad-4606-a936-094331bd47fe,fa2ec196f6059439d45f0462f3f03259476b8dc6_id,24251c82b16ab84a29e891c79971e3a0489f790d_id
jstevenson,jstevenson1234,45b02cb0-1bad-4606-a936-094331bd47fe,266db2b5ec58d78712e6e7baf3f0a1b2a51948fd_id,e6c7ad026ee25f0fda2aa2f5bc654be470a7b209_id
rrogers,rrogers1234,45b02cb0-1bad-4606-a936-094331bd47fe,472e8374175aa8490b71f5391dd563d1574ac08c_id,46ad27fb6cfcdcd6e49e5696f2edaa5efbf18660_id
rrogers,rrogers1234,45b02cb0-1bad-4606-a936-094331bd47fe,5ad39d87b0551d9959dbf1e14cbd03a4b6950b32_id,e1da94f0a4b51ae1d7fd4609524a1a5163a9af85_id
rrogers,rrogers1234,45b02cb0-1bad-4606-a936-094331bd47fe,426dfd2efabba3d6418481fdd085e4a5721f4052_id,eb68a5b6f80867c967e68c7004adf8485c3b5879_id
rrogers,rrogers1234,45b02cb0-1bad-4606-a936-094331bd47fe,42825edef2227269ca6af0006fdb7b9884717065_id,90c02013e434e3adce2411fa4ab13f8b48b6f0a0_id
rrogers,rrogers1234,45b02cb0-1bad-4606-a936-094331bd47fe,83341771c463ba45e1c46c1ceb8972cc596d71e3_id,71099fc2298fe77d0834acb41000375ba36ba7d3_id
sbantu,sbantu1234,45b02cb0-1bad-4606-a936-094331bd47fe,bbe42b5ddd0d44660098e3ff78f51dd02832a984_id,5777d98e84a7130ea18eb7d8d469fb6ab3fefdca_id
mgonzales,mgonzales1234,45b02cb0-1bad-4606-a936-094331bd47fe,51ef10cb0102bce43a563fa6480dd9bb4b3eb3aa_id,cd2bbec4fadeb89f5998c573f4087b3093ce2bd1_id
akopel,akopel1234,45b02cb0-1bad-4606-a936-094331bd47fe,a37acf3149460c928c347b5363daaaeb26c1000c_id,615aa1c4f96d6fc5941cce4b08537ce2d46c855e_id
rgorki,rgorki1234,45b02cb0-1bad-4606-a936-094331bd47fe,c88fd8b6c14986bf6515a0ac30afe17017aaabab_id,c2be922d1979243b05d4f82db8a22fe249382384_id
afranco,afranco1234,45b02cb0-1bad-4606-a936-094331bd47fe,bb106121c7273e5f165f38897f6bcc613a6ce413_id,80b131fce66f477a20207fe67f2eaf992e7fc7c7_id
manthony,manthony1234,e5c12cb0-1bad-4606-a936-097b30bd47fe,f1d9d3dd14c4091e22db323e7c442e0d4f8581e0_id,40446030cef098bc47231263d894bebb64deda0e_id
llogan,llogan1234,e5c12cb0-1bad-4606-a936-097b30bd47fe,f1d9d3dd14c4091e22db323e7c442e0d4f8581e0_id,40446030cef098bc47231263d894bebb64deda0e_id
jwashington,jwashington1234,e5c12cb0-1bad-4606-a936-097b30bd47fe,8dee7c0467d602654a67543c9d75c09ff88e3c38_id,c006f8eeffdb2d7fd78356bc7a13a992b1658770_id
ljones,ljones1234,e5c12cb0-1bad-4606-a936-097b30bd47fe,f1d9d3dd14c4091e22db323e7c442e0d4f8581e0_id,40446030cef098bc47231263d894bebb64deda0e_id
mario.sanchez,mario.sanchez1234,e5c12cb0-1bad-4606-a936-097b30bd47f5,06a11551ff538f9f29b9370ec7faac3feeecee04_id,c01579f8e3c1c26397ff753f20ac0f8c0430c3ea_id
eengland,eengland1234,e5c12cb0-1bad-4606-a936-097b30bd47f5,66eb6805c40472de0e3b68cf2066d5c15b09cd44_id,4009b8bf49beeb49f716bb56298ed9095393b5da_id
gcanning,gcanning1234,e5c12cb0-1bad-4606-a936-097b30bd47f5,66eb6805c40472de0e3b68cf2066d5c15b09cd44_id,1474f59ea7c799c23428e72e0ee86ddbd85587b9_id
jbarrera,jbarrera1234,e5c12cb0-1bad-4606-a936-097b30bd47f5,472e8374175aa8490b71f5391dd563d1574ac08c_id,46ad27fb6cfcdcd6e49e5696f2edaa5efbf18660_id
jpratt,jpratt1234,e5c12cb0-1bad-4606-a936-097b30bd47f5,adeaadb59fb9469dc270c0c5eb4a4716dcb4ba98_id,40e1421295a6859951c4f9d4b1b41c2adc98e6be_id
jcarlyle,jcarlyle1234,e5c12cb0-1bad-4606-a936-097b30bd47f5,00a264cc350469134ebb5edbeb0a6e23beebe160_id,8a2f6a20d78c8134ada1c8359f2557a31cfe96ba_id
