<?xml version="1.0"?>
<InterchangeStudentCohort xmlns:xsi="http://www.w3.org/2001/XMLSchema-instance" xmlns="http://ed-fi.org/0100"
xsi:schemaLocation="http://ed-fi.org/0100 ../../sli/edfi-schema/src/main/resources/edfiXsd-SLI/SLI-Interchange-StudentCohort.xsd">
  <Cohort>
    <CohortIdentifier>1</CohortIdentifier>
    <CohortDescription>Cohort 1 at Edorg South Daybreak Elementary</CohortDescription>
    <CohortType>Extracurricular Activity</CohortType>
    <CohortScope>School</CohortScope>
    <EducationOrgReference>
      <EducationalOrgIdentity>
        <StateOrganizationId>South Daybreak Elementary</StateOrganizationId>
      </EducationalOrgIdentity>
    </EducationOrgReference>
  </Cohort>
  <Cohort>
    <CohortIdentifier>2</CohortIdentifier>
    <CohortDescription>Cohort 2 at Edorg South Daybreak Elementary</CohortDescription>
    <CohortType>Counselor List</CohortType>
    <CohortScope>School</CohortScope>
    <EducationOrgReference>
      <EducationalOrgIdentity>
        <StateOrganizationId>South Daybreak Elementary</StateOrganizationId>
      </EducationalOrgIdentity>
    </EducationOrgReference>
  </Cohort>
  <Cohort>
    <CohortIdentifier>3</CohortIdentifier>
    <CohortDescription>Cohort 3 at Edorg South Daybreak Elementary</CohortDescription>
    <CohortType>Study Hall</CohortType>
    <CohortScope>School</CohortScope>
    <EducationOrgReference>
      <EducationalOrgIdentity>
        <StateOrganizationId>South Daybreak Elementary</StateOrganizationId>
      </EducationalOrgIdentity>
    </EducationOrgReference>
  </Cohort>
  <Cohort>
    <CohortIdentifier>1</CohortIdentifier>
    <CohortDescription>Cohort 1 at Edorg East Daybreak Junior High</CohortDescription>
    <CohortType>Extracurricular Activity</CohortType>
    <CohortScope>School</CohortScope>
    <EducationOrgReference>
      <EducationalOrgIdentity>
        <StateOrganizationId>East Daybreak Junior High</StateOrganizationId>
      </EducationalOrgIdentity>
    </EducationOrgReference>
  </Cohort>
  <Cohort>
    <CohortIdentifier>2</CohortIdentifier>
    <CohortDescription>Cohort 2 at Edorg East Daybreak Junior High</CohortDescription>
    <CohortType>Counselor List</CohortType>
    <CohortScope>School</CohortScope>
    <EducationOrgReference>
      <EducationalOrgIdentity>
        <StateOrganizationId>East Daybreak Junior High</StateOrganizationId>
      </EducationalOrgIdentity>
    </EducationOrgReference>
  </Cohort>
  <Cohort>
    <CohortIdentifier>3</CohortIdentifier>
    <CohortDescription>Cohort 3 at Edorg East Daybreak Junior High</CohortDescription>
    <CohortType>Study Hall</CohortType>
    <CohortScope>School</CohortScope>
    <EducationOrgReference>
      <EducationalOrgIdentity>
        <StateOrganizationId>East Daybreak Junior High</StateOrganizationId>
      </EducationalOrgIdentity>
    </EducationOrgReference>
  </Cohort>
  <Cohort>
    <CohortIdentifier>1</CohortIdentifier>
    <CohortDescription>Cohort 1 at Edorg Daybreak Central High</CohortDescription>
    <CohortType>Extracurricular Activity</CohortType>
    <CohortScope>School</CohortScope>
    <EducationOrgReference>
      <EducationalOrgIdentity>
        <StateOrganizationId>Daybreak Central High</StateOrganizationId>
      </EducationalOrgIdentity>
    </EducationOrgReference>
  </Cohort>
  <Cohort>
    <CohortIdentifier>2</CohortIdentifier>
    <CohortDescription>Cohort 2 at Edorg Daybreak Central High</CohortDescription>
    <CohortType>Counselor List</CohortType>
    <CohortScope>School</CohortScope>
    <EducationOrgReference>
      <EducationalOrgIdentity>
        <StateOrganizationId>Daybreak Central High</StateOrganizationId>
      </EducationalOrgIdentity>
    </EducationOrgReference>
  </Cohort>
  <Cohort>
    <CohortIdentifier>3</CohortIdentifier>
    <CohortDescription>Cohort 3 at Edorg Daybreak Central High</CohortDescription>
    <CohortType>Study Hall</CohortType>
    <CohortScope>School</CohortScope>
    <EducationOrgReference>
      <EducationalOrgIdentity>
        <StateOrganizationId>Daybreak Central High</StateOrganizationId>
      </EducationalOrgIdentity>
    </EducationOrgReference>
  </Cohort>
  <StaffCohortAssociation>
    <StaffReference>
      <StaffIdentity>
        <StaffUniqueStateId>mgonzales</StaffUniqueStateId>
      </StaffIdentity>
    </StaffReference>
    <CohortReference>
      <CohortIdentity>
        <CohortIdentifier>1</CohortIdentifier>
          <EducationalOrgReference>
            <EducationalOrgIdentity>
              <StateOrganizationId>South Daybreak Elementary</StateOrganizationId>
            </EducationalOrgIdentity>
          </EducationalOrgReference>
      </CohortIdentity>
    </CohortReference>
    <BeginDate>2001-08-27</BeginDate>
    <EndDate>2002-08-27</EndDate>
    <StudentRecordAccess>true</StudentRecordAccess>
  </StaffCohortAssociation>
  <StaffCohortAssociation>
    <StaffReference>
      <StaffIdentity>
        <StaffUniqueStateId>akopel</StaffUniqueStateId>
      </StaffIdentity>
    </StaffReference>
    <CohortReference>
      <CohortIdentity>
        <CohortIdentifier>2</CohortIdentifier>
          <EducationalOrgReference>
            <EducationalOrgIdentity>
              <StateOrganizationId>South Daybreak Elementary</StateOrganizationId>
            </EducationalOrgIdentity>
          </EducationalOrgReference>
      </CohortIdentity>
    </CohortReference>
    <BeginDate>2001-08-27</BeginDate>
    <EndDate>2002-08-27</EndDate>
    <StudentRecordAccess>true</StudentRecordAccess>
  </StaffCohortAssociation>
  <StaffCohortAssociation>
    <StaffReference>
      <StaffIdentity>
        <StaffUniqueStateId>msmith</StaffUniqueStateId>
      </StaffIdentity>
    </StaffReference>
    <CohortReference>
      <CohortIdentity>
        <CohortIdentifier>3</CohortIdentifier>
          <EducationalOrgReference>
            <EducationalOrgIdentity>
              <StateOrganizationId>South Daybreak Elementary</StateOrganizationId>
            </EducationalOrgIdentity>
          </EducationalOrgReference>
      </CohortIdentity>
    </CohortReference>
    <BeginDate>2001-08-27</BeginDate>
    <EndDate>2002-08-27</EndDate>
    <StudentRecordAccess>true</StudentRecordAccess>
  </StaffCohortAssociation>
  <StaffCohortAssociation>
    <StaffReference>
      <StaffIdentity>
        <StaffUniqueStateId>4</StaffUniqueStateId>
      </StaffIdentity>
    </StaffReference>
    <CohortReference>
      <CohortIdentity>
        <CohortIdentifier>1</CohortIdentifier>
          <EducationalOrgReference>
            <EducationalOrgIdentity>
              <StateOrganizationId>South Daybreak Elementary</StateOrganizationId>
            </EducationalOrgIdentity>
          </EducationalOrgReference>
      </CohortIdentity>
    </CohortReference>
    <BeginDate>2002-09-05</BeginDate>
    <EndDate>2003-09-05</EndDate>
    <StudentRecordAccess>true</StudentRecordAccess>
  </StaffCohortAssociation>
  <StaffCohortAssociation>
    <StaffReference>
      <StaffIdentity>
        <StaffUniqueStateId>5</StaffUniqueStateId>
      </StaffIdentity>
    </StaffReference>
    <CohortReference>
      <CohortIdentity>
        <CohortIdentifier>2</CohortIdentifier>
          <EducationalOrgReference>
            <EducationalOrgIdentity>
              <StateOrganizationId>South Daybreak Elementary</StateOrganizationId>
            </EducationalOrgIdentity>
          </EducationalOrgReference>
      </CohortIdentity>
    </CohortReference>
    <BeginDate>2002-09-05</BeginDate>
    <EndDate>2003-09-05</EndDate>
    <StudentRecordAccess>true</StudentRecordAccess>
  </StaffCohortAssociation>
  <StaffCohortAssociation>
    <StaffReference>
      <StaffIdentity>
        <StaffUniqueStateId>6</StaffUniqueStateId>
      </StaffIdentity>
    </StaffReference>
    <CohortReference>
      <CohortIdentity>
        <CohortIdentifier>3</CohortIdentifier>
          <EducationalOrgReference>
            <EducationalOrgIdentity>
              <StateOrganizationId>South Daybreak Elementary</StateOrganizationId>
            </EducationalOrgIdentity>
          </EducationalOrgReference>
      </CohortIdentity>
    </CohortReference>
    <BeginDate>2002-09-05</BeginDate>
    <EndDate>2003-09-05</EndDate>
    <StudentRecordAccess>true</StudentRecordAccess>
  </StaffCohortAssociation>
  <StaffCohortAssociation>
    <StaffReference>
      <StaffIdentity>
        <StaffUniqueStateId>7</StaffUniqueStateId>
      </StaffIdentity>
    </StaffReference>
    <CohortReference>
      <CohortIdentity>
        <CohortIdentifier>1</CohortIdentifier>
          <EducationalOrgReference>
            <EducationalOrgIdentity>
              <StateOrganizationId>South Daybreak Elementary</StateOrganizationId>
            </EducationalOrgIdentity>
          </EducationalOrgReference>
      </CohortIdentity>
    </CohortReference>
    <BeginDate>2003-09-04</BeginDate>
    <EndDate>2004-09-04</EndDate>
    <StudentRecordAccess>true</StudentRecordAccess>
  </StaffCohortAssociation>
  <StaffCohortAssociation>
    <StaffReference>
      <StaffIdentity>
        <StaffUniqueStateId>8</StaffUniqueStateId>
      </StaffIdentity>
    </StaffReference>
    <CohortReference>
      <CohortIdentity>
        <CohortIdentifier>2</CohortIdentifier>
          <EducationalOrgReference>
            <EducationalOrgIdentity>
              <StateOrganizationId>South Daybreak Elementary</StateOrganizationId>
            </EducationalOrgIdentity>
          </EducationalOrgReference>
      </CohortIdentity>
    </CohortReference>
    <BeginDate>2003-09-04</BeginDate>
    <EndDate>2004-09-04</EndDate>
    <StudentRecordAccess>true</StudentRecordAccess>
  </StaffCohortAssociation>
  <StaffCohortAssociation>
    <StaffReference>
      <StaffIdentity>
        <StaffUniqueStateId>9</StaffUniqueStateId>
      </StaffIdentity>
    </StaffReference>
    <CohortReference>
      <CohortIdentity>
        <CohortIdentifier>3</CohortIdentifier>
          <EducationalOrgReference>
            <EducationalOrgIdentity>
              <StateOrganizationId>South Daybreak Elementary</StateOrganizationId>
            </EducationalOrgIdentity>
          </EducationalOrgReference>
      </CohortIdentity>
    </CohortReference>
    <BeginDate>2003-09-04</BeginDate>
    <EndDate>2004-09-04</EndDate>
    <StudentRecordAccess>true</StudentRecordAccess>
  </StaffCohortAssociation>
  <StaffCohortAssociation>
    <StaffReference>
      <StaffIdentity>
        <StaffUniqueStateId>12</StaffUniqueStateId>
      </StaffIdentity>
    </StaffReference>
    <CohortReference>
      <CohortIdentity>
        <CohortIdentifier>1</CohortIdentifier>
          <EducationalOrgReference>
            <EducationalOrgIdentity>
              <StateOrganizationId>East Daybreak Junior High</StateOrganizationId>
            </EducationalOrgIdentity>
          </EducationalOrgReference>
      </CohortIdentity>
    </CohortReference>
    <BeginDate>2001-08-27</BeginDate>
    <EndDate>2002-08-27</EndDate>
    <StudentRecordAccess>true</StudentRecordAccess>
  </StaffCohortAssociation>
  <StaffCohortAssociation>
    <StaffReference>
      <StaffIdentity>
        <StaffUniqueStateId>13</StaffUniqueStateId>
      </StaffIdentity>
    </StaffReference>
    <CohortReference>
      <CohortIdentity>
        <CohortIdentifier>2</CohortIdentifier>
          <EducationalOrgReference>
            <EducationalOrgIdentity>
              <StateOrganizationId>East Daybreak Junior High</StateOrganizationId>
            </EducationalOrgIdentity>
          </EducationalOrgReference>
      </CohortIdentity>
    </CohortReference>
    <BeginDate>2001-08-27</BeginDate>
    <EndDate>2002-08-27</EndDate>
    <StudentRecordAccess>true</StudentRecordAccess>
  </StaffCohortAssociation>
  <StaffCohortAssociation>
    <StaffReference>
      <StaffIdentity>
        <StaffUniqueStateId>14</StaffUniqueStateId>
      </StaffIdentity>
    </StaffReference>
    <CohortReference>
      <CohortIdentity>
        <CohortIdentifier>3</CohortIdentifier>
          <EducationalOrgReference>
            <EducationalOrgIdentity>
              <StateOrganizationId>East Daybreak Junior High</StateOrganizationId>
            </EducationalOrgIdentity>
          </EducationalOrgReference>
      </CohortIdentity>
    </CohortReference>
    <BeginDate>2001-08-27</BeginDate>
    <EndDate>2002-08-27</EndDate>
    <StudentRecordAccess>true</StudentRecordAccess>
  </StaffCohortAssociation>
  <StaffCohortAssociation>
    <StaffReference>
      <StaffIdentity>
        <StaffUniqueStateId>15</StaffUniqueStateId>
      </StaffIdentity>
    </StaffReference>
    <CohortReference>
      <CohortIdentity>
        <CohortIdentifier>1</CohortIdentifier>
          <EducationalOrgReference>
            <EducationalOrgIdentity>
              <StateOrganizationId>East Daybreak Junior High</StateOrganizationId>
            </EducationalOrgIdentity>
          </EducationalOrgReference>
      </CohortIdentity>
    </CohortReference>
    <BeginDate>2002-09-05</BeginDate>
    <EndDate>2003-09-05</EndDate>
    <StudentRecordAccess>true</StudentRecordAccess>
  </StaffCohortAssociation>
  <StaffCohortAssociation>
    <StaffReference>
      <StaffIdentity>
        <StaffUniqueStateId>16</StaffUniqueStateId>
      </StaffIdentity>
    </StaffReference>
    <CohortReference>
      <CohortIdentity>
        <CohortIdentifier>2</CohortIdentifier>
          <EducationalOrgReference>
            <EducationalOrgIdentity>
              <StateOrganizationId>East Daybreak Junior High</StateOrganizationId>
            </EducationalOrgIdentity>
          </EducationalOrgReference>
      </CohortIdentity>
    </CohortReference>
    <BeginDate>2002-09-05</BeginDate>
    <EndDate>2003-09-05</EndDate>
    <StudentRecordAccess>true</StudentRecordAccess>
  </StaffCohortAssociation>
  <StaffCohortAssociation>
    <StaffReference>
      <StaffIdentity>
        <StaffUniqueStateId>17</StaffUniqueStateId>
      </StaffIdentity>
    </StaffReference>
    <CohortReference>
      <CohortIdentity>
        <CohortIdentifier>3</CohortIdentifier>
          <EducationalOrgReference>
            <EducationalOrgIdentity>
              <StateOrganizationId>East Daybreak Junior High</StateOrganizationId>
            </EducationalOrgIdentity>
          </EducationalOrgReference>
      </CohortIdentity>
    </CohortReference>
    <BeginDate>2002-09-05</BeginDate>
    <EndDate>2003-09-05</EndDate>
    <StudentRecordAccess>true</StudentRecordAccess>
  </StaffCohortAssociation>
  <StaffCohortAssociation>
    <StaffReference>
      <StaffIdentity>
        <StaffUniqueStateId>18</StaffUniqueStateId>
      </StaffIdentity>
    </StaffReference>
    <CohortReference>
      <CohortIdentity>
        <CohortIdentifier>1</CohortIdentifier>
          <EducationalOrgReference>
            <EducationalOrgIdentity>
              <StateOrganizationId>East Daybreak Junior High</StateOrganizationId>
            </EducationalOrgIdentity>
          </EducationalOrgReference>
      </CohortIdentity>
    </CohortReference>
    <BeginDate>2003-09-04</BeginDate>
    <EndDate>2004-09-04</EndDate>
    <StudentRecordAccess>true</StudentRecordAccess>
  </StaffCohortAssociation>
  <StaffCohortAssociation>
    <StaffReference>
      <StaffIdentity>
        <StaffUniqueStateId>19</StaffUniqueStateId>
      </StaffIdentity>
    </StaffReference>
    <CohortReference>
      <CohortIdentity>
        <CohortIdentifier>2</CohortIdentifier>
          <EducationalOrgReference>
            <EducationalOrgIdentity>
              <StateOrganizationId>East Daybreak Junior High</StateOrganizationId>
            </EducationalOrgIdentity>
          </EducationalOrgReference>
      </CohortIdentity>
    </CohortReference>
    <BeginDate>2003-09-04</BeginDate>
    <EndDate>2004-09-04</EndDate>
    <StudentRecordAccess>true</StudentRecordAccess>
  </StaffCohortAssociation>
  <StaffCohortAssociation>
    <StaffReference>
      <StaffIdentity>
        <StaffUniqueStateId>12</StaffUniqueStateId>
      </StaffIdentity>
    </StaffReference>
    <CohortReference>
      <CohortIdentity>
        <CohortIdentifier>3</CohortIdentifier>
          <EducationalOrgReference>
            <EducationalOrgIdentity>
              <StateOrganizationId>East Daybreak Junior High</StateOrganizationId>
            </EducationalOrgIdentity>
          </EducationalOrgReference>
      </CohortIdentity>
    </CohortReference>
    <BeginDate>2003-09-04</BeginDate>
    <EndDate>2004-09-04</EndDate>
    <StudentRecordAccess>true</StudentRecordAccess>
  </StaffCohortAssociation>
  <StaffCohortAssociation>
    <StaffReference>
      <StaffIdentity>
        <StaffUniqueStateId>20</StaffUniqueStateId>
      </StaffIdentity>
    </StaffReference>
    <CohortReference>
      <CohortIdentity>
        <CohortIdentifier>1</CohortIdentifier>
          <EducationalOrgReference>
            <EducationalOrgIdentity>
              <StateOrganizationId>Daybreak Central High</StateOrganizationId>
            </EducationalOrgIdentity>
          </EducationalOrgReference>
      </CohortIdentity>
    </CohortReference>
    <BeginDate>2001-08-27</BeginDate>
    <EndDate>2002-08-27</EndDate>
    <StudentRecordAccess>true</StudentRecordAccess>
  </StaffCohortAssociation>
  <StaffCohortAssociation>
    <StaffReference>
      <StaffIdentity>
        <StaffUniqueStateId>21</StaffUniqueStateId>
      </StaffIdentity>
    </StaffReference>
    <CohortReference>
      <CohortIdentity>
        <CohortIdentifier>2</CohortIdentifier>
          <EducationalOrgReference>
            <EducationalOrgIdentity>
              <StateOrganizationId>Daybreak Central High</StateOrganizationId>
            </EducationalOrgIdentity>
          </EducationalOrgReference>
      </CohortIdentity>
    </CohortReference>
    <BeginDate>2001-08-27</BeginDate>
    <EndDate>2002-08-27</EndDate>
    <StudentRecordAccess>true</StudentRecordAccess>
  </StaffCohortAssociation>
  <StaffCohortAssociation>
    <StaffReference>
      <StaffIdentity>
        <StaffUniqueStateId>22</StaffUniqueStateId>
      </StaffIdentity>
    </StaffReference>
    <CohortReference>
      <CohortIdentity>
        <CohortIdentifier>3</CohortIdentifier>
          <EducationalOrgReference>
            <EducationalOrgIdentity>
              <StateOrganizationId>Daybreak Central High</StateOrganizationId>
            </EducationalOrgIdentity>
          </EducationalOrgReference>
      </CohortIdentity>
    </CohortReference>
    <BeginDate>2001-08-27</BeginDate>
    <EndDate>2002-08-27</EndDate>
    <StudentRecordAccess>true</StudentRecordAccess>
  </StaffCohortAssociation>
  <StaffCohortAssociation>
    <StaffReference>
      <StaffIdentity>
        <StaffUniqueStateId>23</StaffUniqueStateId>
      </StaffIdentity>
    </StaffReference>
    <CohortReference>
      <CohortIdentity>
        <CohortIdentifier>1</CohortIdentifier>
          <EducationalOrgReference>
            <EducationalOrgIdentity>
              <StateOrganizationId>Daybreak Central High</StateOrganizationId>
            </EducationalOrgIdentity>
          </EducationalOrgReference>
      </CohortIdentity>
    </CohortReference>
    <BeginDate>2002-09-05</BeginDate>
    <EndDate>2003-09-05</EndDate>
    <StudentRecordAccess>true</StudentRecordAccess>
  </StaffCohortAssociation>
  <StaffCohortAssociation>
    <StaffReference>
      <StaffIdentity>
        <StaffUniqueStateId>24</StaffUniqueStateId>
      </StaffIdentity>
    </StaffReference>
    <CohortReference>
      <CohortIdentity>
        <CohortIdentifier>2</CohortIdentifier>
          <EducationalOrgReference>
            <EducationalOrgIdentity>
              <StateOrganizationId>Daybreak Central High</StateOrganizationId>
            </EducationalOrgIdentity>
          </EducationalOrgReference>
      </CohortIdentity>
    </CohortReference>
    <BeginDate>2002-09-05</BeginDate>
    <EndDate>2003-09-05</EndDate>
    <StudentRecordAccess>true</StudentRecordAccess>
  </StaffCohortAssociation>
  <StaffCohortAssociation>
    <StaffReference>
      <StaffIdentity>
        <StaffUniqueStateId>25</StaffUniqueStateId>
      </StaffIdentity>
    </StaffReference>
    <CohortReference>
      <CohortIdentity>
        <CohortIdentifier>3</CohortIdentifier>
          <EducationalOrgReference>
            <EducationalOrgIdentity>
              <StateOrganizationId>Daybreak Central High</StateOrganizationId>
            </EducationalOrgIdentity>
          </EducationalOrgReference>
      </CohortIdentity>
    </CohortReference>
    <BeginDate>2002-09-05</BeginDate>
    <EndDate>2003-09-05</EndDate>
    <StudentRecordAccess>true</StudentRecordAccess>
  </StaffCohortAssociation>
  <StaffCohortAssociation>
    <StaffReference>
      <StaffIdentity>
        <StaffUniqueStateId>26</StaffUniqueStateId>
      </StaffIdentity>
    </StaffReference>
    <CohortReference>
      <CohortIdentity>
        <CohortIdentifier>1</CohortIdentifier>
          <EducationalOrgReference>
            <EducationalOrgIdentity>
              <StateOrganizationId>Daybreak Central High</StateOrganizationId>
            </EducationalOrgIdentity>
          </EducationalOrgReference>
      </CohortIdentity>
    </CohortReference>
    <BeginDate>2003-09-04</BeginDate>
    <EndDate>2004-09-04</EndDate>
    <StudentRecordAccess>true</StudentRecordAccess>
  </StaffCohortAssociation>
  <StaffCohortAssociation>
    <StaffReference>
      <StaffIdentity>
        <StaffUniqueStateId>27</StaffUniqueStateId>
      </StaffIdentity>
    </StaffReference>
    <CohortReference>
      <CohortIdentity>
        <CohortIdentifier>2</CohortIdentifier>
          <EducationalOrgReference>
            <EducationalOrgIdentity>
              <StateOrganizationId>Daybreak Central High</StateOrganizationId>
            </EducationalOrgIdentity>
          </EducationalOrgReference>
      </CohortIdentity>
    </CohortReference>
    <BeginDate>2003-09-04</BeginDate>
    <EndDate>2004-09-04</EndDate>
    <StudentRecordAccess>true</StudentRecordAccess>
  </StaffCohortAssociation>
  <StaffCohortAssociation>
    <StaffReference>
      <StaffIdentity>
        <StaffUniqueStateId>20</StaffUniqueStateId>
      </StaffIdentity>
    </StaffReference>
    <CohortReference>
      <CohortIdentity>
        <CohortIdentifier>3</CohortIdentifier>
          <EducationalOrgReference>
            <EducationalOrgIdentity>
              <StateOrganizationId>Daybreak Central High</StateOrganizationId>
            </EducationalOrgIdentity>
          </EducationalOrgReference>
      </CohortIdentity>
    </CohortReference>
    <BeginDate>2003-09-04</BeginDate>
    <EndDate>2004-09-04</EndDate>
    <StudentRecordAccess>true</StudentRecordAccess>
  </StaffCohortAssociation>
  <StudentCohortAssociation>
    <StudentReference>
      <StudentIdentity>
        <StudentUniqueStateId>1</StudentUniqueStateId>
      </StudentIdentity>
    </StudentReference>
    <CohortReference>
      <CohortIdentity>
        <CohortIdentifier>3</CohortIdentifier>
        <EducationalOrgReference>
          <EducationalOrgIdentity>
            <StateOrganizationId>Daybreak Central High</StateOrganizationId>
          </EducationalOrgIdentity>
        </EducationalOrgReference>
      </CohortIdentity>
    </CohortReference>
    <BeginDate>2003-09-04</BeginDate>
    <EndDate>2003-12-03</EndDate>
  </StudentCohortAssociation>
  <StudentCohortAssociation>
    <StudentReference>
      <StudentIdentity>
        <StudentUniqueStateId>2</StudentUniqueStateId>
      </StudentIdentity>
    </StudentReference>
    <CohortReference>
      <CohortIdentity>
        <CohortIdentifier>3</CohortIdentifier>
        <EducationalOrgReference>
          <EducationalOrgIdentity>
            <StateOrganizationId>East Daybreak Junior High</StateOrganizationId>
          </EducationalOrgIdentity>
        </EducationalOrgReference>
      </CohortIdentity>
    </CohortReference>
    <BeginDate>2002-09-05</BeginDate>
    <EndDate>2002-12-04</EndDate>
  </StudentCohortAssociation>
  <StudentCohortAssociation>
    <StudentReference>
      <StudentIdentity>
        <StudentUniqueStateId>3</StudentUniqueStateId>
      </StudentIdentity>
    </StudentReference>
    <CohortReference>
      <CohortIdentity>
        <CohortIdentifier>1</CohortIdentifier>
        <EducationalOrgReference>
          <EducationalOrgIdentity>
            <StateOrganizationId>East Daybreak Junior High</StateOrganizationId>
          </EducationalOrgIdentity>
        </EducationalOrgReference>
      </CohortIdentity>
    </CohortReference>
    <BeginDate>2001-08-27</BeginDate>
    <EndDate>2001-11-25</EndDate>
  </StudentCohortAssociation>
  <StudentCohortAssociation>
    <StudentReference>
      <StudentIdentity>
        <StudentUniqueStateId>3</StudentUniqueStateId>
      </StudentIdentity>
    </StudentReference>
    <CohortReference>
      <CohortIdentity>
        <CohortIdentifier>2</CohortIdentifier>
        <EducationalOrgReference>
          <EducationalOrgIdentity>
            <StateOrganizationId>Daybreak Central High</StateOrganizationId>
          </EducationalOrgIdentity>
        </EducationalOrgReference>
      </CohortIdentity>
    </CohortReference>
    <BeginDate>2003-09-04</BeginDate>
    <EndDate>2003-12-03</EndDate>
  </StudentCohortAssociation>
  <StudentCohortAssociation>
    <StudentReference>
      <StudentIdentity>
        <StudentUniqueStateId>4</StudentUniqueStateId>
      </StudentIdentity>
    </StudentReference>
    <CohortReference>
      <CohortIdentity>
        <CohortIdentifier>1</CohortIdentifier>
        <EducationalOrgReference>
          <EducationalOrgIdentity>
            <StateOrganizationId>Daybreak Central High</StateOrganizationId>
          </EducationalOrgIdentity>
        </EducationalOrgReference>
      </CohortIdentity>
    </CohortReference>
    <BeginDate>2003-09-04</BeginDate>
    <EndDate>2003-12-03</EndDate>
  </StudentCohortAssociation>
  <StudentCohortAssociation>
    <StudentReference>
      <StudentIdentity>
        <StudentUniqueStateId>4</StudentUniqueStateId>
      </StudentIdentity>
    </StudentReference>
    <CohortReference>
      <CohortIdentity>
        <CohortIdentifier>2</CohortIdentifier>
        <EducationalOrgReference>
          <EducationalOrgIdentity>
            <StateOrganizationId>Daybreak Central High</StateOrganizationId>
          </EducationalOrgIdentity>
        </EducationalOrgReference>
      </CohortIdentity>
    </CohortReference>
    <BeginDate>2003-09-04</BeginDate>
    <EndDate>2003-12-03</EndDate>
  </StudentCohortAssociation>
  <StudentCohortAssociation>
    <StudentReference>
      <StudentIdentity>
        <StudentUniqueStateId>5</StudentUniqueStateId>
      </StudentIdentity>
    </StudentReference>
    <CohortReference>
      <CohortIdentity>
        <CohortIdentifier>1</CohortIdentifier>
        <EducationalOrgReference>
          <EducationalOrgIdentity>
            <StateOrganizationId>South Daybreak Elementary</StateOrganizationId>
          </EducationalOrgIdentity>
        </EducationalOrgReference>
      </CohortIdentity>
    </CohortReference>
    <BeginDate>2001-08-27</BeginDate>
    <EndDate>2001-11-25</EndDate>
  </StudentCohortAssociation>
  <StudentCohortAssociation>
    <StudentReference>
      <StudentIdentity>
        <StudentUniqueStateId>6</StudentUniqueStateId>
      </StudentIdentity>
    </StudentReference>
    <CohortReference>
      <CohortIdentity>
        <CohortIdentifier>2</CohortIdentifier>
        <EducationalOrgReference>
          <EducationalOrgIdentity>
            <StateOrganizationId>South Daybreak Elementary</StateOrganizationId>
          </EducationalOrgIdentity>
        </EducationalOrgReference>
      </CohortIdentity>
    </CohortReference>
    <BeginDate>2002-09-05</BeginDate>
    <EndDate>2002-12-04</EndDate>
  </StudentCohortAssociation>
  <StudentCohortAssociation>
    <StudentReference>
      <StudentIdentity>
        <StudentUniqueStateId>6</StudentUniqueStateId>
      </StudentIdentity>
    </StudentReference>
    <CohortReference>
      <CohortIdentity>
        <CohortIdentifier>3</CohortIdentifier>
        <EducationalOrgReference>
          <EducationalOrgIdentity>
            <StateOrganizationId>South Daybreak Elementary</StateOrganizationId>
          </EducationalOrgIdentity>
        </EducationalOrgReference>
      </CohortIdentity>
    </CohortReference>
    <BeginDate>2003-09-04</BeginDate>
    <EndDate>2003-12-03</EndDate>
  </StudentCohortAssociation>
  <StudentCohortAssociation>
    <StudentReference>
      <StudentIdentity>
        <StudentUniqueStateId>7</StudentUniqueStateId>
      </StudentIdentity>
    </StudentReference>
    <CohortReference>
      <CohortIdentity>
        <CohortIdentifier>1</CohortIdentifier>
        <EducationalOrgReference>
          <EducationalOrgIdentity>
            <StateOrganizationId>South Daybreak Elementary</StateOrganizationId>
          </EducationalOrgIdentity>
        </EducationalOrgReference>
      </CohortIdentity>
    </CohortReference>
    <BeginDate>2002-09-05</BeginDate>
    <EndDate>2002-12-04</EndDate>
  </StudentCohortAssociation>
  <StudentCohortAssociation>
    <StudentReference>
      <StudentIdentity>
        <StudentUniqueStateId>7</StudentUniqueStateId>
      </StudentIdentity>
    </StudentReference>
    <CohortReference>
      <CohortIdentity>
        <CohortIdentifier>2</CohortIdentifier>
        <EducationalOrgReference>
          <EducationalOrgIdentity>
            <StateOrganizationId>South Daybreak Elementary</StateOrganizationId>
          </EducationalOrgIdentity>
        </EducationalOrgReference>
      </CohortIdentity>
    </CohortReference>
    <BeginDate>2002-09-05</BeginDate>
    <EndDate>2002-12-04</EndDate>
  </StudentCohortAssociation>
  <StudentCohortAssociation>
    <StudentReference>
      <StudentIdentity>
        <StudentUniqueStateId>7</StudentUniqueStateId>
      </StudentIdentity>
    </StudentReference>
    <CohortReference>
      <CohortIdentity>
        <CohortIdentifier>3</CohortIdentifier>
        <EducationalOrgReference>
          <EducationalOrgIdentity>
            <StateOrganizationId>South Daybreak Elementary</StateOrganizationId>
          </EducationalOrgIdentity>
        </EducationalOrgReference>
      </CohortIdentity>
    </CohortReference>
    <BeginDate>2002-09-05</BeginDate>
    <EndDate>2002-12-04</EndDate>
  </StudentCohortAssociation>
  <StudentCohortAssociation>
    <StudentReference>
      <StudentIdentity>
        <StudentUniqueStateId>7</StudentUniqueStateId>
      </StudentIdentity>
    </StudentReference>
    <CohortReference>
      <CohortIdentity>
        <CohortIdentifier>1</CohortIdentifier>
        <EducationalOrgReference>
          <EducationalOrgIdentity>
            <StateOrganizationId>South Daybreak Elementary</StateOrganizationId>
          </EducationalOrgIdentity>
        </EducationalOrgReference>
      </CohortIdentity>
    </CohortReference>
    <BeginDate>2003-09-04</BeginDate>
    <EndDate>2003-12-03</EndDate>
  </StudentCohortAssociation>
  <StudentCohortAssociation>
    <StudentReference>
      <StudentIdentity>
        <StudentUniqueStateId>8</StudentUniqueStateId>
      </StudentIdentity>
    </StudentReference>
    <CohortReference>
      <CohortIdentity>
        <CohortIdentifier>3</CohortIdentifier>
        <EducationalOrgReference>
          <EducationalOrgIdentity>
            <StateOrganizationId>South Daybreak Elementary</StateOrganizationId>
          </EducationalOrgIdentity>
        </EducationalOrgReference>
      </CohortIdentity>
    </CohortReference>
    <BeginDate>2001-08-27</BeginDate>
    <EndDate>2001-11-25</EndDate>
  </StudentCohortAssociation>
  <StudentCohortAssociation>
    <StudentReference>
      <StudentIdentity>
        <StudentUniqueStateId>8</StudentUniqueStateId>
      </StudentIdentity>
    </StudentReference>
    <CohortReference>
      <CohortIdentity>
        <CohortIdentifier>3</CohortIdentifier>
        <EducationalOrgReference>
          <EducationalOrgIdentity>
            <StateOrganizationId>South Daybreak Elementary</StateOrganizationId>
          </EducationalOrgIdentity>
        </EducationalOrgReference>
      </CohortIdentity>
    </CohortReference>
    <BeginDate>2002-09-05</BeginDate>
    <EndDate>2002-12-04</EndDate>
  </StudentCohortAssociation>
  <StudentCohortAssociation>
    <StudentReference>
      <StudentIdentity>
        <StudentUniqueStateId>8</StudentUniqueStateId>
      </StudentIdentity>
    </StudentReference>
    <CohortReference>
      <CohortIdentity>
        <CohortIdentifier>1</CohortIdentifier>
        <EducationalOrgReference>
          <EducationalOrgIdentity>
            <StateOrganizationId>South Daybreak Elementary</StateOrganizationId>
          </EducationalOrgIdentity>
        </EducationalOrgReference>
      </CohortIdentity>
    </CohortReference>
    <BeginDate>2003-09-04</BeginDate>
    <EndDate>2003-12-03</EndDate>
  </StudentCohortAssociation>
  <StudentCohortAssociation>
    <StudentReference>
      <StudentIdentity>
        <StudentUniqueStateId>9</StudentUniqueStateId>
      </StudentIdentity>
    </StudentReference>
    <CohortReference>
      <CohortIdentity>
        <CohortIdentifier>2</CohortIdentifier>
        <EducationalOrgReference>
          <EducationalOrgIdentity>
            <StateOrganizationId>East Daybreak Junior High</StateOrganizationId>
          </EducationalOrgIdentity>
        </EducationalOrgReference>
      </CohortIdentity>
    </CohortReference>
    <BeginDate>2003-09-04</BeginDate>
    <EndDate>2003-12-03</EndDate>
  </StudentCohortAssociation>
  <StudentCohortAssociation>
    <StudentReference>
      <StudentIdentity>
        <StudentUniqueStateId>10</StudentUniqueStateId>
      </StudentIdentity>
    </StudentReference>
    <CohortReference>
      <CohortIdentity>
        <CohortIdentifier>2</CohortIdentifier>
        <EducationalOrgReference>
          <EducationalOrgIdentity>
            <StateOrganizationId>South Daybreak Elementary</StateOrganizationId>
          </EducationalOrgIdentity>
        </EducationalOrgReference>
      </CohortIdentity>
    </CohortReference>
    <BeginDate>2001-08-27</BeginDate>
    <EndDate>2001-11-25</EndDate>
  </StudentCohortAssociation>
  <StudentCohortAssociation>
    <StudentReference>
      <StudentIdentity>
        <StudentUniqueStateId>10</StudentUniqueStateId>
      </StudentIdentity>
    </StudentReference>
    <CohortReference>
      <CohortIdentity>
        <CohortIdentifier>1</CohortIdentifier>
        <EducationalOrgReference>
          <EducationalOrgIdentity>
            <StateOrganizationId>East Daybreak Junior High</StateOrganizationId>
          </EducationalOrgIdentity>
        </EducationalOrgReference>
      </CohortIdentity>
    </CohortReference>
    <BeginDate>2002-09-05</BeginDate>
    <EndDate>2002-12-04</EndDate>
  </StudentCohortAssociation>
  <StudentCohortAssociation>
    <StudentReference>
      <StudentIdentity>
        <StudentUniqueStateId>10</StudentUniqueStateId>
      </StudentIdentity>
    </StudentReference>
    <CohortReference>
      <CohortIdentity>
        <CohortIdentifier>2</CohortIdentifier>
        <EducationalOrgReference>
          <EducationalOrgIdentity>
            <StateOrganizationId>East Daybreak Junior High</StateOrganizationId>
          </EducationalOrgIdentity>
        </EducationalOrgReference>
      </CohortIdentity>
    </CohortReference>
    <BeginDate>2002-09-05</BeginDate>
    <EndDate>2002-12-04</EndDate>
  </StudentCohortAssociation>
</InterchangeStudentCohort>
