<?xml version="1.0" encoding="utf-8"?>
<InterchangeAssessmentMetadata xmlns="http://ed-fi.org/0100" xmlns:xsi="http://www.w3.org/2001/XMLSchema-instance" xsi:schemaLocation="http://ed-fi.org/0100 C:/Projects/TSDS/trunk/src/Etl/EdFi.Etl.EdFi/Ed-Fi/Interchange-AssessmentMetadata.xsd">
	<Assessment>
		<AssessmentTitle>IB - Biology</AssessmentTitle>
		<AssessmentIdentificationCode IdentificationSystem="Test Contractor">
			<ID>International Baccalaureate Science 9</ID>
		</AssessmentIdentificationCode>
		<AssessmentCategory>International Baccalaureate</AssessmentCategory>
		<AcademicSubject>Science</AcademicSubject>
		<GradeLevelAssessed>Ninth grade</GradeLevelAssessed>
		<ContentStandard>International Baccalaureate</ContentStandard>
		<Version>1</Version>
		<RevisionDate>2008-01-01</RevisionDate>
		<MaxRawScore>5</MaxRawScore>
	</Assessment>
	<Assessment>
		<AssessmentTitle>IB - Biology</AssessmentTitle>
		<AssessmentIdentificationCode IdentificationSystem="Test Contractor">
			<ID>International Baccalaureate Science 10</ID>
		</AssessmentIdentificationCode>
		<AssessmentCategory>International Baccalaureate</AssessmentCategory>
		<AcademicSubject>Science</AcademicSubject>
		<GradeLevelAssessed>Tenth grade</GradeLevelAssessed>
		<ContentStandard>International Baccalaureate</ContentStandard>
		<Version>1</Version>
		<RevisionDate>2008-01-01</RevisionDate>
		<MaxRawScore>5</MaxRawScore>
	</Assessment>
	<Assessment>
		<AssessmentTitle>IB - Biology</AssessmentTitle>
		<AssessmentIdentificationCode IdentificationSystem="Test Contractor">
			<ID>International Baccalaureate Science 11</ID>
		</AssessmentIdentificationCode>
		<AssessmentCategory>International Baccalaureate</AssessmentCategory>
		<AcademicSubject>Science</AcademicSubject>
		<GradeLevelAssessed>Eleventh grade</GradeLevelAssessed>
		<ContentStandard>International Baccalaureate</ContentStandard>
		<Version>1</Version>
		<RevisionDate>2008-01-01</RevisionDate>
		<MaxRawScore>5</MaxRawScore>
	</Assessment>
	<Assessment>
		<AssessmentTitle>IB - Biology</AssessmentTitle>
		<AssessmentIdentificationCode IdentificationSystem="Test Contractor">
			<ID>International Baccalaureate Science 12</ID>
		</AssessmentIdentificationCode>
		<AssessmentCategory>International Baccalaureate</AssessmentCategory>
		<AcademicSubject>Science</AcademicSubject>
		<GradeLevelAssessed>Twelfth grade</GradeLevelAssessed>
		<ContentStandard>International Baccalaureate</ContentStandard>
		<Version>1</Version>
		<RevisionDate>2008-01-01</RevisionDate>
		<MaxRawScore>5</MaxRawScore>
	</Assessment>
	<Assessment>
		<AssessmentTitle>IB - Chemistry</AssessmentTitle>
		<AssessmentIdentificationCode IdentificationSystem="Test Contractor">
			<ID>International Baccalaureate Science 9</ID>
		</AssessmentIdentificationCode>
		<AssessmentCategory>International Baccalaureate</AssessmentCategory>
		<AcademicSubject>Science</AcademicSubject>
		<GradeLevelAssessed>Ninth grade</GradeLevelAssessed>
		<ContentStandard>International Baccalaureate</ContentStandard>
		<Version>1</Version>
		<RevisionDate>2008-01-01</RevisionDate>
		<MaxRawScore>5</MaxRawScore>
	</Assessment>
	<Assessment>
		<AssessmentTitle>IB - Chemistry</AssessmentTitle>
		<AssessmentIdentificationCode IdentificationSystem="Test Contractor">
			<ID>International Baccalaureate Science 10</ID>
		</AssessmentIdentificationCode>
		<AssessmentCategory>International Baccalaureate</AssessmentCategory>
		<AcademicSubject>Science</AcademicSubject>
		<GradeLevelAssessed>Tenth grade</GradeLevelAssessed>
		<ContentStandard>International Baccalaureate</ContentStandard>
		<Version>1</Version>
		<RevisionDate>2008-01-01</RevisionDate>
		<MaxRawScore>5</MaxRawScore>
	</Assessment>
	<Assessment>
		<AssessmentTitle>IB - Chemistry</AssessmentTitle>
		<AssessmentIdentificationCode IdentificationSystem="Test Contractor">
			<ID>International Baccalaureate Science 11</ID>
		</AssessmentIdentificationCode>
		<AssessmentCategory>International Baccalaureate</AssessmentCategory>
		<AcademicSubject>Science</AcademicSubject>
		<GradeLevelAssessed>Eleventh grade</GradeLevelAssessed>
		<ContentStandard>International Baccalaureate</ContentStandard>
		<Version>1</Version>
		<RevisionDate>2008-01-01</RevisionDate>
		<MaxRawScore>5</MaxRawScore>
	</Assessment>
	<Assessment>
		<AssessmentTitle>IB - Chemistry</AssessmentTitle>
		<AssessmentIdentificationCode IdentificationSystem="Test Contractor">
			<ID>International Baccalaureate Science 12</ID>
		</AssessmentIdentificationCode>
		<AssessmentCategory>International Baccalaureate</AssessmentCategory>
		<AcademicSubject>Science</AcademicSubject>
		<GradeLevelAssessed>Twelfth grade</GradeLevelAssessed>
		<ContentStandard>International Baccalaureate</ContentStandard>
		<Version>1</Version>
		<RevisionDate>2008-01-01</RevisionDate>
		<MaxRawScore>5</MaxRawScore>
	</Assessment>
	<Assessment>
		<AssessmentTitle>IB - English A1</AssessmentTitle>
		<AssessmentIdentificationCode IdentificationSystem="Test Contractor">
			<ID>International Baccalaureate ELA 9</ID>
		</AssessmentIdentificationCode>
		<AssessmentCategory>International Baccalaureate</AssessmentCategory>
		<AcademicSubject>ELA</AcademicSubject>
		<GradeLevelAssessed>Ninth grade</GradeLevelAssessed>
		<ContentStandard>International Baccalaureate</ContentStandard>
		<Version>1</Version>
		<RevisionDate>2008-01-01</RevisionDate>
		<MaxRawScore>5</MaxRawScore>
	</Assessment>
	<Assessment>
		<AssessmentTitle>IB - English A1</AssessmentTitle>
		<AssessmentIdentificationCode IdentificationSystem="Test Contractor">
			<ID>International Baccalaureate ELA 10</ID>
		</AssessmentIdentificationCode>
		<AssessmentCategory>International Baccalaureate</AssessmentCategory>
		<AcademicSubject>ELA</AcademicSubject>
		<GradeLevelAssessed>Tenth grade</GradeLevelAssessed>
		<ContentStandard>International Baccalaureate</ContentStandard>
		<Version>1</Version>
		<RevisionDate>2008-01-01</RevisionDate>
		<MaxRawScore>5</MaxRawScore>
	</Assessment>
	<Assessment>
		<AssessmentTitle>IB - English A1</AssessmentTitle>
		<AssessmentIdentificationCode IdentificationSystem="Test Contractor">
			<ID>International Baccalaureate ELA 11</ID>
		</AssessmentIdentificationCode>
		<AssessmentCategory>International Baccalaureate</AssessmentCategory>
		<AcademicSubject>ELA</AcademicSubject>
		<GradeLevelAssessed>Eleventh grade</GradeLevelAssessed>
		<ContentStandard>International Baccalaureate</ContentStandard>
		<Version>1</Version>
		<RevisionDate>2008-01-01</RevisionDate>
		<MaxRawScore>5</MaxRawScore>
	</Assessment>
	<Assessment>
		<AssessmentTitle>IB - English A1</AssessmentTitle>
		<AssessmentIdentificationCode IdentificationSystem="Test Contractor">
			<ID>International Baccalaureate ELA 12</ID>
		</AssessmentIdentificationCode>
		<AssessmentCategory>International Baccalaureate</AssessmentCategory>
		<AcademicSubject>ELA</AcademicSubject>
		<GradeLevelAssessed>Twelfth grade</GradeLevelAssessed>
		<ContentStandard>International Baccalaureate</ContentStandard>
		<Version>1</Version>
		<RevisionDate>2008-01-01</RevisionDate>
		<MaxRawScore>5</MaxRawScore>
	</Assessment>
	<Assessment>
		<AssessmentTitle>IB - English A2</AssessmentTitle>
		<AssessmentIdentificationCode IdentificationSystem="Test Contractor">
			<ID>International Baccalaureate ELA 9</ID>
		</AssessmentIdentificationCode>
		<AssessmentCategory>International Baccalaureate</AssessmentCategory>
		<AcademicSubject>ELA</AcademicSubject>
		<GradeLevelAssessed>Ninth grade</GradeLevelAssessed>
		<ContentStandard>International Baccalaureate</ContentStandard>
		<Version>1</Version>
		<RevisionDate>2008-01-01</RevisionDate>
		<MaxRawScore>5</MaxRawScore>
	</Assessment>
	<Assessment>
		<AssessmentTitle>IB - English A2</AssessmentTitle>
		<AssessmentIdentificationCode IdentificationSystem="Test Contractor">
			<ID>International Baccalaureate ELA 10</ID>
		</AssessmentIdentificationCode>
		<AssessmentCategory>International Baccalaureate</AssessmentCategory>
		<AcademicSubject>ELA</AcademicSubject>
		<GradeLevelAssessed>Tenth grade</GradeLevelAssessed>
		<ContentStandard>International Baccalaureate</ContentStandard>
		<Version>1</Version>
		<RevisionDate>2008-01-01</RevisionDate>
		<MaxRawScore>5</MaxRawScore>
	</Assessment>
	<Assessment>
		<AssessmentTitle>IB - English A2</AssessmentTitle>
		<AssessmentIdentificationCode IdentificationSystem="Test Contractor">
			<ID>International Baccalaureate ELA 11</ID>
		</AssessmentIdentificationCode>
		<AssessmentCategory>International Baccalaureate</AssessmentCategory>
		<AcademicSubject>ELA</AcademicSubject>
		<GradeLevelAssessed>Eleventh grade</GradeLevelAssessed>
		<ContentStandard>International Baccalaureate</ContentStandard>
		<Version>1</Version>
		<RevisionDate>2008-01-01</RevisionDate>
		<MaxRawScore>5</MaxRawScore>
	</Assessment>
	<Assessment>
		<AssessmentTitle>IB - English A2</AssessmentTitle>
		<AssessmentIdentificationCode IdentificationSystem="Test Contractor">
			<ID>International Baccalaureate ELA 12</ID>
		</AssessmentIdentificationCode>
		<AssessmentCategory>International Baccalaureate</AssessmentCategory>
		<AcademicSubject>ELA</AcademicSubject>
		<GradeLevelAssessed>Twelfth grade</GradeLevelAssessed>
		<ContentStandard>International Baccalaureate</ContentStandard>
		<Version>1</Version>
		<RevisionDate>2008-01-01</RevisionDate>
		<MaxRawScore>5</MaxRawScore>
	</Assessment>
	<Assessment>
		<AssessmentTitle>IB - Film</AssessmentTitle>
		<AssessmentIdentificationCode IdentificationSystem="Test Contractor">
			<ID>International Baccalaureate Other 9</ID>
		</AssessmentIdentificationCode>
		<AssessmentCategory>International Baccalaureate</AssessmentCategory>
		<AcademicSubject>Other</AcademicSubject>
		<GradeLevelAssessed>Ninth grade</GradeLevelAssessed>
		<ContentStandard>International Baccalaureate</ContentStandard>
		<Version>1</Version>
		<RevisionDate>2008-01-01</RevisionDate>
		<MaxRawScore>5</MaxRawScore>
	</Assessment>
	<Assessment>
		<AssessmentTitle>IB - Film</AssessmentTitle>
		<AssessmentIdentificationCode IdentificationSystem="Test Contractor">
			<ID>International Baccalaureate Other 10</ID>
		</AssessmentIdentificationCode>
		<AssessmentCategory>International Baccalaureate</AssessmentCategory>
		<AcademicSubject>Other</AcademicSubject>
		<GradeLevelAssessed>Tenth grade</GradeLevelAssessed>
		<ContentStandard>International Baccalaureate</ContentStandard>
		<Version>1</Version>
		<RevisionDate>2008-01-01</RevisionDate>
		<MaxRawScore>5</MaxRawScore>
	</Assessment>
	<Assessment>
		<AssessmentTitle>IB - Film</AssessmentTitle>
		<AssessmentIdentificationCode IdentificationSystem="Test Contractor">
			<ID>International Baccalaureate Other 11</ID>
		</AssessmentIdentificationCode>
		<AssessmentCategory>International Baccalaureate</AssessmentCategory>
		<AcademicSubject>Other</AcademicSubject>
		<GradeLevelAssessed>Eleventh grade</GradeLevelAssessed>
		<ContentStandard>International Baccalaureate</ContentStandard>
		<Version>1</Version>
		<RevisionDate>2008-01-01</RevisionDate>
		<MaxRawScore>5</MaxRawScore>
	</Assessment>
	<Assessment>
		<AssessmentTitle>IB - Film</AssessmentTitle>
		<AssessmentIdentificationCode IdentificationSystem="Test Contractor">
			<ID>International Baccalaureate Other 12</ID>
		</AssessmentIdentificationCode>
		<AssessmentCategory>International Baccalaureate</AssessmentCategory>
		<AcademicSubject>Other</AcademicSubject>
		<GradeLevelAssessed>Twelfth grade</GradeLevelAssessed>
		<ContentStandard>International Baccalaureate</ContentStandard>
		<Version>1</Version>
		<RevisionDate>2008-01-01</RevisionDate>
		<MaxRawScore>5</MaxRawScore>
	</Assessment>
	<Assessment>
		<AssessmentTitle>IB - French B</AssessmentTitle>
		<AssessmentIdentificationCode IdentificationSystem="Test Contractor">
			<ID>International Baccalaureate Other 9</ID>
		</AssessmentIdentificationCode>
		<AssessmentCategory>International Baccalaureate</AssessmentCategory>
		<AcademicSubject>Other</AcademicSubject>
		<GradeLevelAssessed>Ninth grade</GradeLevelAssessed>
		<ContentStandard>International Baccalaureate</ContentStandard>
		<Version>1</Version>
		<RevisionDate>2008-01-01</RevisionDate>
		<MaxRawScore>5</MaxRawScore>
	</Assessment>
	<Assessment>
		<AssessmentTitle>IB - French B</AssessmentTitle>
		<AssessmentIdentificationCode IdentificationSystem="Test Contractor">
			<ID>International Baccalaureate Other 10</ID>
		</AssessmentIdentificationCode>
		<AssessmentCategory>International Baccalaureate</AssessmentCategory>
		<AcademicSubject>Other</AcademicSubject>
		<GradeLevelAssessed>Tenth grade</GradeLevelAssessed>
		<ContentStandard>International Baccalaureate</ContentStandard>
		<Version>1</Version>
		<RevisionDate>2008-01-01</RevisionDate>
		<MaxRawScore>5</MaxRawScore>
	</Assessment>
	<Assessment>
		<AssessmentTitle>IB - French B</AssessmentTitle>
		<AssessmentIdentificationCode IdentificationSystem="Test Contractor">
			<ID>International Baccalaureate Other 11</ID>
		</AssessmentIdentificationCode>
		<AssessmentCategory>International Baccalaureate</AssessmentCategory>
		<AcademicSubject>Other</AcademicSubject>
		<GradeLevelAssessed>Eleventh grade</GradeLevelAssessed>
		<ContentStandard>International Baccalaureate</ContentStandard>
		<Version>1</Version>
		<RevisionDate>2008-01-01</RevisionDate>
		<MaxRawScore>5</MaxRawScore>
	</Assessment>
	<Assessment>
		<AssessmentTitle>IB - French B</AssessmentTitle>
		<AssessmentIdentificationCode IdentificationSystem="Test Contractor">
			<ID>International Baccalaureate Other 12</ID>
		</AssessmentIdentificationCode>
		<AssessmentCategory>International Baccalaureate</AssessmentCategory>
		<AcademicSubject>Other</AcademicSubject>
		<GradeLevelAssessed>Twelfth grade</GradeLevelAssessed>
		<ContentStandard>International Baccalaureate</ContentStandard>
		<Version>1</Version>
		<RevisionDate>2008-01-01</RevisionDate>
		<MaxRawScore>5</MaxRawScore>
	</Assessment>
	<Assessment>
		<AssessmentTitle>IB - History</AssessmentTitle>
		<AssessmentIdentificationCode IdentificationSystem="Test Contractor">
			<ID>International Baccalaureate Social 9</ID>
		</AssessmentIdentificationCode>
		<AssessmentCategory>International Baccalaureate</AssessmentCategory>
		<AcademicSubject>Social Studies</AcademicSubject>
		<GradeLevelAssessed>Ninth grade</GradeLevelAssessed>
		<ContentStandard>International Baccalaureate</ContentStandard>
		<Version>1</Version>
		<RevisionDate>2008-01-01</RevisionDate>
		<MaxRawScore>5</MaxRawScore>
	</Assessment>
	<Assessment>
		<AssessmentTitle>IB - History</AssessmentTitle>
		<AssessmentIdentificationCode IdentificationSystem="Test Contractor">
			<ID>International Baccalaureate Social 10</ID>
		</AssessmentIdentificationCode>
		<AssessmentCategory>International Baccalaureate</AssessmentCategory>
		<AcademicSubject>Social Studies</AcademicSubject>
		<GradeLevelAssessed>Tenth grade</GradeLevelAssessed>
		<ContentStandard>International Baccalaureate</ContentStandard>
		<Version>1</Version>
		<RevisionDate>2008-01-01</RevisionDate>
		<MaxRawScore>5</MaxRawScore>
	</Assessment>
	<Assessment>
		<AssessmentTitle>IB - History</AssessmentTitle>
		<AssessmentIdentificationCode IdentificationSystem="Test Contractor">
			<ID>International Baccalaureate Social 11</ID>
		</AssessmentIdentificationCode>
		<AssessmentCategory>International Baccalaureate</AssessmentCategory>
		<AcademicSubject>Social Studies</AcademicSubject>
		<GradeLevelAssessed>Eleventh grade</GradeLevelAssessed>
		<ContentStandard>International Baccalaureate</ContentStandard>
		<Version>1</Version>
		<RevisionDate>2008-01-01</RevisionDate>
		<MaxRawScore>5</MaxRawScore>
	</Assessment>
	<Assessment>
		<AssessmentTitle>IB - History</AssessmentTitle>
		<AssessmentIdentificationCode IdentificationSystem="Test Contractor">
			<ID>International Baccalaureate Social 12</ID>
		</AssessmentIdentificationCode>
		<AssessmentCategory>International Baccalaureate</AssessmentCategory>
		<AcademicSubject>Social Studies</AcademicSubject>
		<GradeLevelAssessed>Twelfth grade</GradeLevelAssessed>
		<ContentStandard>International Baccalaureate</ContentStandard>
		<Version>1</Version>
		<RevisionDate>2008-01-01</RevisionDate>
		<MaxRawScore>5</MaxRawScore>
	</Assessment>
	<Assessment>
		<AssessmentTitle>IB - History Americas</AssessmentTitle>
		<AssessmentIdentificationCode IdentificationSystem="Test Contractor">
			<ID>International Baccalaureate Social 9</ID>
		</AssessmentIdentificationCode>
		<AssessmentCategory>International Baccalaureate</AssessmentCategory>
		<AcademicSubject>Social Studies</AcademicSubject>
		<GradeLevelAssessed>Ninth grade</GradeLevelAssessed>
		<ContentStandard>International Baccalaureate</ContentStandard>
		<Version>1</Version>
		<RevisionDate>2008-01-01</RevisionDate>
		<MaxRawScore>5</MaxRawScore>
	</Assessment>
	<Assessment>
		<AssessmentTitle>IB - History Americas</AssessmentTitle>
		<AssessmentIdentificationCode IdentificationSystem="Test Contractor">
			<ID>International Baccalaureate Social 10</ID>
		</AssessmentIdentificationCode>
		<AssessmentCategory>International Baccalaureate</AssessmentCategory>
		<AcademicSubject>Social Studies</AcademicSubject>
		<GradeLevelAssessed>Tenth grade</GradeLevelAssessed>
		<ContentStandard>International Baccalaureate</ContentStandard>
		<Version>1</Version>
		<RevisionDate>2008-01-01</RevisionDate>
		<MaxRawScore>5</MaxRawScore>
	</Assessment>
	<Assessment>
		<AssessmentTitle>IB - History Americas</AssessmentTitle>
		<AssessmentIdentificationCode IdentificationSystem="Test Contractor">
			<ID>International Baccalaureate Social 11</ID>
		</AssessmentIdentificationCode>
		<AssessmentCategory>International Baccalaureate</AssessmentCategory>
		<AcademicSubject>Social Studies</AcademicSubject>
		<GradeLevelAssessed>Eleventh grade</GradeLevelAssessed>
		<ContentStandard>International Baccalaureate</ContentStandard>
		<Version>1</Version>
		<RevisionDate>2008-01-01</RevisionDate>
		<MaxRawScore>5</MaxRawScore>
	</Assessment>
	<Assessment>
		<AssessmentTitle>IB - History Americas</AssessmentTitle>
		<AssessmentIdentificationCode IdentificationSystem="Test Contractor">
			<ID>International Baccalaureate Social 12</ID>
		</AssessmentIdentificationCode>
		<AssessmentCategory>International Baccalaureate</AssessmentCategory>
		<AcademicSubject>Social Studies</AcademicSubject>
		<GradeLevelAssessed>Twelfth grade</GradeLevelAssessed>
		<ContentStandard>International Baccalaureate</ContentStandard>
		<Version>1</Version>
		<RevisionDate>2008-01-01</RevisionDate>
		<MaxRawScore>5</MaxRawScore>
	</Assessment>
	<Assessment>
		<AssessmentTitle>IB - Human Rights</AssessmentTitle>
		<AssessmentIdentificationCode IdentificationSystem="Test Contractor">
			<ID>International Baccalaureate Other 9</ID>
		</AssessmentIdentificationCode>
		<AssessmentCategory>International Baccalaureate</AssessmentCategory>
		<AcademicSubject>Other</AcademicSubject>
		<GradeLevelAssessed>Ninth grade</GradeLevelAssessed>
		<ContentStandard>International Baccalaureate</ContentStandard>
		<Version>1</Version>
		<RevisionDate>2008-01-01</RevisionDate>
		<MaxRawScore>5</MaxRawScore>
	</Assessment>
	<Assessment>
		<AssessmentTitle>IB - Human Rights</AssessmentTitle>
		<AssessmentIdentificationCode IdentificationSystem="Test Contractor">
			<ID>International Baccalaureate Other 10</ID>
		</AssessmentIdentificationCode>
		<AssessmentCategory>International Baccalaureate</AssessmentCategory>
		<AcademicSubject>Other</AcademicSubject>
		<GradeLevelAssessed>Tenth grade</GradeLevelAssessed>
		<ContentStandard>International Baccalaureate</ContentStandard>
		<Version>1</Version>
		<RevisionDate>2008-01-01</RevisionDate>
		<MaxRawScore>5</MaxRawScore>
	</Assessment>
	<Assessment>
		<AssessmentTitle>IB - Human Rights</AssessmentTitle>
		<AssessmentIdentificationCode IdentificationSystem="Test Contractor">
			<ID>International Baccalaureate Other 11</ID>
		</AssessmentIdentificationCode>
		<AssessmentCategory>International Baccalaureate</AssessmentCategory>
		<AcademicSubject>Other</AcademicSubject>
		<GradeLevelAssessed>Eleventh grade</GradeLevelAssessed>
		<ContentStandard>International Baccalaureate</ContentStandard>
		<Version>1</Version>
		<RevisionDate>2008-01-01</RevisionDate>
		<MaxRawScore>5</MaxRawScore>
	</Assessment>
	<Assessment>
		<AssessmentTitle>IB - Human Rights</AssessmentTitle>
		<AssessmentIdentificationCode IdentificationSystem="Test Contractor">
			<ID>International Baccalaureate Other 12</ID>
		</AssessmentIdentificationCode>
		<AssessmentCategory>International Baccalaureate</AssessmentCategory>
		<AcademicSubject>Other</AcademicSubject>
		<GradeLevelAssessed>Twelfth grade</GradeLevelAssessed>
		<ContentStandard>International Baccalaureate</ContentStandard>
		<Version>1</Version>
		<RevisionDate>2008-01-01</RevisionDate>
		<MaxRawScore>5</MaxRawScore>
	</Assessment>
	<Assessment>
		<AssessmentTitle>IB - Psychology</AssessmentTitle>
		<AssessmentIdentificationCode IdentificationSystem="Test Contractor">
			<ID>International Baccalaureate Social 9</ID>
		</AssessmentIdentificationCode>
		<AssessmentCategory>International Baccalaureate</AssessmentCategory>
		<AcademicSubject>Social Studies</AcademicSubject>
		<GradeLevelAssessed>Ninth grade</GradeLevelAssessed>
		<ContentStandard>International Baccalaureate</ContentStandard>
		<Version>1</Version>
		<RevisionDate>2008-01-01</RevisionDate>
		<MaxRawScore>5</MaxRawScore>
	</Assessment>
	<Assessment>
		<AssessmentTitle>IB - Psychology</AssessmentTitle>
		<AssessmentIdentificationCode IdentificationSystem="Test Contractor">
			<ID>International Baccalaureate Social 10</ID>
		</AssessmentIdentificationCode>
		<AssessmentCategory>International Baccalaureate</AssessmentCategory>
		<AcademicSubject>Social Studies</AcademicSubject>
		<GradeLevelAssessed>Tenth grade</GradeLevelAssessed>
		<ContentStandard>International Baccalaureate</ContentStandard>
		<Version>1</Version>
		<RevisionDate>2008-01-01</RevisionDate>
		<MaxRawScore>5</MaxRawScore>
	</Assessment>
	<Assessment>
		<AssessmentTitle>IB - Psychology</AssessmentTitle>
		<AssessmentIdentificationCode IdentificationSystem="Test Contractor">
			<ID>International Baccalaureate Social 11</ID>
		</AssessmentIdentificationCode>
		<AssessmentCategory>International Baccalaureate</AssessmentCategory>
		<AcademicSubject>Social Studies</AcademicSubject>
		<GradeLevelAssessed>Eleventh grade</GradeLevelAssessed>
		<ContentStandard>International Baccalaureate</ContentStandard>
		<Version>1</Version>
		<RevisionDate>2008-01-01</RevisionDate>
		<MaxRawScore>5</MaxRawScore>
	</Assessment>
	<Assessment>
		<AssessmentTitle>IB - Psychology</AssessmentTitle>
		<AssessmentIdentificationCode IdentificationSystem="Test Contractor">
			<ID>International Baccalaureate Social 12</ID>
		</AssessmentIdentificationCode>
		<AssessmentCategory>International Baccalaureate</AssessmentCategory>
		<AcademicSubject>Social Studies</AcademicSubject>
		<GradeLevelAssessed>Twelfth grade</GradeLevelAssessed>
		<ContentStandard>International Baccalaureate</ContentStandard>
		<Version>1</Version>
		<RevisionDate>2008-01-01</RevisionDate>
		<MaxRawScore>5</MaxRawScore>
	</Assessment>
	<Assessment>
		<AssessmentTitle>IB - Physics</AssessmentTitle>
		<AssessmentIdentificationCode IdentificationSystem="Test Contractor">
			<ID>International Baccalaureate Science 9</ID>
		</AssessmentIdentificationCode>
		<AssessmentCategory>International Baccalaureate</AssessmentCategory>
		<AcademicSubject>Science</AcademicSubject>
		<GradeLevelAssessed>Ninth grade</GradeLevelAssessed>
		<ContentStandard>International Baccalaureate</ContentStandard>
		<Version>1</Version>
		<RevisionDate>2008-01-01</RevisionDate>
		<MaxRawScore>5</MaxRawScore>
	</Assessment>
	<Assessment>
		<AssessmentTitle>IB - Physics</AssessmentTitle>
		<AssessmentIdentificationCode IdentificationSystem="Test Contractor">
			<ID>International Baccalaureate Science 10</ID>
		</AssessmentIdentificationCode>
		<AssessmentCategory>International Baccalaureate</AssessmentCategory>
		<AcademicSubject>Science</AcademicSubject>
		<GradeLevelAssessed>Tenth grade</GradeLevelAssessed>
		<ContentStandard>International Baccalaureate</ContentStandard>
		<Version>1</Version>
		<RevisionDate>2008-01-01</RevisionDate>
		<MaxRawScore>5</MaxRawScore>
	</Assessment>
	<Assessment>
		<AssessmentTitle>IB - Physics</AssessmentTitle>
		<AssessmentIdentificationCode IdentificationSystem="Test Contractor">
			<ID>International Baccalaureate Science 11</ID>
		</AssessmentIdentificationCode>
		<AssessmentCategory>International Baccalaureate</AssessmentCategory>
		<AcademicSubject>Science</AcademicSubject>
		<GradeLevelAssessed>Eleventh grade</GradeLevelAssessed>
		<ContentStandard>International Baccalaureate</ContentStandard>
		<Version>1</Version>
		<RevisionDate>2008-01-01</RevisionDate>
		<MaxRawScore>5</MaxRawScore>
	</Assessment>
	<Assessment>
		<AssessmentTitle>IB - Physics</AssessmentTitle>
		<AssessmentIdentificationCode IdentificationSystem="Test Contractor">
			<ID>International Baccalaureate Science 12</ID>
		</AssessmentIdentificationCode>
		<AssessmentCategory>International Baccalaureate</AssessmentCategory>
		<AcademicSubject>Science</AcademicSubject>
		<GradeLevelAssessed>Twelfth grade</GradeLevelAssessed>
		<ContentStandard>International Baccalaureate</ContentStandard>
		<Version>1</Version>
		<RevisionDate>2008-01-01</RevisionDate>
		<MaxRawScore>5</MaxRawScore>
	</Assessment>
	<Assessment>
		<AssessmentTitle>IB - Mathematics</AssessmentTitle>
		<AssessmentIdentificationCode IdentificationSystem="Test Contractor">
			<ID>International Baccalaureate Math 12</ID>
		</AssessmentIdentificationCode>
		<AssessmentCategory>International Baccalaureate</AssessmentCategory>
		<AcademicSubject>Mathematics</AcademicSubject>
		<GradeLevelAssessed>Twelfth grade</GradeLevelAssessed>
		<ContentStandard>International Baccalaureate</ContentStandard>
		<Version>1</Version>
		<RevisionDate>2008-01-01</RevisionDate>
		<MaxRawScore>5</MaxRawScore>
	</Assessment>
	<Assessment>
		<AssessmentTitle>IB - Mathematics</AssessmentTitle>
		<AssessmentIdentificationCode IdentificationSystem="Test Contractor">
			<ID>International Baccalaureate Math 11</ID>
		</AssessmentIdentificationCode>
		<AssessmentCategory>International Baccalaureate</AssessmentCategory>
		<AcademicSubject>Mathematics</AcademicSubject>
		<GradeLevelAssessed>Eleventh grade</GradeLevelAssessed>
		<ContentStandard>International Baccalaureate</ContentStandard>
		<Version>1</Version>
		<RevisionDate>2008-01-01</RevisionDate>
		<MaxRawScore>5</MaxRawScore>
	</Assessment>
	<Assessment>
		<AssessmentTitle>IB - Mathematics</AssessmentTitle>
		<AssessmentIdentificationCode IdentificationSystem="Test Contractor">
			<ID>International Baccalaureate Math 10</ID>
		</AssessmentIdentificationCode>
		<AssessmentCategory>International Baccalaureate</AssessmentCategory>
		<AcademicSubject>Mathematics</AcademicSubject>
		<GradeLevelAssessed>Tenth grade</GradeLevelAssessed>
		<ContentStandard>International Baccalaureate</ContentStandard>
		<Version>1</Version>
		<RevisionDate>2008-01-01</RevisionDate>
		<MaxRawScore>5</MaxRawScore>
	</Assessment>
	<Assessment>
		<AssessmentTitle>IB - Mathematics</AssessmentTitle>
		<AssessmentIdentificationCode IdentificationSystem="Test Contractor">
			<ID>International Baccalaureate Math 9</ID>
		</AssessmentIdentificationCode>
		<AssessmentCategory>International Baccalaureate</AssessmentCategory>
		<AcademicSubject>Mathematics</AcademicSubject>
		<GradeLevelAssessed>Ninth grade</GradeLevelAssessed>
		<ContentStandard>International Baccalaureate</ContentStandard>
		<Version>1</Version>
		<RevisionDate>2008-01-01</RevisionDate>
		<MaxRawScore>5</MaxRawScore>
	</Assessment>
	<Assessment>
		<AssessmentTitle>IB - Music Gr.Perf</AssessmentTitle>
		<AssessmentIdentificationCode IdentificationSystem="Test Contractor">
			<ID>International Baccalaureate Other 9</ID>
		</AssessmentIdentificationCode>
		<AssessmentCategory>International Baccalaureate</AssessmentCategory>
		<AcademicSubject>Other</AcademicSubject>
		<GradeLevelAssessed>Ninth grade</GradeLevelAssessed>
		<ContentStandard>International Baccalaureate</ContentStandard>
		<Version>1</Version>
		<RevisionDate>2008-01-01</RevisionDate>
		<MaxRawScore>5</MaxRawScore>
	</Assessment>
	<Assessment>
		<AssessmentTitle>IB - Music Gr.Perf</AssessmentTitle>
		<AssessmentIdentificationCode IdentificationSystem="Test Contractor">
			<ID>International Baccalaureate Other 10</ID>
		</AssessmentIdentificationCode>
		<AssessmentCategory>International Baccalaureate</AssessmentCategory>
		<AcademicSubject>Other</AcademicSubject>
		<GradeLevelAssessed>Tenth grade</GradeLevelAssessed>
		<ContentStandard>International Baccalaureate</ContentStandard>
		<Version>1</Version>
		<RevisionDate>2008-01-01</RevisionDate>
		<MaxRawScore>5</MaxRawScore>
	</Assessment>
	<Assessment>
		<AssessmentTitle>IB - Music Gr.Perf</AssessmentTitle>
		<AssessmentIdentificationCode IdentificationSystem="Test Contractor">
			<ID>International Baccalaureate Other 11</ID>
		</AssessmentIdentificationCode>
		<AssessmentCategory>International Baccalaureate</AssessmentCategory>
		<AcademicSubject>Other</AcademicSubject>
		<GradeLevelAssessed>Eleventh grade</GradeLevelAssessed>
		<ContentStandard>International Baccalaureate</ContentStandard>
		<Version>1</Version>
		<RevisionDate>2008-01-01</RevisionDate>
		<MaxRawScore>5</MaxRawScore>
	</Assessment>
	<Assessment>
		<AssessmentTitle>IB - Music Gr.Perf</AssessmentTitle>
		<AssessmentIdentificationCode IdentificationSystem="Test Contractor">
			<ID>International Baccalaureate Other 12</ID>
		</AssessmentIdentificationCode>
		<AssessmentCategory>International Baccalaureate</AssessmentCategory>
		<AcademicSubject>Other</AcademicSubject>
		<GradeLevelAssessed>Twelfth grade</GradeLevelAssessed>
		<ContentStandard>International Baccalaureate</ContentStandard>
		<Version>1</Version>
		<RevisionDate>2008-01-01</RevisionDate>
		<MaxRawScore>5</MaxRawScore>
	</Assessment>
	<Assessment>
		<AssessmentTitle>IB - Music So.Perf</AssessmentTitle>
		<AssessmentIdentificationCode IdentificationSystem="Test Contractor">
			<ID>International Baccalaureate Other 9</ID>
		</AssessmentIdentificationCode>
		<AssessmentCategory>International Baccalaureate</AssessmentCategory>
		<AcademicSubject>Other</AcademicSubject>
		<GradeLevelAssessed>Ninth grade</GradeLevelAssessed>
		<ContentStandard>International Baccalaureate</ContentStandard>
		<Version>1</Version>
		<RevisionDate>2008-01-01</RevisionDate>
		<MaxRawScore>5</MaxRawScore>
	</Assessment>
	<Assessment>
		<AssessmentTitle>IB - Music So.Perf</AssessmentTitle>
		<AssessmentIdentificationCode IdentificationSystem="Test Contractor">
			<ID>International Baccalaureate Other 10</ID>
		</AssessmentIdentificationCode>
		<AssessmentCategory>International Baccalaureate</AssessmentCategory>
		<AcademicSubject>Other</AcademicSubject>
		<GradeLevelAssessed>Tenth grade</GradeLevelAssessed>
		<ContentStandard>International Baccalaureate</ContentStandard>
		<Version>1</Version>
		<RevisionDate>2008-01-01</RevisionDate>
		<MaxRawScore>5</MaxRawScore>
	</Assessment>
	<Assessment>
		<AssessmentTitle>IB - Music So.Perf</AssessmentTitle>
		<AssessmentIdentificationCode IdentificationSystem="Test Contractor">
			<ID>International Baccalaureate Other 11</ID>
		</AssessmentIdentificationCode>
		<AssessmentCategory>International Baccalaureate</AssessmentCategory>
		<AcademicSubject>Other</AcademicSubject>
		<GradeLevelAssessed>Eleventh grade</GradeLevelAssessed>
		<ContentStandard>International Baccalaureate</ContentStandard>
		<Version>1</Version>
		<RevisionDate>2008-01-01</RevisionDate>
		<MaxRawScore>5</MaxRawScore>
	</Assessment>
	<Assessment>
		<AssessmentTitle>IB - Music So.Perf</AssessmentTitle>
		<AssessmentIdentificationCode IdentificationSystem="Test Contractor">
			<ID>International Baccalaureate Other 12</ID>
		</AssessmentIdentificationCode>
		<AssessmentCategory>International Baccalaureate</AssessmentCategory>
		<AcademicSubject>Other</AcademicSubject>
		<GradeLevelAssessed>Twelfth grade</GradeLevelAssessed>
		<ContentStandard>International Baccalaureate</ContentStandard>
		<Version>1</Version>
		<RevisionDate>2008-01-01</RevisionDate>
		<MaxRawScore>5</MaxRawScore>
	</Assessment>
	<Assessment>
		<AssessmentTitle>IB - Spanish B</AssessmentTitle>
		<AssessmentIdentificationCode IdentificationSystem="Test Contractor">
			<ID>International Baccalaureate Other 9</ID>
		</AssessmentIdentificationCode>
		<AssessmentCategory>International Baccalaureate</AssessmentCategory>
		<AcademicSubject>Other</AcademicSubject>
		<GradeLevelAssessed>Ninth grade</GradeLevelAssessed>
		<ContentStandard>International Baccalaureate</ContentStandard>
		<Version>1</Version>
		<RevisionDate>2008-01-01</RevisionDate>
		<MaxRawScore>5</MaxRawScore>
	</Assessment>
	<Assessment>
		<AssessmentTitle>IB - Spanish B</AssessmentTitle>
		<AssessmentIdentificationCode IdentificationSystem="Test Contractor">
			<ID>International Baccalaureate Other 10</ID>
		</AssessmentIdentificationCode>
		<AssessmentCategory>International Baccalaureate</AssessmentCategory>
		<AcademicSubject>Other</AcademicSubject>
		<GradeLevelAssessed>Tenth grade</GradeLevelAssessed>
		<ContentStandard>International Baccalaureate</ContentStandard>
		<Version>1</Version>
		<RevisionDate>2008-01-01</RevisionDate>
		<MaxRawScore>5</MaxRawScore>
	</Assessment>
	<Assessment>
		<AssessmentTitle>IB - Spanish B</AssessmentTitle>
		<AssessmentIdentificationCode IdentificationSystem="Test Contractor">
			<ID>International Baccalaureate Other 11</ID>
		</AssessmentIdentificationCode>
		<AssessmentCategory>International Baccalaureate</AssessmentCategory>
		<AcademicSubject>Other</AcademicSubject>
		<GradeLevelAssessed>Eleventh grade</GradeLevelAssessed>
		<ContentStandard>International Baccalaureate</ContentStandard>
		<Version>1</Version>
		<RevisionDate>2008-01-01</RevisionDate>
		<MaxRawScore>5</MaxRawScore>
	</Assessment>
	<Assessment>
		<AssessmentTitle>IB - Spanish B</AssessmentTitle>
		<AssessmentIdentificationCode IdentificationSystem="Test Contractor">
			<ID>International Baccalaureate Other 12</ID>
		</AssessmentIdentificationCode>
		<AssessmentCategory>International Baccalaureate</AssessmentCategory>
		<AcademicSubject>Other</AcademicSubject>
		<GradeLevelAssessed>Twelfth grade</GradeLevelAssessed>
		<ContentStandard>International Baccalaureate</ContentStandard>
		<Version>1</Version>
		<RevisionDate>2008-01-01</RevisionDate>
		<MaxRawScore>5</MaxRawScore>
	</Assessment>
	<Assessment>
		<AssessmentTitle>IB - Theory Knowl</AssessmentTitle>
		<AssessmentIdentificationCode IdentificationSystem="Test Contractor">
			<ID>International Baccalaureate Other 9</ID>
		</AssessmentIdentificationCode>
		<AssessmentCategory>International Baccalaureate</AssessmentCategory>
		<AcademicSubject>Other</AcademicSubject>
		<GradeLevelAssessed>Ninth grade</GradeLevelAssessed>
		<ContentStandard>International Baccalaureate</ContentStandard>
		<Version>1</Version>
		<RevisionDate>2008-01-01</RevisionDate>
		<MaxRawScore>5</MaxRawScore>
	</Assessment>
	<Assessment>
		<AssessmentTitle>IB - Theory Knowl</AssessmentTitle>
		<AssessmentIdentificationCode IdentificationSystem="Test Contractor">
			<ID>International Baccalaureate Other 10</ID>
		</AssessmentIdentificationCode>
		<AssessmentCategory>International Baccalaureate</AssessmentCategory>
		<AcademicSubject>Other</AcademicSubject>
		<GradeLevelAssessed>Tenth grade</GradeLevelAssessed>
		<ContentStandard>International Baccalaureate</ContentStandard>
		<Version>1</Version>
		<RevisionDate>2008-01-01</RevisionDate>
		<MaxRawScore>5</MaxRawScore>
	</Assessment>
	<Assessment>
		<AssessmentTitle>IB - Theory Knowl</AssessmentTitle>
		<AssessmentIdentificationCode IdentificationSystem="Test Contractor">
			<ID>International Baccalaureate Other 11</ID>
		</AssessmentIdentificationCode>
		<AssessmentCategory>International Baccalaureate</AssessmentCategory>
		<AcademicSubject>Other</AcademicSubject>
		<GradeLevelAssessed>Eleventh grade</GradeLevelAssessed>
		<ContentStandard>International Baccalaureate</ContentStandard>
		<Version>1</Version>
		<RevisionDate>2008-01-01</RevisionDate>
		<MaxRawScore>5</MaxRawScore>
	</Assessment>
	<Assessment>
		<AssessmentTitle>IB - Theory Knowl</AssessmentTitle>
		<AssessmentIdentificationCode IdentificationSystem="Test Contractor">
			<ID>International Baccalaureate Other 12</ID>
		</AssessmentIdentificationCode>
		<AssessmentCategory>International Baccalaureate</AssessmentCategory>
		<AcademicSubject>Other</AcademicSubject>
		<GradeLevelAssessed>Twelfth grade</GradeLevelAssessed>
		<ContentStandard>International Baccalaureate</ContentStandard>
		<Version>1</Version>
		<RevisionDate>2008-01-01</RevisionDate>
		<MaxRawScore>5</MaxRawScore>
	</Assessment>
	<Assessment>
		<AssessmentTitle>IB - Visual Arts</AssessmentTitle>
		<AssessmentIdentificationCode IdentificationSystem="Test Contractor">
			<ID>International Baccalaureate Other 9</ID>
		</AssessmentIdentificationCode>
		<AssessmentCategory>International Baccalaureate</AssessmentCategory>
		<AcademicSubject>Other</AcademicSubject>
		<GradeLevelAssessed>Ninth grade</GradeLevelAssessed>
		<ContentStandard>International Baccalaureate</ContentStandard>
		<Version>1</Version>
		<RevisionDate>2008-01-01</RevisionDate>
		<MaxRawScore>5</MaxRawScore>
	</Assessment>
	<Assessment>
		<AssessmentTitle>IB - Visual Arts</AssessmentTitle>
		<AssessmentIdentificationCode IdentificationSystem="Test Contractor">
			<ID>International Baccalaureate Other 10</ID>
		</AssessmentIdentificationCode>
		<AssessmentCategory>International Baccalaureate</AssessmentCategory>
		<AcademicSubject>Other</AcademicSubject>
		<GradeLevelAssessed>Tenth grade</GradeLevelAssessed>
		<ContentStandard>International Baccalaureate</ContentStandard>
		<Version>1</Version>
		<RevisionDate>2008-01-01</RevisionDate>
		<MaxRawScore>5</MaxRawScore>
	</Assessment>
	<Assessment>
		<AssessmentTitle>IB - Visual Arts</AssessmentTitle>
		<AssessmentIdentificationCode IdentificationSystem="Test Contractor">
			<ID>International Baccalaureate Other 11</ID>
		</AssessmentIdentificationCode>
		<AssessmentCategory>International Baccalaureate</AssessmentCategory>
		<AcademicSubject>Other</AcademicSubject>
		<GradeLevelAssessed>Eleventh grade</GradeLevelAssessed>
		<ContentStandard>International Baccalaureate</ContentStandard>
		<Version>1</Version>
		<RevisionDate>2008-01-01</RevisionDate>
		<MaxRawScore>5</MaxRawScore>
	</Assessment>
	<Assessment>
		<AssessmentTitle>IB - Visual Arts</AssessmentTitle>
		<AssessmentIdentificationCode IdentificationSystem="Test Contractor">
			<ID>International Baccalaureate Other 12</ID>
		</AssessmentIdentificationCode>
		<AssessmentCategory>International Baccalaureate</AssessmentCategory>
		<AcademicSubject>Other</AcademicSubject>
		<GradeLevelAssessed>Twelfth grade</GradeLevelAssessed>
		<ContentStandard>International Baccalaureate</ContentStandard>
		<Version>1</Version>
		<RevisionDate>2008-01-01</RevisionDate>
		<MaxRawScore>5</MaxRawScore>
	</Assessment>
	<Assessment>
		<AssessmentTitle>IB - Visual Arts Option A</AssessmentTitle>
		<AssessmentIdentificationCode IdentificationSystem="Test Contractor">
			<ID>International Baccalaureate Other 9</ID>
		</AssessmentIdentificationCode>
		<AssessmentCategory>International Baccalaureate</AssessmentCategory>
		<AcademicSubject>Other</AcademicSubject>
		<GradeLevelAssessed>Ninth grade</GradeLevelAssessed>
		<ContentStandard>International Baccalaureate</ContentStandard>
		<Version>1</Version>
		<RevisionDate>2008-01-01</RevisionDate>
		<MaxRawScore>5</MaxRawScore>
	</Assessment>
	<Assessment>
		<AssessmentTitle>IB - Visual Arts Option A</AssessmentTitle>
		<AssessmentIdentificationCode IdentificationSystem="Test Contractor">
			<ID>International Baccalaureate Other 10</ID>
		</AssessmentIdentificationCode>
		<AssessmentCategory>International Baccalaureate</AssessmentCategory>
		<AcademicSubject>Other</AcademicSubject>
		<GradeLevelAssessed>Tenth grade</GradeLevelAssessed>
		<ContentStandard>International Baccalaureate</ContentStandard>
		<Version>1</Version>
		<RevisionDate>2008-01-01</RevisionDate>
		<MaxRawScore>5</MaxRawScore>
	</Assessment>
	<Assessment>
		<AssessmentTitle>IB - Visual Arts Option A</AssessmentTitle>
		<AssessmentIdentificationCode IdentificationSystem="Test Contractor">
			<ID>International Baccalaureate Other 11</ID>
		</AssessmentIdentificationCode>
		<AssessmentCategory>International Baccalaureate</AssessmentCategory>
		<AcademicSubject>Other</AcademicSubject>
		<GradeLevelAssessed>Eleventh grade</GradeLevelAssessed>
		<ContentStandard>International Baccalaureate</ContentStandard>
		<Version>1</Version>
		<RevisionDate>2008-01-01</RevisionDate>
		<MaxRawScore>5</MaxRawScore>
	</Assessment>
	<Assessment>
		<AssessmentTitle>IB - Visual Arts Option A</AssessmentTitle>
		<AssessmentIdentificationCode IdentificationSystem="Test Contractor">
			<ID>International Baccalaureate Other 12</ID>
		</AssessmentIdentificationCode>
		<AssessmentCategory>International Baccalaureate</AssessmentCategory>
		<AcademicSubject>Other</AcademicSubject>
		<GradeLevelAssessed>Twelfth grade</GradeLevelAssessed>
		<ContentStandard>International Baccalaureate</ContentStandard>
		<Version>1</Version>
		<RevisionDate>2008-01-01</RevisionDate>
		<MaxRawScore>5</MaxRawScore>
	</Assessment>
</InterchangeAssessmentMetadata>