<?xml version="1.0" encoding="utf-8"?>
<InterchangeAssessmentMetadata xmlns="http://ed-fi.org/0100" xmlns:xsi="http://www.w3.org/2001/XMLSchema-instance" xsi:schemaLocation="http://ed-fi.org/0100 C:/Projects/TSDS/trunk/src/Etl/EdFi.Etl.EdFi/Ed-Fi/Interchange-AssessmentMetadata.xsd">
	<Assessment id="TA-ACT-English-1">
		<AssessmentTitle>ACT</AssessmentTitle>
		<AssessmentIdentificationCode IdentificationSystem="Test Contractor">
			<ID>ACT English</ID>
		</AssessmentIdentificationCode>
		<AssessmentCategory>College entrance exam</AssessmentCategory>
		<AcademicSubject>English</AcademicSubject>
		<GradeLevelAssessed>Twelfth grade</GradeLevelAssessed>
		<AssessmentPerformanceLevel>
			<PerformanceLevel>
				<Description>State Criteria</Description>
			</PerformanceLevel>
			<AssessmentReportingMethod>Scale score</AssessmentReportingMethod>
			<MinimumScore>19</MinimumScore>
			<MaximumScore>25</MaximumScore>
		</AssessmentPerformanceLevel>
		<ContentStandard>ACT</ContentStandard>
		<Version>1</Version>
		<RevisionDate>2005-03-12</RevisionDate>
		<MaxRawScore>25</MaxRawScore>
	</Assessment>
	<Assessment id="TA-ACT-Math-1">
		<AssessmentTitle>ACT</AssessmentTitle>
		<AssessmentIdentificationCode IdentificationSystem="Test Contractor">
			<ID>ACT Mathematics</ID>
		</AssessmentIdentificationCode>
		<AssessmentCategory>College entrance exam</AssessmentCategory>
		<AcademicSubject>Mathematics</AcademicSubject>
		<GradeLevelAssessed>Twelfth grade</GradeLevelAssessed>
		<AssessmentPerformanceLevel>
			<PerformanceLevel>
				<Description>State Criteria</Description>
			</PerformanceLevel>
			<AssessmentReportingMethod>Scale score</AssessmentReportingMethod>
			<MinimumScore>19</MinimumScore>
			<MaximumScore>25</MaximumScore>
		</AssessmentPerformanceLevel>
		<ContentStandard>ACT</ContentStandard>
		<Version>1</Version>
		<RevisionDate>2005-03-12</RevisionDate>
		<MaxRawScore>25</MaxRawScore>
	</Assessment>
	<Assessment id="TA-ACT-Reading-1">
		<AssessmentTitle>ACT</AssessmentTitle>
		<AssessmentIdentificationCode IdentificationSystem="Test Contractor">
			<ID>ACT Reading</ID>
		</AssessmentIdentificationCode>
		<AssessmentCategory>College entrance exam</AssessmentCategory>
		<AcademicSubject>Reading</AcademicSubject>
		<GradeLevelAssessed>Twelfth grade</GradeLevelAssessed>
		<AssessmentPerformanceLevel>
			<PerformanceLevel>
				<Description>State Criteria</Description>
			</PerformanceLevel>
			<AssessmentReportingMethod>Scale score</AssessmentReportingMethod>
			<MinimumScore>19</MinimumScore>
			<MaximumScore>25</MaximumScore>
		</AssessmentPerformanceLevel>
		<ContentStandard>ACT</ContentStandard>
		<Version>1</Version>
		<RevisionDate>2005-03-12</RevisionDate>
		<MaxRawScore>25</MaxRawScore>
	</Assessment>
	<Assessment id="TA-ACT-Science-1">
		<AssessmentTitle>ACT</AssessmentTitle>
		<AssessmentIdentificationCode IdentificationSystem="Test Contractor">
			<ID>ACT Science</ID>
		</AssessmentIdentificationCode>
		<AssessmentCategory>College entrance exam</AssessmentCategory>
		<AcademicSubject>Science</AcademicSubject>
		<GradeLevelAssessed>Twelfth grade</GradeLevelAssessed>
		<AssessmentPerformanceLevel>
			<PerformanceLevel>
				<Description>State Criteria</Description>
			</PerformanceLevel>
			<AssessmentReportingMethod>Scale score</AssessmentReportingMethod>
			<MinimumScore>19</MinimumScore>
			<MaximumScore>25</MaximumScore>
		</AssessmentPerformanceLevel>
		<ContentStandard>ACT</ContentStandard>
		<Version>1</Version>
		<RevisionDate>2005-03-12</RevisionDate>
		<MaxRawScore>25</MaxRawScore>
	</Assessment>
	<Assessment id="TA-ACT-Composite-1">
		<AssessmentTitle>ACT</AssessmentTitle>
		<AssessmentIdentificationCode IdentificationSystem="Test Contractor">
			<ID>ACT Composite</ID>
		</AssessmentIdentificationCode>
		<AssessmentCategory>College entrance exam</AssessmentCategory>
		<AcademicSubject>Composite</AcademicSubject>
		<GradeLevelAssessed>Twelfth grade</GradeLevelAssessed>
		<AssessmentPerformanceLevel>
			<PerformanceLevel>
				<Description>State Criteria</Description>
			</PerformanceLevel>
			<AssessmentReportingMethod>Scale score</AssessmentReportingMethod>
			<MinimumScore>23</MinimumScore>
			<MaximumScore>30</MaximumScore>
		</AssessmentPerformanceLevel>
		<ContentStandard>ACT</ContentStandard>
		<Version>1</Version>
		<RevisionDate>2005-03-12</RevisionDate>
		<MaxRawScore>30</MaxRawScore>
	</Assessment>
	<Assessment id="TA-ACT-Writing-1">
		<AssessmentTitle>ACT</AssessmentTitle>
		<AssessmentIdentificationCode IdentificationSystem="Test Contractor">
			<ID>ACT Writing</ID>
		</AssessmentIdentificationCode>
		<AssessmentCategory>College entrance exam</AssessmentCategory>
		<AcademicSubject>Writing</AcademicSubject>
		<GradeLevelAssessed>Twelfth grade</GradeLevelAssessed>
		<AssessmentPerformanceLevel>
			<PerformanceLevel>
				<Description>State Criteria</Description>
			</PerformanceLevel>
			<AssessmentReportingMethod>Scale score</AssessmentReportingMethod>
			<MinimumScore>19</MinimumScore>
			<MaximumScore>25</MaximumScore>
		</AssessmentPerformanceLevel>
		<ContentStandard>ACT</ContentStandard>
		<Version>1</Version>
		<RevisionDate>2005-03-12</RevisionDate>
		<MaxRawScore>25</MaxRawScore>
	</Assessment>
	<PerformanceLevelDescriptor id="ID_1">
		<Description>State Criteria</Description>
		<PerformanceBaseConversion>Proficient</PerformanceBaseConversion>
	</PerformanceLevelDescriptor>
</InterchangeAssessmentMetadata>