<?xml version="1.0" encoding="utf-8"?>
<InterchangeAssessmentMetadata xmlns="http://ed-fi.org/0100" xmlns:xsi="http://www.w3.org/2001/XMLSchema-instance" xsi:schemaLocation="http://ed-fi.org/0100 C:/Projects/TSDS/trunk/src/Etl/EdFi.Etl.EdFi/Ed-Fi/Interchange-AssessmentMetadata.xsd">
	<Assessment id="TA-TELPAS-Reading-12-2002">
		<AssessmentTitle>TELPAS</AssessmentTitle>
		<AssessmentIdentificationCode IdentificationSystem="Test Contractor">
			<ID>TELAPS Reading 12</ID>
		</AssessmentIdentificationCode>
		<AssessmentCategory>State summative assessment 3-8 general</AssessmentCategory>
		<AcademicSubject>Reading</AcademicSubject>
		<GradeLevelAssessed>Twelfth grade</GradeLevelAssessed>
		<ContentStandard>Texas Essential Knowledge and Skills</ContentStandard>
		<Version>2002</Version>
		<RevisionDate>2010-01-01</RevisionDate>
		<MaxRawScore>100</MaxRawScore>
	</Assessment>
	<Assessment id="TA-TELPAS-Reading-08-2002">
		<AssessmentTitle>TELPAS</AssessmentTitle>
		<AssessmentIdentificationCode IdentificationSystem="Test Contractor">
			<ID>TELAPS Reading 8</ID>
		</AssessmentIdentificationCode>
		<AssessmentCategory>State summative assessment 3-8 general</AssessmentCategory>
		<AcademicSubject>Reading</AcademicSubject>
		<GradeLevelAssessed>Eighth grade</GradeLevelAssessed>
		<ContentStandard>Texas Essential Knowledge and Skills</ContentStandard>
		<Version>2002</Version>
		<RevisionDate>2010-01-01</RevisionDate>
		<MaxRawScore>100</MaxRawScore>
	</Assessment>
	<Assessment id="TA-TELPAS-Reading-09-2002">
		<AssessmentTitle>TELPAS</AssessmentTitle>
		<AssessmentIdentificationCode IdentificationSystem="Test Contractor">
			<ID>TELAPS Reading 9</ID>
		</AssessmentIdentificationCode>
		<AssessmentCategory>State summative assessment 3-8 general</AssessmentCategory>
		<AcademicSubject>Reading</AcademicSubject>
		<GradeLevelAssessed>Ninth grade</GradeLevelAssessed>
		<ContentStandard>Texas Essential Knowledge and Skills</ContentStandard>
		<Version>2002</Version>
		<RevisionDate>2010-01-01</RevisionDate>
		<MaxRawScore>100</MaxRawScore>
	</Assessment>
	<Assessment id="TA-TELPAS-Reading-11-2002">
		<AssessmentTitle>TELPAS</AssessmentTitle>
		<AssessmentIdentificationCode IdentificationSystem="Test Contractor">
			<ID>TELAPS Reading 11</ID>
		</AssessmentIdentificationCode>
		<AssessmentCategory>State summative assessment 3-8 general</AssessmentCategory>
		<AcademicSubject>Reading</AcademicSubject>
		<GradeLevelAssessed>Eleventh grade</GradeLevelAssessed>
		<ContentStandard>Texas Essential Knowledge and Skills</ContentStandard>
		<Version>2002</Version>
		<RevisionDate>2010-01-01</RevisionDate>
		<MaxRawScore>100</MaxRawScore>
	</Assessment>
	<Assessment id="TA-TELPAS-Reading-10-2002">
		<AssessmentTitle>TELPAS</AssessmentTitle>
		<AssessmentIdentificationCode IdentificationSystem="Test Contractor">
			<ID>TELAPS Reading 10</ID>
		</AssessmentIdentificationCode>
		<AssessmentCategory>State summative assessment 3-8 general</AssessmentCategory>
		<AcademicSubject>Reading</AcademicSubject>
		<GradeLevelAssessed>Tenth grade</GradeLevelAssessed>
		<ContentStandard>Texas Essential Knowledge and Skills</ContentStandard>
		<Version>2002</Version>
		<RevisionDate>2010-01-01</RevisionDate>
		<MaxRawScore>100</MaxRawScore>
	</Assessment>
	<Assessment id="TA-TELPAS-Reading-07-2002">
		<AssessmentTitle>TELPAS</AssessmentTitle>
		<AssessmentIdentificationCode IdentificationSystem="Test Contractor">
			<ID>TELAPS Reading 7</ID>
		</AssessmentIdentificationCode>
		<AssessmentCategory>State summative assessment 3-8 general</AssessmentCategory>
		<AcademicSubject>Reading</AcademicSubject>
		<GradeLevelAssessed>Seventh grade</GradeLevelAssessed>
		<ContentStandard>Texas Essential Knowledge and Skills</ContentStandard>
		<Version>2002</Version>
		<RevisionDate>2010-01-01</RevisionDate>
		<MaxRawScore>100</MaxRawScore>
	</Assessment>
	<Assessment id="TA-TELPAS-Reading-06-2002">
		<AssessmentTitle>TELPAS</AssessmentTitle>
		<AssessmentIdentificationCode IdentificationSystem="Test Contractor">
			<ID>TELAPS Reading 6</ID>
		</AssessmentIdentificationCode>
		<AssessmentCategory>State summative assessment 3-8 general</AssessmentCategory>
		<AcademicSubject>Reading</AcademicSubject>
		<GradeLevelAssessed>Sixth grade</GradeLevelAssessed>
		<ContentStandard>Texas Essential Knowledge and Skills</ContentStandard>
		<Version>2002</Version>
		<RevisionDate>2010-01-01</RevisionDate>
		<MaxRawScore>100</MaxRawScore>
	</Assessment>
	<Assessment id="TA-TELPAS-Reading-0K-2002">
		<AssessmentTitle>TELPAS</AssessmentTitle>
		<AssessmentIdentificationCode IdentificationSystem="Test Contractor">
			<ID>TELAPS Reading K</ID>
		</AssessmentIdentificationCode>
		<AssessmentCategory>State summative assessment 3-8 general</AssessmentCategory>
		<AcademicSubject>Reading</AcademicSubject>
		<GradeLevelAssessed>Kindergarten</GradeLevelAssessed>
		<ContentStandard>Texas Essential Knowledge and Skills</ContentStandard>
		<Version>2002</Version>
		<RevisionDate>2010-01-01</RevisionDate>
		<MaxRawScore>100</MaxRawScore>
	</Assessment>
	<Assessment id="TA-TELPAS-Reading-01-2002">
		<AssessmentTitle>TELPAS</AssessmentTitle>
		<AssessmentIdentificationCode IdentificationSystem="Test Contractor">
			<ID>TELAPS Reading 1</ID>
		</AssessmentIdentificationCode>
		<AssessmentCategory>State summative assessment 3-8 general</AssessmentCategory>
		<AcademicSubject>Reading</AcademicSubject>
		<GradeLevelAssessed>First grade</GradeLevelAssessed>
		<ContentStandard>Texas Essential Knowledge and Skills</ContentStandard>
		<Version>2002</Version>
		<RevisionDate>2010-01-01</RevisionDate>
		<MaxRawScore>100</MaxRawScore>
	</Assessment>
	<Assessment id="TA-TELPAS-Reading-02-2002">
		<AssessmentTitle>TELPAS</AssessmentTitle>
		<AssessmentIdentificationCode IdentificationSystem="Test Contractor">
			<ID>TELAPS Reading 2</ID>
		</AssessmentIdentificationCode>
		<AssessmentCategory>State summative assessment 3-8 general</AssessmentCategory>
		<AcademicSubject>Reading</AcademicSubject>
		<GradeLevelAssessed>Second grade</GradeLevelAssessed>
		<ContentStandard>Texas Essential Knowledge and Skills</ContentStandard>
		<Version>2002</Version>
		<RevisionDate>2010-01-01</RevisionDate>
		<MaxRawScore>100</MaxRawScore>
	</Assessment>
	<Assessment id="TA-TELPAS-Reading-03-2002">
		<AssessmentTitle>TELPAS</AssessmentTitle>
		<AssessmentIdentificationCode IdentificationSystem="Test Contractor">
			<ID>TELAPS Reading 3</ID>
		</AssessmentIdentificationCode>
		<AssessmentCategory>State summative assessment 3-8 general</AssessmentCategory>
		<AcademicSubject>Reading</AcademicSubject>
		<GradeLevelAssessed>Third grade</GradeLevelAssessed>
		<ContentStandard>Texas Essential Knowledge and Skills</ContentStandard>
		<Version>2002</Version>
		<RevisionDate>2010-01-01</RevisionDate>
		<MaxRawScore>100</MaxRawScore>
	</Assessment>
	<Assessment id="TA-TELPAS-Reading-05-2002">
		<AssessmentTitle>TELPAS</AssessmentTitle>
		<AssessmentIdentificationCode IdentificationSystem="Test Contractor">
			<ID>TELAPS Reading 5</ID>
		</AssessmentIdentificationCode>
		<AssessmentCategory>State summative assessment 3-8 general</AssessmentCategory>
		<AcademicSubject>Reading</AcademicSubject>
		<GradeLevelAssessed>Fifth grade</GradeLevelAssessed>
		<ContentStandard>Texas Essential Knowledge and Skills</ContentStandard>
		<Version>2002</Version>
		<RevisionDate>2010-01-01</RevisionDate>
		<MaxRawScore>100</MaxRawScore>
	</Assessment>
	<Assessment id="TA-TELPAS-Reading-04-2002">
		<AssessmentTitle>TELPAS</AssessmentTitle>
		<AssessmentIdentificationCode IdentificationSystem="Test Contractor">
			<ID>TELAPS Reading 4</ID>
		</AssessmentIdentificationCode>
		<AssessmentCategory>State summative assessment 3-8 general</AssessmentCategory>
		<AcademicSubject>Reading</AcademicSubject>
		<GradeLevelAssessed>Fourth grade</GradeLevelAssessed>
		<ContentStandard>Texas Essential Knowledge and Skills</ContentStandard>
		<Version>2002</Version>
		<RevisionDate>2010-01-01</RevisionDate>
		<MaxRawScore>100</MaxRawScore>
	</Assessment>
</InterchangeAssessmentMetadata>