<?xml version="1.0" encoding="UTF-8"?>
<InterchangeEducationOrgCalendar xsi:schemaLocation="http://ed-fi.org/0100 C:/Projects/TSDS/trunk/src/Etl/EdFi.Etl.EdFi/Ed-Fi/Interchange-EducationOrgCalendar.xsd" xmlns="http://ed-fi.org/0100" xmlns:xsi="http://www.w3.org/2001/XMLSchema-instance">
	<Session>
		<SessionName>Traditional</SessionName>
		<SchoolYear>2010-2011</SchoolYear>
		<Term>Fall Semester</Term>
		<BeginDate>2010-08-23</BeginDate>
		<EndDate>2010-12-17</EndDate>
		<TotalInstructionalDays>81</TotalInstructionalDays>
		<EducationOrganizationReference>
			<EducationalOrgIdentity>
				<StateOrganizationId>255901001</StateOrganizationId>
			</EducationalOrgIdentity>
		</EducationOrganizationReference>
		<GradingPeriodReference ref="GRDP_20100823"/>
		<GradingPeriodReference ref="GRDP_20101004"/>
		<GradingPeriodReference ref="GRDP_20101108"/>
	</Session>
	<Session>
		<SessionName>Traditional</SessionName>
		<SchoolYear>2010-2011</SchoolYear>
		<Term>Spring Semester</Term>
		<BeginDate>2011-01-04</BeginDate>
		<EndDate>2011-05-27</EndDate>
		<TotalInstructionalDays>88</TotalInstructionalDays>
		<EducationOrganizationReference>
			<EducationalOrgIdentity>
				<StateOrganizationId>255901001</StateOrganizationId>
			</EducationalOrgIdentity>
		</EducationOrganizationReference>
		<GradingPeriodReference ref="GRDP_20110104"/>
		<GradingPeriodReference ref="GRDP_20110222"/>
		<GradingPeriodReference ref="GRDP_20110411"/>
	</Session>
	<Session>
		<SessionName>Traditional</SessionName>
		<SchoolYear>2010-2011</SchoolYear>
		<Term>Fall Semester</Term>
		<BeginDate>2010-08-23</BeginDate>
		<EndDate>2010-12-17</EndDate>
		<TotalInstructionalDays>81</TotalInstructionalDays>
		<EducationOrganizationReference>
			<EducationalOrgIdentity>
				<StateOrganizationId>255901044</StateOrganizationId>
			</EducationalOrgIdentity>
		</EducationOrganizationReference>
		<GradingPeriodReference ref="GRDP_20100823"/>
		<GradingPeriodReference ref="GRDP_20101004"/>
		<GradingPeriodReference ref="GRDP_20101108"/>
	</Session>
	<Session>
		<SessionName>Traditional</SessionName>
		<SchoolYear>2010-2011</SchoolYear>
		<Term>Spring Semester</Term>
		<BeginDate>2011-01-04</BeginDate>
		<EndDate>2011-05-27</EndDate>
		<TotalInstructionalDays>88</TotalInstructionalDays>
		<EducationOrganizationReference>
			<EducationalOrgIdentity>
				<StateOrganizationId>255901044</StateOrganizationId>
			</EducationalOrgIdentity>
		</EducationOrganizationReference>
		<GradingPeriodReference ref="GRDP_20110104"/>
		<GradingPeriodReference ref="GRDP_20110222"/>
		<GradingPeriodReference ref="GRDP_20110411"/>
	</Session>
	<Session>
		<SessionName>Traditional</SessionName>
		<SchoolYear>2010-2011</SchoolYear>
		<Term>Fall Semester</Term>
		<BeginDate>2010-08-23</BeginDate>
		<EndDate>2010-12-17</EndDate>
		<TotalInstructionalDays>81</TotalInstructionalDays>
		<EducationOrganizationReference>
			<EducationalOrgIdentity>
				<StateOrganizationId>255901107</StateOrganizationId>
			</EducationalOrgIdentity>
		</EducationOrganizationReference>
		<GradingPeriodReference ref="GRDP_20100823"/>
		<GradingPeriodReference ref="GRDP_20101004"/>
		<GradingPeriodReference ref="GRDP_20101108"/>
	</Session>
	<Session>
		<SessionName>Traditional</SessionName>
		<SchoolYear>2010-2011</SchoolYear>
		<Term>Spring Semester</Term>
		<BeginDate>2011-01-04</BeginDate>
		<EndDate>2011-05-27</EndDate>
		<TotalInstructionalDays>88</TotalInstructionalDays>
		<EducationOrganizationReference>
			<EducationalOrgIdentity>
				<StateOrganizationId>255901107</StateOrganizationId>
			</EducationalOrgIdentity>
		</EducationOrganizationReference>
		<GradingPeriodReference ref="GRDP_20110104"/>
		<GradingPeriodReference ref="GRDP_20110222"/>
		<GradingPeriodReference ref="GRDP_20110411"/>
	</Session>
	<GradingPeriod id="GRDP_20100823">
		<GradingPeriod>First Six Weeks</GradingPeriod>
		<BeginDate>2010-08-23</BeginDate>
		<EndDate>2010-10-03</EndDate>
		<TotalInstructionalDays>29</TotalInstructionalDays>
		<CalendarDateReference ref="CLND_20100823Instructionalday"/>
		<CalendarDateReference ref="CLND_20100824Instructionalday"/>
		<CalendarDateReference ref="CLND_20100825Instructionalday"/>
		<CalendarDateReference ref="CLND_20100826Instructionalday"/>
		<CalendarDateReference ref="CLND_20100827Instructionalday"/>
		<CalendarDateReference ref="CLND_20100828Holiday"/>
		<CalendarDateReference ref="CLND_20100829Holiday"/>
		<CalendarDateReference ref="CLND_20100830Instructionalday"/>
		<CalendarDateReference ref="CLND_20100831Instructionalday"/>
		<CalendarDateReference ref="CLND_20100901Instructionalday"/>
		<CalendarDateReference ref="CLND_20100902Instructionalday"/>
		<CalendarDateReference ref="CLND_20100903Instructionalday"/>
		<CalendarDateReference ref="CLND_20100904Holiday"/>
		<CalendarDateReference ref="CLND_20100905Holiday"/>
		<CalendarDateReference ref="CLND_20100906Holiday"/>
		<CalendarDateReference ref="CLND_20100907Instructionalday"/>
		<CalendarDateReference ref="CLND_20100908Instructionalday"/>
		<CalendarDateReference ref="CLND_20100909Instructionalday"/>
		<CalendarDateReference ref="CLND_20100910Instructionalday"/>
		<CalendarDateReference ref="CLND_20100911Holiday"/>
		<CalendarDateReference ref="CLND_20100912Holiday"/>
		<CalendarDateReference ref="CLND_20100913Instructionalday"/>
		<CalendarDateReference ref="CLND_20100914Instructionalday"/>
		<CalendarDateReference ref="CLND_20100915Instructionalday"/>
		<CalendarDateReference ref="CLND_20100916Instructionalday"/>
		<CalendarDateReference ref="CLND_20100917Instructionalday"/>
		<CalendarDateReference ref="CLND_20100918Holiday"/>
		<CalendarDateReference ref="CLND_20100919Holiday"/>
		<CalendarDateReference ref="CLND_20100920Instructionalday"/>
		<CalendarDateReference ref="CLND_20100921Instructionalday"/>
		<CalendarDateReference ref="CLND_20100922Instructionalday"/>
		<CalendarDateReference ref="CLND_20100923Instructionalday"/>
		<CalendarDateReference ref="CLND_20100924Instructionalday"/>
		<CalendarDateReference ref="CLND_20100925Holiday"/>
		<CalendarDateReference ref="CLND_20100926Holiday"/>
		<CalendarDateReference ref="CLND_20100927Instructionalday"/>
		<CalendarDateReference ref="CLND_20100928Instructionalday"/>
		<CalendarDateReference ref="CLND_20100929Instructionalday"/>
		<CalendarDateReference ref="CLND_20100930Instructionalday"/>
		<CalendarDateReference ref="CLND_20101001Instructionalday"/>
		<CalendarDateReference ref="CLND_20101002Holiday"/>
		<CalendarDateReference ref="CLND_20101003Holiday"/>
	</GradingPeriod>
	<GradingPeriod id="GRDP_20101004">
		<GradingPeriod>Second Six Weeks</GradingPeriod>
		<BeginDate>2010-10-04</BeginDate>
		<EndDate>2010-11-07</EndDate>
		<TotalInstructionalDays>25</TotalInstructionalDays>
		<CalendarDateReference ref="CLND_20101004Instructionalday"/>
		<CalendarDateReference ref="CLND_20101005Instructionalday"/>
		<CalendarDateReference ref="CLND_20101006Instructionalday"/>
		<CalendarDateReference ref="CLND_20101007Instructionalday"/>
		<CalendarDateReference ref="CLND_20101008Instructionalday"/>
		<CalendarDateReference ref="CLND_20101009Holiday"/>
		<CalendarDateReference ref="CLND_20101010Holiday"/>
		<CalendarDateReference ref="CLND_20101011Instructionalday"/>
		<CalendarDateReference ref="CLND_20101012Instructionalday"/>
		<CalendarDateReference ref="CLND_20101013Instructionalday"/>
		<CalendarDateReference ref="CLND_20101014Instructionalday"/>
		<CalendarDateReference ref="CLND_20101015Instructionalday"/>
		<CalendarDateReference ref="CLND_20101016Holiday"/>
		<CalendarDateReference ref="CLND_20101017Holiday"/>
		<CalendarDateReference ref="CLND_20101018Instructionalday"/>
		<CalendarDateReference ref="CLND_20101019Instructionalday"/>
		<CalendarDateReference ref="CLND_20101020Instructionalday"/>
		<CalendarDateReference ref="CLND_20101021Instructionalday"/>
		<CalendarDateReference ref="CLND_20101022Instructionalday"/>
		<CalendarDateReference ref="CLND_20101023Holiday"/>
		<CalendarDateReference ref="CLND_20101024Holiday"/>
		<CalendarDateReference ref="CLND_20101025Instructionalday"/>
		<CalendarDateReference ref="CLND_20101026Instructionalday"/>
		<CalendarDateReference ref="CLND_20101027Instructionalday"/>
		<CalendarDateReference ref="CLND_20101028Instructionalday"/>
		<CalendarDateReference ref="CLND_20101029Instructionalday"/>
		<CalendarDateReference ref="CLND_20101030Holiday"/>
		<CalendarDateReference ref="CLND_20101031Holiday"/>
		<CalendarDateReference ref="CLND_20101101Instructionalday"/>
		<CalendarDateReference ref="CLND_20101102Instructionalday"/>
		<CalendarDateReference ref="CLND_20101103Instructionalday"/>
		<CalendarDateReference ref="CLND_20101104Instructionalday"/>
		<CalendarDateReference ref="CLND_20101105Instructionalday"/>
		<CalendarDateReference ref="CLND_20101106Holiday"/>
		<CalendarDateReference ref="CLND_20101107Holiday"/>
	</GradingPeriod>
	<GradingPeriod id="GRDP_20101108">
		<GradingPeriod>Third Six Weeks</GradingPeriod>
		<BeginDate>2010-11-08</BeginDate>
		<EndDate>2010-12-17</EndDate>
		<TotalInstructionalDays>27</TotalInstructionalDays>
		<CalendarDateReference ref="CLND_20101108Instructionalday"/>
		<CalendarDateReference ref="CLND_20101109Instructionalday"/>
		<CalendarDateReference ref="CLND_20101110Instructionalday"/>
		<CalendarDateReference ref="CLND_20101111Instructionalday"/>
		<CalendarDateReference ref="CLND_20101112Instructionalday"/>
		<CalendarDateReference ref="CLND_20101113Holiday"/>
		<CalendarDateReference ref="CLND_20101114Holiday"/>
		<CalendarDateReference ref="CLND_20101115Instructionalday"/>
		<CalendarDateReference ref="CLND_20101116Instructionalday"/>
		<CalendarDateReference ref="CLND_20101117Instructionalday"/>
		<CalendarDateReference ref="CLND_20101118Instructionalday"/>
		<CalendarDateReference ref="CLND_20101119Instructionalday"/>
		<CalendarDateReference ref="CLND_20101120Holiday"/>
		<CalendarDateReference ref="CLND_20101121Holiday"/>
		<CalendarDateReference ref="CLND_20101122Instructionalday"/>
		<CalendarDateReference ref="CLND_20101123Instructionalday"/>
		<CalendarDateReference ref="CLND_20101124Holiday"/>
		<CalendarDateReference ref="CLND_20101125Holiday"/>
		<CalendarDateReference ref="CLND_20101126Holiday"/>
		<CalendarDateReference ref="CLND_20101127Holiday"/>
		<CalendarDateReference ref="CLND_20101128Holiday"/>
		<CalendarDateReference ref="CLND_20101129Instructionalday"/>
		<CalendarDateReference ref="CLND_20101130Instructionalday"/>
		<CalendarDateReference ref="CLND_20101201Instructionalday"/>
		<CalendarDateReference ref="CLND_20101202Instructionalday"/>
		<CalendarDateReference ref="CLND_20101203Instructionalday"/>
		<CalendarDateReference ref="CLND_20101204Holiday"/>
		<CalendarDateReference ref="CLND_20101205Holiday"/>
		<CalendarDateReference ref="CLND_20101206Instructionalday"/>
		<CalendarDateReference ref="CLND_20101207Instructionalday"/>
		<CalendarDateReference ref="CLND_20101208Instructionalday"/>
		<CalendarDateReference ref="CLND_20101209Instructionalday"/>
		<CalendarDateReference ref="CLND_20101210Instructionalday"/>
		<CalendarDateReference ref="CLND_20101211Holiday"/>
		<CalendarDateReference ref="CLND_20101212Holiday"/>
		<CalendarDateReference ref="CLND_20101213Instructionalday"/>
		<CalendarDateReference ref="CLND_20101214Instructionalday"/>
		<CalendarDateReference ref="CLND_20101215Instructionalday"/>
		<CalendarDateReference ref="CLND_20101216Instructionalday"/>
		<CalendarDateReference ref="CLND_20101217Instructionalday"/>
		<CalendarDateReference ref="CLND_20101218Holiday"/>
		<CalendarDateReference ref="CLND_20101219Holiday"/>
		<CalendarDateReference ref="CLND_20110103Holiday"/>
		<CalendarDateReference ref="CLND_20110104Instructionalday"/>
		<CalendarDateReference ref="CLND_20110105Instructionalday"/>
		<CalendarDateReference ref="CLND_20110106Instructionalday"/>
		<CalendarDateReference ref="CLND_20110107Instructionalday"/>
		<CalendarDateReference ref="CLND_20110108Holiday"/>
		<CalendarDateReference ref="CLND_20110109Holiday"/>
	</GradingPeriod>
	<GradingPeriod id="GRDP_20110104">
		<GradingPeriod>Fourth Six Weeks</GradingPeriod>
		<BeginDate>2011-01-04</BeginDate>
		<EndDate>2011-02-21</EndDate>
		<TotalInstructionalDays>33</TotalInstructionalDays>
		<CalendarDateReference ref="CLND_20110110Instructionalday"/>
		<CalendarDateReference ref="CLND_20110111Instructionalday"/>
		<CalendarDateReference ref="CLND_20110112Instructionalday"/>
		<CalendarDateReference ref="CLND_20110113Instructionalday"/>
		<CalendarDateReference ref="CLND_20110114Instructionalday"/>
		<CalendarDateReference ref="CLND_20110115Holiday"/>
		<CalendarDateReference ref="CLND_20110116Holiday"/>
		<CalendarDateReference ref="CLND_20110117Holiday"/>
		<CalendarDateReference ref="CLND_20110118Instructionalday"/>
		<CalendarDateReference ref="CLND_20110119Instructionalday"/>
		<CalendarDateReference ref="CLND_20110120Instructionalday"/>
		<CalendarDateReference ref="CLND_20110121Instructionalday"/>
		<CalendarDateReference ref="CLND_20110122Holiday"/>
		<CalendarDateReference ref="CLND_20110123Holiday"/>
		<CalendarDateReference ref="CLND_20110124Instructionalday"/>
		<CalendarDateReference ref="CLND_20110125Instructionalday"/>
		<CalendarDateReference ref="CLND_20110126Instructionalday"/>
		<CalendarDateReference ref="CLND_20110127Instructionalday"/>
		<CalendarDateReference ref="CLND_20110128Instructionalday"/>
		<CalendarDateReference ref="CLND_20110129Holiday"/>
		<CalendarDateReference ref="CLND_20110130Holiday"/>
		<CalendarDateReference ref="CLND_20110131Instructionalday"/>
		<CalendarDateReference ref="CLND_20110201Holiday"/>
		<CalendarDateReference ref="CLND_20110202Instructionalday"/>
		<CalendarDateReference ref="CLND_20110203Instructionalday"/>
		<CalendarDateReference ref="CLND_20110204Instructionalday"/>
		<CalendarDateReference ref="CLND_20110205Holiday"/>
		<CalendarDateReference ref="CLND_20110206Holiday"/>
		<CalendarDateReference ref="CLND_20110207Instructionalday"/>
		<CalendarDateReference ref="CLND_20110208Instructionalday"/>
		<CalendarDateReference ref="CLND_20110209Instructionalday"/>
		<CalendarDateReference ref="CLND_20110210Instructionalday"/>
		<CalendarDateReference ref="CLND_20110211Instructionalday"/>
		<CalendarDateReference ref="CLND_20110212Holiday"/>
		<CalendarDateReference ref="CLND_20110213Holiday"/>
		<CalendarDateReference ref="CLND_20110214Instructionalday"/>
		<CalendarDateReference ref="CLND_20110215Instructionalday"/>
		<CalendarDateReference ref="CLND_20110216Instructionalday"/>
		<CalendarDateReference ref="CLND_20110217Instructionalday"/>
		<CalendarDateReference ref="CLND_20110218Instructionalday"/>
		<CalendarDateReference ref="CLND_20110219Holiday"/>
		<CalendarDateReference ref="CLND_20110220Holiday"/>
	</GradingPeriod>
	<GradingPeriod id="GRDP_20110222">
		<GradingPeriod>Fifth Six Weeks</GradingPeriod>
		<BeginDate>2011-02-22</BeginDate>
		<EndDate>2011-04-10</EndDate>
		<TotalInstructionalDays>29</TotalInstructionalDays>
		<CalendarDateReference ref="CLND_20110221Instructionalday"/>
		<CalendarDateReference ref="CLND_20110222Instructionalday"/>
		<CalendarDateReference ref="CLND_20110223Instructionalday"/>
		<CalendarDateReference ref="CLND_20110224Instructionalday"/>
		<CalendarDateReference ref="CLND_20110225Instructionalday"/>
		<CalendarDateReference ref="CLND_20110226Holiday"/>
		<CalendarDateReference ref="CLND_20110227Holiday"/>
		<CalendarDateReference ref="CLND_20110228Instructionalday"/>
		<CalendarDateReference ref="CLND_20110301Instructionalday"/>
		<CalendarDateReference ref="CLND_20110302Instructionalday"/>
		<CalendarDateReference ref="CLND_20110303Instructionalday"/>
		<CalendarDateReference ref="CLND_20110304Instructionalday"/>
		<CalendarDateReference ref="CLND_20110305Holiday"/>
		<CalendarDateReference ref="CLND_20110306Holiday"/>
		<CalendarDateReference ref="CLND_20110307Instructionalday"/>
		<CalendarDateReference ref="CLND_20110308Instructionalday"/>
		<CalendarDateReference ref="CLND_20110309Instructionalday"/>
		<CalendarDateReference ref="CLND_20110310Instructionalday"/>
		<CalendarDateReference ref="CLND_20110311Instructionalday"/>
		<CalendarDateReference ref="CLND_20110312Holiday"/>
		<CalendarDateReference ref="CLND_20110313Holiday"/>
		<CalendarDateReference ref="CLND_20110314Holiday"/>
		<CalendarDateReference ref="CLND_20110315Holiday"/>
		<CalendarDateReference ref="CLND_20110316Holiday"/>
		<CalendarDateReference ref="CLND_20110317Holiday"/>
		<CalendarDateReference ref="CLND_20110318Holiday"/>
		<CalendarDateReference ref="CLND_20110319Holiday"/>
		<CalendarDateReference ref="CLND_20110320Holiday"/>
		<CalendarDateReference ref="CLND_20110321Instructionalday"/>
		<CalendarDateReference ref="CLND_20110322Instructionalday"/>
		<CalendarDateReference ref="CLND_20110323Instructionalday"/>
		<CalendarDateReference ref="CLND_20110324Instructionalday"/>
		<CalendarDateReference ref="CLND_20110325Instructionalday"/>
		<CalendarDateReference ref="CLND_20110326Holiday"/>
		<CalendarDateReference ref="CLND_20110327Holiday"/>
		<CalendarDateReference ref="CLND_20110328Instructionalday"/>
		<CalendarDateReference ref="CLND_20110329Instructionalday"/>
		<CalendarDateReference ref="CLND_20110330Instructionalday"/>
		<CalendarDateReference ref="CLND_20110331Instructionalday"/>
		<CalendarDateReference ref="CLND_20110401Instructionalday"/>
		<CalendarDateReference ref="CLND_20110402Holiday"/>
		<CalendarDateReference ref="CLND_20110403Holiday"/>
		<CalendarDateReference ref="CLND_20110404Instructionalday"/>
		<CalendarDateReference ref="CLND_20110405Instructionalday"/>
		<CalendarDateReference ref="CLND_20110406Instructionalday"/>
		<CalendarDateReference ref="CLND_20110407Instructionalday"/>
		<CalendarDateReference ref="CLND_20110408Instructionalday"/>
		<CalendarDateReference ref="CLND_20110409Holiday"/>
		<CalendarDateReference ref="CLND_20110410Holiday"/>
	</GradingPeriod>
	<GradingPeriod id="GRDP_20110411">
		<GradingPeriod>Sixth Six Weeks</GradingPeriod>
		<BeginDate>2011-04-11</BeginDate>
		<EndDate>2011-05-27</EndDate>
		<TotalInstructionalDays>34</TotalInstructionalDays>
		<CalendarDateReference ref="CLND_20110411Instructionalday"/>
		<CalendarDateReference ref="CLND_20110412Instructionalday"/>
		<CalendarDateReference ref="CLND_20110413Instructionalday"/>
		<CalendarDateReference ref="CLND_20110414Instructionalday"/>
		<CalendarDateReference ref="CLND_20110415Instructionalday"/>
		<CalendarDateReference ref="CLND_20110416Holiday"/>
		<CalendarDateReference ref="CLND_20110417Holiday"/>
		<CalendarDateReference ref="CLND_20110418Instructionalday"/>
		<CalendarDateReference ref="CLND_20110419Instructionalday"/>
		<CalendarDateReference ref="CLND_20110420Instructionalday"/>
		<CalendarDateReference ref="CLND_20110421Instructionalday"/>
		<CalendarDateReference ref="CLND_20110422Holiday"/>
		<CalendarDateReference ref="CLND_20110423Holiday"/>
		<CalendarDateReference ref="CLND_20110424Holiday"/>
		<CalendarDateReference ref="CLND_20110425Instructionalday"/>
		<CalendarDateReference ref="CLND_20110426Instructionalday"/>
		<CalendarDateReference ref="CLND_20110427Instructionalday"/>
		<CalendarDateReference ref="CLND_20110428Instructionalday"/>
		<CalendarDateReference ref="CLND_20110429Instructionalday"/>
		<CalendarDateReference ref="CLND_20110430Holiday"/>
		<CalendarDateReference ref="CLND_20110501Holiday"/>
		<CalendarDateReference ref="CLND_20110502Instructionalday"/>
		<CalendarDateReference ref="CLND_20110503Instructionalday"/>
		<CalendarDateReference ref="CLND_20110504Instructionalday"/>
		<CalendarDateReference ref="CLND_20110505Instructionalday"/>
		<CalendarDateReference ref="CLND_20110506Instructionalday"/>
		<CalendarDateReference ref="CLND_20110507Holiday"/>
		<CalendarDateReference ref="CLND_20110508Holiday"/>
		<CalendarDateReference ref="CLND_20110509Instructionalday"/>
		<CalendarDateReference ref="CLND_20110510Instructionalday"/>
		<CalendarDateReference ref="CLND_20110511Instructionalday"/>
		<CalendarDateReference ref="CLND_20110512Instructionalday"/>
		<CalendarDateReference ref="CLND_20110513Instructionalday"/>
		<CalendarDateReference ref="CLND_20110514Holiday"/>
		<CalendarDateReference ref="CLND_20110515Holiday"/>
		<CalendarDateReference ref="CLND_20110516Instructionalday"/>
		<CalendarDateReference ref="CLND_20110517Instructionalday"/>
		<CalendarDateReference ref="CLND_20110518Instructionalday"/>
		<CalendarDateReference ref="CLND_20110519Instructionalday"/>
		<CalendarDateReference ref="CLND_20110520Instructionalday"/>
		<CalendarDateReference ref="CLND_20110521Holiday"/>
		<CalendarDateReference ref="CLND_20110522Holiday"/>
		<CalendarDateReference ref="CLND_20110523Instructionalday"/>
		<CalendarDateReference ref="CLND_20110524Instructionalday"/>
		<CalendarDateReference ref="CLND_20110525Instructionalday"/>
		<CalendarDateReference ref="CLND_20110526Instructionalday"/>
		<CalendarDateReference ref="CLND_20110527Instructionalday"/>
	</GradingPeriod>
	<CalendarDate id="CLND_20100823Instructionalday">
		<Date>2010-08-23</Date>
		<CalendarEvent>Instructional day</CalendarEvent>
	</CalendarDate>
	<CalendarDate id="CLND_20100824Instructionalday">
		<Date>2010-08-24</Date>
		<CalendarEvent>Instructional day</CalendarEvent>
	</CalendarDate>
	<CalendarDate id="CLND_20100825Instructionalday">
		<Date>2010-08-25</Date>
		<CalendarEvent>Instructional day</CalendarEvent>
	</CalendarDate>
	<CalendarDate id="CLND_20100826Instructionalday">
		<Date>2010-08-26</Date>
		<CalendarEvent>Instructional day</CalendarEvent>
	</CalendarDate>
	<CalendarDate id="CLND_20100827Instructionalday">
		<Date>2010-08-27</Date>
		<CalendarEvent>Instructional day</CalendarEvent>
	</CalendarDate>
	<CalendarDate id="CLND_20100828Holiday">
		<Date>2010-08-28</Date>
		<CalendarEvent>Holiday</CalendarEvent>
	</CalendarDate>
	<CalendarDate id="CLND_20100829Holiday">
		<Date>2010-08-29</Date>
		<CalendarEvent>Holiday</CalendarEvent>
	</CalendarDate>
	<CalendarDate id="CLND_20100830Instructionalday">
		<Date>2010-08-30</Date>
		<CalendarEvent>Instructional day</CalendarEvent>
	</CalendarDate>
	<CalendarDate id="CLND_20100831Instructionalday">
		<Date>2010-08-31</Date>
		<CalendarEvent>Instructional day</CalendarEvent>
	</CalendarDate>
	<CalendarDate id="CLND_20100901Instructionalday">
		<Date>2010-09-01</Date>
		<CalendarEvent>Instructional day</CalendarEvent>
	</CalendarDate>
	<CalendarDate id="CLND_20100902Instructionalday">
		<Date>2010-09-02</Date>
		<CalendarEvent>Instructional day</CalendarEvent>
	</CalendarDate>
	<CalendarDate id="CLND_20100903Instructionalday">
		<Date>2010-09-03</Date>
		<CalendarEvent>Instructional day</CalendarEvent>
	</CalendarDate>
	<CalendarDate id="CLND_20100904Holiday">
		<Date>2010-09-04</Date>
		<CalendarEvent>Holiday</CalendarEvent>
	</CalendarDate>
	<CalendarDate id="CLND_20100905Holiday">
		<Date>2010-09-05</Date>
		<CalendarEvent>Holiday</CalendarEvent>
	</CalendarDate>
	<CalendarDate id="CLND_20100906Holiday">
		<Date>2010-09-06</Date>
		<CalendarEvent>Holiday</CalendarEvent>
	</CalendarDate>
	<CalendarDate id="CLND_20100907Instructionalday">
		<Date>2010-09-07</Date>
		<CalendarEvent>Instructional day</CalendarEvent>
	</CalendarDate>
	<CalendarDate id="CLND_20100908Instructionalday">
		<Date>2010-09-08</Date>
		<CalendarEvent>Instructional day</CalendarEvent>
	</CalendarDate>
	<CalendarDate id="CLND_20100909Instructionalday">
		<Date>2010-09-09</Date>
		<CalendarEvent>Instructional day</CalendarEvent>
	</CalendarDate>
	<CalendarDate id="CLND_20100910Instructionalday">
		<Date>2010-09-10</Date>
		<CalendarEvent>Instructional day</CalendarEvent>
	</CalendarDate>
	<CalendarDate id="CLND_20100911Holiday">
		<Date>2010-09-11</Date>
		<CalendarEvent>Holiday</CalendarEvent>
	</CalendarDate>
	<CalendarDate id="CLND_20100912Holiday">
		<Date>2010-09-12</Date>
		<CalendarEvent>Holiday</CalendarEvent>
	</CalendarDate>
	<CalendarDate id="CLND_20100913Instructionalday">
		<Date>2010-09-13</Date>
		<CalendarEvent>Instructional day</CalendarEvent>
	</CalendarDate>
	<CalendarDate id="CLND_20100914Instructionalday">
		<Date>2010-09-14</Date>
		<CalendarEvent>Instructional day</CalendarEvent>
	</CalendarDate>
	<CalendarDate id="CLND_20100915Instructionalday">
		<Date>2010-09-15</Date>
		<CalendarEvent>Instructional day</CalendarEvent>
	</CalendarDate>
	<CalendarDate id="CLND_20100916Instructionalday">
		<Date>2010-09-16</Date>
		<CalendarEvent>Instructional day</CalendarEvent>
	</CalendarDate>
	<CalendarDate id="CLND_20100917Instructionalday">
		<Date>2010-09-17</Date>
		<CalendarEvent>Instructional day</CalendarEvent>
	</CalendarDate>
	<CalendarDate id="CLND_20100918Holiday">
		<Date>2010-09-18</Date>
		<CalendarEvent>Holiday</CalendarEvent>
	</CalendarDate>
	<CalendarDate id="CLND_20100919Holiday">
		<Date>2010-09-19</Date>
		<CalendarEvent>Holiday</CalendarEvent>
	</CalendarDate>
	<CalendarDate id="CLND_20100920Instructionalday">
		<Date>2010-09-20</Date>
		<CalendarEvent>Instructional day</CalendarEvent>
	</CalendarDate>
	<CalendarDate id="CLND_20100921Instructionalday">
		<Date>2010-09-21</Date>
		<CalendarEvent>Instructional day</CalendarEvent>
	</CalendarDate>
	<CalendarDate id="CLND_20100922Instructionalday">
		<Date>2010-09-22</Date>
		<CalendarEvent>Instructional day</CalendarEvent>
	</CalendarDate>
	<CalendarDate id="CLND_20100923Instructionalday">
		<Date>2010-09-23</Date>
		<CalendarEvent>Instructional day</CalendarEvent>
	</CalendarDate>
	<CalendarDate id="CLND_20100924Instructionalday">
		<Date>2010-09-24</Date>
		<CalendarEvent>Instructional day</CalendarEvent>
	</CalendarDate>
	<CalendarDate id="CLND_20100925Holiday">
		<Date>2010-09-25</Date>
		<CalendarEvent>Holiday</CalendarEvent>
	</CalendarDate>
	<CalendarDate id="CLND_20100926Holiday">
		<Date>2010-09-26</Date>
		<CalendarEvent>Holiday</CalendarEvent>
	</CalendarDate>
	<CalendarDate id="CLND_20100927Instructionalday">
		<Date>2010-09-27</Date>
		<CalendarEvent>Instructional day</CalendarEvent>
	</CalendarDate>
	<CalendarDate id="CLND_20100928Instructionalday">
		<Date>2010-09-28</Date>
		<CalendarEvent>Instructional day</CalendarEvent>
	</CalendarDate>
	<CalendarDate id="CLND_20100929Instructionalday">
		<Date>2010-09-29</Date>
		<CalendarEvent>Instructional day</CalendarEvent>
	</CalendarDate>
	<CalendarDate id="CLND_20100930Instructionalday">
		<Date>2010-09-30</Date>
		<CalendarEvent>Instructional day</CalendarEvent>
	</CalendarDate>
	<CalendarDate id="CLND_20101001Instructionalday">
		<Date>2010-10-01</Date>
		<CalendarEvent>Instructional day</CalendarEvent>
	</CalendarDate>
	<CalendarDate id="CLND_20101002Holiday">
		<Date>2010-10-02</Date>
		<CalendarEvent>Holiday</CalendarEvent>
	</CalendarDate>
	<CalendarDate id="CLND_20101003Holiday">
		<Date>2010-10-03</Date>
		<CalendarEvent>Holiday</CalendarEvent>
	</CalendarDate>
	<CalendarDate id="CLND_20101004Instructionalday">
		<Date>2010-10-04</Date>
		<CalendarEvent>Instructional day</CalendarEvent>
	</CalendarDate>
	<CalendarDate id="CLND_20101005Instructionalday">
		<Date>2010-10-05</Date>
		<CalendarEvent>Instructional day</CalendarEvent>
	</CalendarDate>
	<CalendarDate id="CLND_20101006Instructionalday">
		<Date>2010-10-06</Date>
		<CalendarEvent>Instructional day</CalendarEvent>
	</CalendarDate>
	<CalendarDate id="CLND_20101007Instructionalday">
		<Date>2010-10-07</Date>
		<CalendarEvent>Instructional day</CalendarEvent>
	</CalendarDate>
	<CalendarDate id="CLND_20101008Instructionalday">
		<Date>2010-10-08</Date>
		<CalendarEvent>Instructional day</CalendarEvent>
	</CalendarDate>
	<CalendarDate id="CLND_20101009Holiday">
		<Date>2010-10-09</Date>
		<CalendarEvent>Holiday</CalendarEvent>
	</CalendarDate>
	<CalendarDate id="CLND_20101010Holiday">
		<Date>2010-10-10</Date>
		<CalendarEvent>Holiday</CalendarEvent>
	</CalendarDate>
	<CalendarDate id="CLND_20101011Instructionalday">
		<Date>2010-10-11</Date>
		<CalendarEvent>Instructional day</CalendarEvent>
	</CalendarDate>
	<CalendarDate id="CLND_20101012Instructionalday">
		<Date>2010-10-12</Date>
		<CalendarEvent>Instructional day</CalendarEvent>
	</CalendarDate>
	<CalendarDate id="CLND_20101013Instructionalday">
		<Date>2010-10-13</Date>
		<CalendarEvent>Instructional day</CalendarEvent>
	</CalendarDate>
	<CalendarDate id="CLND_20101014Instructionalday">
		<Date>2010-10-14</Date>
		<CalendarEvent>Instructional day</CalendarEvent>
	</CalendarDate>
	<CalendarDate id="CLND_20101015Instructionalday">
		<Date>2010-10-15</Date>
		<CalendarEvent>Instructional day</CalendarEvent>
	</CalendarDate>
	<CalendarDate id="CLND_20101016Holiday">
		<Date>2010-10-16</Date>
		<CalendarEvent>Holiday</CalendarEvent>
	</CalendarDate>
	<CalendarDate id="CLND_20101017Holiday">
		<Date>2010-10-17</Date>
		<CalendarEvent>Holiday</CalendarEvent>
	</CalendarDate>
	<CalendarDate id="CLND_20101018Instructionalday">
		<Date>2010-10-18</Date>
		<CalendarEvent>Instructional day</CalendarEvent>
	</CalendarDate>
	<CalendarDate id="CLND_20101019Instructionalday">
		<Date>2010-10-19</Date>
		<CalendarEvent>Instructional day</CalendarEvent>
	</CalendarDate>
	<CalendarDate id="CLND_20101020Instructionalday">
		<Date>2010-10-20</Date>
		<CalendarEvent>Instructional day</CalendarEvent>
	</CalendarDate>
	<CalendarDate id="CLND_20101021Instructionalday">
		<Date>2010-10-21</Date>
		<CalendarEvent>Instructional day</CalendarEvent>
	</CalendarDate>
	<CalendarDate id="CLND_20101022Instructionalday">
		<Date>2010-10-22</Date>
		<CalendarEvent>Instructional day</CalendarEvent>
	</CalendarDate>
	<CalendarDate id="CLND_20101023Holiday">
		<Date>2010-10-23</Date>
		<CalendarEvent>Holiday</CalendarEvent>
	</CalendarDate>
	<CalendarDate id="CLND_20101024Holiday">
		<Date>2010-10-24</Date>
		<CalendarEvent>Holiday</CalendarEvent>
	</CalendarDate>
	<CalendarDate id="CLND_20101025Instructionalday">
		<Date>2010-10-25</Date>
		<CalendarEvent>Instructional day</CalendarEvent>
	</CalendarDate>
	<CalendarDate id="CLND_20101026Instructionalday">
		<Date>2010-10-26</Date>
		<CalendarEvent>Instructional day</CalendarEvent>
	</CalendarDate>
	<CalendarDate id="CLND_20101027Instructionalday">
		<Date>2010-10-27</Date>
		<CalendarEvent>Instructional day</CalendarEvent>
	</CalendarDate>
	<CalendarDate id="CLND_20101028Instructionalday">
		<Date>2010-10-28</Date>
		<CalendarEvent>Instructional day</CalendarEvent>
	</CalendarDate>
	<CalendarDate id="CLND_20101029Instructionalday">
		<Date>2010-10-29</Date>
		<CalendarEvent>Instructional day</CalendarEvent>
	</CalendarDate>
	<CalendarDate id="CLND_20101030Holiday">
		<Date>2010-10-30</Date>
		<CalendarEvent>Holiday</CalendarEvent>
	</CalendarDate>
	<CalendarDate id="CLND_20101031Holiday">
		<Date>2010-10-31</Date>
		<CalendarEvent>Holiday</CalendarEvent>
	</CalendarDate>
	<CalendarDate id="CLND_20101101Instructionalday">
		<Date>2010-11-01</Date>
		<CalendarEvent>Instructional day</CalendarEvent>
	</CalendarDate>
	<CalendarDate id="CLND_20101102Instructionalday">
		<Date>2010-11-02</Date>
		<CalendarEvent>Instructional day</CalendarEvent>
	</CalendarDate>
	<CalendarDate id="CLND_20101103Instructionalday">
		<Date>2010-11-03</Date>
		<CalendarEvent>Instructional day</CalendarEvent>
	</CalendarDate>
	<CalendarDate id="CLND_20101104Instructionalday">
		<Date>2010-11-04</Date>
		<CalendarEvent>Instructional day</CalendarEvent>
	</CalendarDate>
	<CalendarDate id="CLND_20101105Instructionalday">
		<Date>2010-11-05</Date>
		<CalendarEvent>Instructional day</CalendarEvent>
	</CalendarDate>
	<CalendarDate id="CLND_20101106Holiday">
		<Date>2010-11-06</Date>
		<CalendarEvent>Holiday</CalendarEvent>
	</CalendarDate>
	<CalendarDate id="CLND_20101107Holiday">
		<Date>2010-11-07</Date>
		<CalendarEvent>Holiday</CalendarEvent>
	</CalendarDate>
	<CalendarDate id="CLND_20101108Instructionalday">
		<Date>2010-11-08</Date>
		<CalendarEvent>Instructional day</CalendarEvent>
	</CalendarDate>
	<CalendarDate id="CLND_20101109Instructionalday">
		<Date>2010-11-09</Date>
		<CalendarEvent>Instructional day</CalendarEvent>
	</CalendarDate>
	<CalendarDate id="CLND_20101110Instructionalday">
		<Date>2010-11-10</Date>
		<CalendarEvent>Instructional day</CalendarEvent>
	</CalendarDate>
	<CalendarDate id="CLND_20101111Instructionalday">
		<Date>2010-11-11</Date>
		<CalendarEvent>Instructional day</CalendarEvent>
	</CalendarDate>
	<CalendarDate id="CLND_20101112Instructionalday">
		<Date>2010-11-12</Date>
		<CalendarEvent>Instructional day</CalendarEvent>
	</CalendarDate>
	<CalendarDate id="CLND_20101113Holiday">
		<Date>2010-11-13</Date>
		<CalendarEvent>Holiday</CalendarEvent>
	</CalendarDate>
	<CalendarDate id="CLND_20101114Holiday">
		<Date>2010-11-14</Date>
		<CalendarEvent>Holiday</CalendarEvent>
	</CalendarDate>
	<CalendarDate id="CLND_20101115Instructionalday">
		<Date>2010-11-15</Date>
		<CalendarEvent>Instructional day</CalendarEvent>
	</CalendarDate>
	<CalendarDate id="CLND_20101116Instructionalday">
		<Date>2010-11-16</Date>
		<CalendarEvent>Instructional day</CalendarEvent>
	</CalendarDate>
	<CalendarDate id="CLND_20101117Instructionalday">
		<Date>2010-11-17</Date>
		<CalendarEvent>Instructional day</CalendarEvent>
	</CalendarDate>
	<CalendarDate id="CLND_20101118Instructionalday">
		<Date>2010-11-18</Date>
		<CalendarEvent>Instructional day</CalendarEvent>
	</CalendarDate>
	<CalendarDate id="CLND_20101119Instructionalday">
		<Date>2010-11-19</Date>
		<CalendarEvent>Instructional day</CalendarEvent>
	</CalendarDate>
	<CalendarDate id="CLND_20101120Holiday">
		<Date>2010-11-20</Date>
		<CalendarEvent>Holiday</CalendarEvent>
	</CalendarDate>
	<CalendarDate id="CLND_20101121Holiday">
		<Date>2010-11-21</Date>
		<CalendarEvent>Holiday</CalendarEvent>
	</CalendarDate>
	<CalendarDate id="CLND_20101122Instructionalday">
		<Date>2010-11-22</Date>
		<CalendarEvent>Instructional day</CalendarEvent>
	</CalendarDate>
	<CalendarDate id="CLND_20101123Instructionalday">
		<Date>2010-11-23</Date>
		<CalendarEvent>Instructional day</CalendarEvent>
	</CalendarDate>
	<CalendarDate id="CLND_20101124Holiday">
		<Date>2010-11-24</Date>
		<CalendarEvent>Holiday</CalendarEvent>
	</CalendarDate>
	<CalendarDate id="CLND_20101125Holiday">
		<Date>2010-11-25</Date>
		<CalendarEvent>Holiday</CalendarEvent>
	</CalendarDate>
	<CalendarDate id="CLND_20101126Holiday">
		<Date>2010-11-26</Date>
		<CalendarEvent>Holiday</CalendarEvent>
	</CalendarDate>
	<CalendarDate id="CLND_20101127Holiday">
		<Date>2010-11-27</Date>
		<CalendarEvent>Holiday</CalendarEvent>
	</CalendarDate>
	<CalendarDate id="CLND_20101128Holiday">
		<Date>2010-11-28</Date>
		<CalendarEvent>Holiday</CalendarEvent>
	</CalendarDate>
	<CalendarDate id="CLND_20101129Instructionalday">
		<Date>2010-11-29</Date>
		<CalendarEvent>Instructional day</CalendarEvent>
	</CalendarDate>
	<CalendarDate id="CLND_20101130Instructionalday">
		<Date>2010-11-30</Date>
		<CalendarEvent>Instructional day</CalendarEvent>
	</CalendarDate>
	<CalendarDate id="CLND_20101201Instructionalday">
		<Date>2010-12-01</Date>
		<CalendarEvent>Instructional day</CalendarEvent>
	</CalendarDate>
	<CalendarDate id="CLND_20101202Instructionalday">
		<Date>2010-12-02</Date>
		<CalendarEvent>Instructional day</CalendarEvent>
	</CalendarDate>
	<CalendarDate id="CLND_20101203Instructionalday">
		<Date>2010-12-03</Date>
		<CalendarEvent>Instructional day</CalendarEvent>
	</CalendarDate>
	<CalendarDate id="CLND_20101204Holiday">
		<Date>2010-12-04</Date>
		<CalendarEvent>Holiday</CalendarEvent>
	</CalendarDate>
	<CalendarDate id="CLND_20101205Holiday">
		<Date>2010-12-05</Date>
		<CalendarEvent>Holiday</CalendarEvent>
	</CalendarDate>
	<CalendarDate id="CLND_20101206Instructionalday">
		<Date>2010-12-06</Date>
		<CalendarEvent>Instructional day</CalendarEvent>
	</CalendarDate>
	<CalendarDate id="CLND_20101207Instructionalday">
		<Date>2010-12-07</Date>
		<CalendarEvent>Instructional day</CalendarEvent>
	</CalendarDate>
	<CalendarDate id="CLND_20101208Instructionalday">
		<Date>2010-12-08</Date>
		<CalendarEvent>Instructional day</CalendarEvent>
	</CalendarDate>
	<CalendarDate id="CLND_20101209Instructionalday">
		<Date>2010-12-09</Date>
		<CalendarEvent>Instructional day</CalendarEvent>
	</CalendarDate>
	<CalendarDate id="CLND_20101210Instructionalday">
		<Date>2010-12-10</Date>
		<CalendarEvent>Instructional day</CalendarEvent>
	</CalendarDate>
	<CalendarDate id="CLND_20101211Holiday">
		<Date>2010-12-11</Date>
		<CalendarEvent>Holiday</CalendarEvent>
	</CalendarDate>
	<CalendarDate id="CLND_20101212Holiday">
		<Date>2010-12-12</Date>
		<CalendarEvent>Holiday</CalendarEvent>
	</CalendarDate>
	<CalendarDate id="CLND_20101213Instructionalday">
		<Date>2010-12-13</Date>
		<CalendarEvent>Instructional day</CalendarEvent>
	</CalendarDate>
	<CalendarDate id="CLND_20101214Instructionalday">
		<Date>2010-12-14</Date>
		<CalendarEvent>Instructional day</CalendarEvent>
	</CalendarDate>
	<CalendarDate id="CLND_20101215Instructionalday">
		<Date>2010-12-15</Date>
		<CalendarEvent>Instructional day</CalendarEvent>
	</CalendarDate>
	<CalendarDate id="CLND_20101216Instructionalday">
		<Date>2010-12-16</Date>
		<CalendarEvent>Instructional day</CalendarEvent>
	</CalendarDate>
	<CalendarDate id="CLND_20101217Instructionalday">
		<Date>2010-12-17</Date>
		<CalendarEvent>Instructional day</CalendarEvent>
	</CalendarDate>
	<CalendarDate id="CLND_20101218Holiday">
		<Date>2010-12-18</Date>
		<CalendarEvent>Holiday</CalendarEvent>
	</CalendarDate>
	<CalendarDate id="CLND_20101219Holiday">
		<Date>2010-12-19</Date>
		<CalendarEvent>Holiday</CalendarEvent>
	</CalendarDate>
	<CalendarDate id="CLND_20101220Holiday">
		<Date>2010-12-20</Date>
		<CalendarEvent>Holiday</CalendarEvent>
	</CalendarDate>
	<CalendarDate id="CLND_20101221Holiday">
		<Date>2010-12-21</Date>
		<CalendarEvent>Holiday</CalendarEvent>
	</CalendarDate>
	<CalendarDate id="CLND_20101222Holiday">
		<Date>2010-12-22</Date>
		<CalendarEvent>Holiday</CalendarEvent>
	</CalendarDate>
	<CalendarDate id="CLND_20101223Holiday">
		<Date>2010-12-23</Date>
		<CalendarEvent>Holiday</CalendarEvent>
	</CalendarDate>
	<CalendarDate id="CLND_20101224Holiday">
		<Date>2010-12-24</Date>
		<CalendarEvent>Holiday</CalendarEvent>
	</CalendarDate>
	<CalendarDate id="CLND_20101225Holiday">
		<Date>2010-12-25</Date>
		<CalendarEvent>Holiday</CalendarEvent>
	</CalendarDate>
	<CalendarDate id="CLND_20101226Holiday">
		<Date>2010-12-26</Date>
		<CalendarEvent>Holiday</CalendarEvent>
	</CalendarDate>
	<CalendarDate id="CLND_20101227Holiday">
		<Date>2010-12-27</Date>
		<CalendarEvent>Holiday</CalendarEvent>
	</CalendarDate>
	<CalendarDate id="CLND_20101228Holiday">
		<Date>2010-12-28</Date>
		<CalendarEvent>Holiday</CalendarEvent>
	</CalendarDate>
	<CalendarDate id="CLND_20101229Holiday">
		<Date>2010-12-29</Date>
		<CalendarEvent>Holiday</CalendarEvent>
	</CalendarDate>
	<CalendarDate id="CLND_20101230Holiday">
		<Date>2010-12-30</Date>
		<CalendarEvent>Holiday</CalendarEvent>
	</CalendarDate>
	<CalendarDate id="CLND_20101231Holiday">
		<Date>2010-12-31</Date>
		<CalendarEvent>Holiday</CalendarEvent>
	</CalendarDate>
	<CalendarDate id="CLND_20110101Holiday">
		<Date>2011-01-01</Date>
		<CalendarEvent>Holiday</CalendarEvent>
	</CalendarDate>
	<CalendarDate id="CLND_20110102Holiday">
		<Date>2011-01-02</Date>
		<CalendarEvent>Holiday</CalendarEvent>
	</CalendarDate>
	<CalendarDate id="CLND_20110103Holiday">
		<Date>2011-01-03</Date>
		<CalendarEvent>Holiday</CalendarEvent>
	</CalendarDate>
	<CalendarDate id="CLND_20110104Instructionalday">
		<Date>2011-01-04</Date>
		<CalendarEvent>Instructional day</CalendarEvent>
	</CalendarDate>
	<CalendarDate id="CLND_20110105Instructionalday">
		<Date>2011-01-05</Date>
		<CalendarEvent>Instructional day</CalendarEvent>
	</CalendarDate>
	<CalendarDate id="CLND_20110106Instructionalday">
		<Date>2011-01-06</Date>
		<CalendarEvent>Instructional day</CalendarEvent>
	</CalendarDate>
	<CalendarDate id="CLND_20110107Instructionalday">
		<Date>2011-01-07</Date>
		<CalendarEvent>Instructional day</CalendarEvent>
	</CalendarDate>
	<CalendarDate id="CLND_20110108Holiday">
		<Date>2011-01-08</Date>
		<CalendarEvent>Holiday</CalendarEvent>
	</CalendarDate>
	<CalendarDate id="CLND_20110109Holiday">
		<Date>2011-01-09</Date>
		<CalendarEvent>Holiday</CalendarEvent>
	</CalendarDate>
	<CalendarDate id="CLND_20110110Instructionalday">
		<Date>2011-01-10</Date>
		<CalendarEvent>Instructional day</CalendarEvent>
	</CalendarDate>
	<CalendarDate id="CLND_20110111Instructionalday">
		<Date>2011-01-11</Date>
		<CalendarEvent>Instructional day</CalendarEvent>
	</CalendarDate>
	<CalendarDate id="CLND_20110112Instructionalday">
		<Date>2011-01-12</Date>
		<CalendarEvent>Instructional day</CalendarEvent>
	</CalendarDate>
	<CalendarDate id="CLND_20110113Instructionalday">
		<Date>2011-01-13</Date>
		<CalendarEvent>Instructional day</CalendarEvent>
	</CalendarDate>
	<CalendarDate id="CLND_20110114Instructionalday">
		<Date>2011-01-14</Date>
		<CalendarEvent>Instructional day</CalendarEvent>
	</CalendarDate>
	<CalendarDate id="CLND_20110115Holiday">
		<Date>2011-01-15</Date>
		<CalendarEvent>Holiday</CalendarEvent>
	</CalendarDate>
	<CalendarDate id="CLND_20110116Holiday">
		<Date>2011-01-16</Date>
		<CalendarEvent>Holiday</CalendarEvent>
	</CalendarDate>
	<CalendarDate id="CLND_20110117Holiday">
		<Date>2011-01-17</Date>
		<CalendarEvent>Holiday</CalendarEvent>
	</CalendarDate>
	<CalendarDate id="CLND_20110118Instructionalday">
		<Date>2011-01-18</Date>
		<CalendarEvent>Instructional day</CalendarEvent>
	</CalendarDate>
	<CalendarDate id="CLND_20110119Instructionalday">
		<Date>2011-01-19</Date>
		<CalendarEvent>Instructional day</CalendarEvent>
	</CalendarDate>
	<CalendarDate id="CLND_20110120Instructionalday">
		<Date>2011-01-20</Date>
		<CalendarEvent>Instructional day</CalendarEvent>
	</CalendarDate>
	<CalendarDate id="CLND_20110121Instructionalday">
		<Date>2011-01-21</Date>
		<CalendarEvent>Instructional day</CalendarEvent>
	</CalendarDate>
	<CalendarDate id="CLND_20110122Holiday">
		<Date>2011-01-22</Date>
		<CalendarEvent>Holiday</CalendarEvent>
	</CalendarDate>
	<CalendarDate id="CLND_20110123Holiday">
		<Date>2011-01-23</Date>
		<CalendarEvent>Holiday</CalendarEvent>
	</CalendarDate>
	<CalendarDate id="CLND_20110124Instructionalday">
		<Date>2011-01-24</Date>
		<CalendarEvent>Instructional day</CalendarEvent>
	</CalendarDate>
	<CalendarDate id="CLND_20110125Instructionalday">
		<Date>2011-01-25</Date>
		<CalendarEvent>Instructional day</CalendarEvent>
	</CalendarDate>
	<CalendarDate id="CLND_20110126Instructionalday">
		<Date>2011-01-26</Date>
		<CalendarEvent>Instructional day</CalendarEvent>
	</CalendarDate>
	<CalendarDate id="CLND_20110127Instructionalday">
		<Date>2011-01-27</Date>
		<CalendarEvent>Instructional day</CalendarEvent>
	</CalendarDate>
	<CalendarDate id="CLND_20110128Instructionalday">
		<Date>2011-01-28</Date>
		<CalendarEvent>Instructional day</CalendarEvent>
	</CalendarDate>
	<CalendarDate id="CLND_20110129Holiday">
		<Date>2011-01-29</Date>
		<CalendarEvent>Holiday</CalendarEvent>
	</CalendarDate>
	<CalendarDate id="CLND_20110130Holiday">
		<Date>2011-01-30</Date>
		<CalendarEvent>Holiday</CalendarEvent>
	</CalendarDate>
	<CalendarDate id="CLND_20110131Instructionalday">
		<Date>2011-01-31</Date>
		<CalendarEvent>Instructional day</CalendarEvent>
	</CalendarDate>
	<CalendarDate id="CLND_20110201Holiday">
		<Date>2011-02-01</Date>
		<CalendarEvent>Holiday</CalendarEvent>
	</CalendarDate>
	<CalendarDate id="CLND_20110202Instructionalday">
		<Date>2011-02-02</Date>
		<CalendarEvent>Instructional day</CalendarEvent>
	</CalendarDate>
	<CalendarDate id="CLND_20110203Instructionalday">
		<Date>2011-02-03</Date>
		<CalendarEvent>Instructional day</CalendarEvent>
	</CalendarDate>
	<CalendarDate id="CLND_20110204Instructionalday">
		<Date>2011-02-04</Date>
		<CalendarEvent>Instructional day</CalendarEvent>
	</CalendarDate>
	<CalendarDate id="CLND_20110205Holiday">
		<Date>2011-02-05</Date>
		<CalendarEvent>Holiday</CalendarEvent>
	</CalendarDate>
	<CalendarDate id="CLND_20110206Holiday">
		<Date>2011-02-06</Date>
		<CalendarEvent>Holiday</CalendarEvent>
	</CalendarDate>
	<CalendarDate id="CLND_20110207Instructionalday">
		<Date>2011-02-07</Date>
		<CalendarEvent>Instructional day</CalendarEvent>
	</CalendarDate>
	<CalendarDate id="CLND_20110208Instructionalday">
		<Date>2011-02-08</Date>
		<CalendarEvent>Instructional day</CalendarEvent>
	</CalendarDate>
	<CalendarDate id="CLND_20110209Instructionalday">
		<Date>2011-02-09</Date>
		<CalendarEvent>Instructional day</CalendarEvent>
	</CalendarDate>
	<CalendarDate id="CLND_20110210Instructionalday">
		<Date>2011-02-10</Date>
		<CalendarEvent>Instructional day</CalendarEvent>
	</CalendarDate>
	<CalendarDate id="CLND_20110211Instructionalday">
		<Date>2011-02-11</Date>
		<CalendarEvent>Instructional day</CalendarEvent>
	</CalendarDate>
	<CalendarDate id="CLND_20110212Holiday">
		<Date>2011-02-12</Date>
		<CalendarEvent>Holiday</CalendarEvent>
	</CalendarDate>
	<CalendarDate id="CLND_20110213Holiday">
		<Date>2011-02-13</Date>
		<CalendarEvent>Holiday</CalendarEvent>
	</CalendarDate>
	<CalendarDate id="CLND_20110214Instructionalday">
		<Date>2011-02-14</Date>
		<CalendarEvent>Instructional day</CalendarEvent>
	</CalendarDate>
	<CalendarDate id="CLND_20110215Instructionalday">
		<Date>2011-02-15</Date>
		<CalendarEvent>Instructional day</CalendarEvent>
	</CalendarDate>
	<CalendarDate id="CLND_20110216Instructionalday">
		<Date>2011-02-16</Date>
		<CalendarEvent>Instructional day</CalendarEvent>
	</CalendarDate>
	<CalendarDate id="CLND_20110217Instructionalday">
		<Date>2011-02-17</Date>
		<CalendarEvent>Instructional day</CalendarEvent>
	</CalendarDate>
	<CalendarDate id="CLND_20110218Instructionalday">
		<Date>2011-02-18</Date>
		<CalendarEvent>Instructional day</CalendarEvent>
	</CalendarDate>
	<CalendarDate id="CLND_20110219Holiday">
		<Date>2011-02-19</Date>
		<CalendarEvent>Holiday</CalendarEvent>
	</CalendarDate>
	<CalendarDate id="CLND_20110220Holiday">
		<Date>2011-02-20</Date>
		<CalendarEvent>Holiday</CalendarEvent>
	</CalendarDate>
	<CalendarDate id="CLND_20110221Instructionalday">
		<Date>2011-02-21</Date>
		<CalendarEvent>Instructional day</CalendarEvent>
	</CalendarDate>
	<CalendarDate id="CLND_20110222Instructionalday">
		<Date>2011-02-22</Date>
		<CalendarEvent>Instructional day</CalendarEvent>
	</CalendarDate>
	<CalendarDate id="CLND_20110223Instructionalday">
		<Date>2011-02-23</Date>
		<CalendarEvent>Instructional day</CalendarEvent>
	</CalendarDate>
	<CalendarDate id="CLND_20110224Instructionalday">
		<Date>2011-02-24</Date>
		<CalendarEvent>Instructional day</CalendarEvent>
	</CalendarDate>
	<CalendarDate id="CLND_20110225Instructionalday">
		<Date>2011-02-25</Date>
		<CalendarEvent>Instructional day</CalendarEvent>
	</CalendarDate>
	<CalendarDate id="CLND_20110226Holiday">
		<Date>2011-02-26</Date>
		<CalendarEvent>Holiday</CalendarEvent>
	</CalendarDate>
	<CalendarDate id="CLND_20110227Holiday">
		<Date>2011-02-27</Date>
		<CalendarEvent>Holiday</CalendarEvent>
	</CalendarDate>
	<CalendarDate id="CLND_20110228Instructionalday">
		<Date>2011-02-28</Date>
		<CalendarEvent>Instructional day</CalendarEvent>
	</CalendarDate>
	<CalendarDate id="CLND_20110301Instructionalday">
		<Date>2011-03-01</Date>
		<CalendarEvent>Instructional day</CalendarEvent>
	</CalendarDate>
	<CalendarDate id="CLND_20110302Instructionalday">
		<Date>2011-03-02</Date>
		<CalendarEvent>Instructional day</CalendarEvent>
	</CalendarDate>
	<CalendarDate id="CLND_20110303Instructionalday">
		<Date>2011-03-03</Date>
		<CalendarEvent>Instructional day</CalendarEvent>
	</CalendarDate>
	<CalendarDate id="CLND_20110304Instructionalday">
		<Date>2011-03-04</Date>
		<CalendarEvent>Instructional day</CalendarEvent>
	</CalendarDate>
	<CalendarDate id="CLND_20110305Holiday">
		<Date>2011-03-05</Date>
		<CalendarEvent>Holiday</CalendarEvent>
	</CalendarDate>
	<CalendarDate id="CLND_20110306Holiday">
		<Date>2011-03-06</Date>
		<CalendarEvent>Holiday</CalendarEvent>
	</CalendarDate>
	<CalendarDate id="CLND_20110307Instructionalday">
		<Date>2011-03-07</Date>
		<CalendarEvent>Instructional day</CalendarEvent>
	</CalendarDate>
	<CalendarDate id="CLND_20110308Instructionalday">
		<Date>2011-03-08</Date>
		<CalendarEvent>Instructional day</CalendarEvent>
	</CalendarDate>
	<CalendarDate id="CLND_20110309Instructionalday">
		<Date>2011-03-09</Date>
		<CalendarEvent>Instructional day</CalendarEvent>
	</CalendarDate>
	<CalendarDate id="CLND_20110310Instructionalday">
		<Date>2011-03-10</Date>
		<CalendarEvent>Instructional day</CalendarEvent>
	</CalendarDate>
	<CalendarDate id="CLND_20110311Instructionalday">
		<Date>2011-03-11</Date>
		<CalendarEvent>Instructional day</CalendarEvent>
	</CalendarDate>
	<CalendarDate id="CLND_20110312Holiday">
		<Date>2011-03-12</Date>
		<CalendarEvent>Holiday</CalendarEvent>
	</CalendarDate>
	<CalendarDate id="CLND_20110313Holiday">
		<Date>2011-03-13</Date>
		<CalendarEvent>Holiday</CalendarEvent>
	</CalendarDate>
	<CalendarDate id="CLND_20110314Holiday">
		<Date>2011-03-14</Date>
		<CalendarEvent>Holiday</CalendarEvent>
	</CalendarDate>
	<CalendarDate id="CLND_20110315Holiday">
		<Date>2011-03-15</Date>
		<CalendarEvent>Holiday</CalendarEvent>
	</CalendarDate>
	<CalendarDate id="CLND_20110316Holiday">
		<Date>2011-03-16</Date>
		<CalendarEvent>Holiday</CalendarEvent>
	</CalendarDate>
	<CalendarDate id="CLND_20110317Holiday">
		<Date>2011-03-17</Date>
		<CalendarEvent>Holiday</CalendarEvent>
	</CalendarDate>
	<CalendarDate id="CLND_20110318Holiday">
		<Date>2011-03-18</Date>
		<CalendarEvent>Holiday</CalendarEvent>
	</CalendarDate>
	<CalendarDate id="CLND_20110319Holiday">
		<Date>2011-03-19</Date>
		<CalendarEvent>Holiday</CalendarEvent>
	</CalendarDate>
	<CalendarDate id="CLND_20110320Holiday">
		<Date>2011-03-20</Date>
		<CalendarEvent>Holiday</CalendarEvent>
	</CalendarDate>
	<CalendarDate id="CLND_20110321Instructionalday">
		<Date>2011-03-21</Date>
		<CalendarEvent>Instructional day</CalendarEvent>
	</CalendarDate>
	<CalendarDate id="CLND_20110322Instructionalday">
		<Date>2011-03-22</Date>
		<CalendarEvent>Instructional day</CalendarEvent>
	</CalendarDate>
	<CalendarDate id="CLND_20110323Instructionalday">
		<Date>2011-03-23</Date>
		<CalendarEvent>Instructional day</CalendarEvent>
	</CalendarDate>
	<CalendarDate id="CLND_20110324Instructionalday">
		<Date>2011-03-24</Date>
		<CalendarEvent>Instructional day</CalendarEvent>
	</CalendarDate>
	<CalendarDate id="CLND_20110325Instructionalday">
		<Date>2011-03-25</Date>
		<CalendarEvent>Instructional day</CalendarEvent>
	</CalendarDate>
	<CalendarDate id="CLND_20110326Holiday">
		<Date>2011-03-26</Date>
		<CalendarEvent>Holiday</CalendarEvent>
	</CalendarDate>
	<CalendarDate id="CLND_20110327Holiday">
		<Date>2011-03-27</Date>
		<CalendarEvent>Holiday</CalendarEvent>
	</CalendarDate>
	<CalendarDate id="CLND_20110328Instructionalday">
		<Date>2011-03-28</Date>
		<CalendarEvent>Instructional day</CalendarEvent>
	</CalendarDate>
	<CalendarDate id="CLND_20110329Instructionalday">
		<Date>2011-03-29</Date>
		<CalendarEvent>Instructional day</CalendarEvent>
	</CalendarDate>
	<CalendarDate id="CLND_20110330Instructionalday">
		<Date>2011-03-30</Date>
		<CalendarEvent>Instructional day</CalendarEvent>
	</CalendarDate>
	<CalendarDate id="CLND_20110331Instructionalday">
		<Date>2011-03-31</Date>
		<CalendarEvent>Instructional day</CalendarEvent>
	</CalendarDate>
	<CalendarDate id="CLND_20110401Instructionalday">
		<Date>2011-04-01</Date>
		<CalendarEvent>Instructional day</CalendarEvent>
	</CalendarDate>
	<CalendarDate id="CLND_20110402Holiday">
		<Date>2011-04-02</Date>
		<CalendarEvent>Holiday</CalendarEvent>
	</CalendarDate>
	<CalendarDate id="CLND_20110403Holiday">
		<Date>2011-04-03</Date>
		<CalendarEvent>Holiday</CalendarEvent>
	</CalendarDate>
	<CalendarDate id="CLND_20110404Instructionalday">
		<Date>2011-04-04</Date>
		<CalendarEvent>Instructional day</CalendarEvent>
	</CalendarDate>
	<CalendarDate id="CLND_20110405Instructionalday">
		<Date>2011-04-05</Date>
		<CalendarEvent>Instructional day</CalendarEvent>
	</CalendarDate>
	<CalendarDate id="CLND_20110406Instructionalday">
		<Date>2011-04-06</Date>
		<CalendarEvent>Instructional day</CalendarEvent>
	</CalendarDate>
	<CalendarDate id="CLND_20110407Instructionalday">
		<Date>2011-04-07</Date>
		<CalendarEvent>Instructional day</CalendarEvent>
	</CalendarDate>
	<CalendarDate id="CLND_20110408Instructionalday">
		<Date>2011-04-08</Date>
		<CalendarEvent>Instructional day</CalendarEvent>
	</CalendarDate>
	<CalendarDate id="CLND_20110409Holiday">
		<Date>2011-04-09</Date>
		<CalendarEvent>Holiday</CalendarEvent>
	</CalendarDate>
	<CalendarDate id="CLND_20110410Holiday">
		<Date>2011-04-10</Date>
		<CalendarEvent>Holiday</CalendarEvent>
	</CalendarDate>
	<CalendarDate id="CLND_20110411Instructionalday">
		<Date>2011-04-11</Date>
		<CalendarEvent>Instructional day</CalendarEvent>
	</CalendarDate>
	<CalendarDate id="CLND_20110412Instructionalday">
		<Date>2011-04-12</Date>
		<CalendarEvent>Instructional day</CalendarEvent>
	</CalendarDate>
	<CalendarDate id="CLND_20110413Instructionalday">
		<Date>2011-04-13</Date>
		<CalendarEvent>Instructional day</CalendarEvent>
	</CalendarDate>
	<CalendarDate id="CLND_20110414Instructionalday">
		<Date>2011-04-14</Date>
		<CalendarEvent>Instructional day</CalendarEvent>
	</CalendarDate>
	<CalendarDate id="CLND_20110415Instructionalday">
		<Date>2011-04-15</Date>
		<CalendarEvent>Instructional day</CalendarEvent>
	</CalendarDate>
	<CalendarDate id="CLND_20110416Holiday">
		<Date>2011-04-16</Date>
		<CalendarEvent>Holiday</CalendarEvent>
	</CalendarDate>
	<CalendarDate id="CLND_20110417Holiday">
		<Date>2011-04-17</Date>
		<CalendarEvent>Holiday</CalendarEvent>
	</CalendarDate>
	<CalendarDate id="CLND_20110418Instructionalday">
		<Date>2011-04-18</Date>
		<CalendarEvent>Instructional day</CalendarEvent>
	</CalendarDate>
	<CalendarDate id="CLND_20110419Instructionalday">
		<Date>2011-04-19</Date>
		<CalendarEvent>Instructional day</CalendarEvent>
	</CalendarDate>
	<CalendarDate id="CLND_20110420Instructionalday">
		<Date>2011-04-20</Date>
		<CalendarEvent>Instructional day</CalendarEvent>
	</CalendarDate>
	<CalendarDate id="CLND_20110421Instructionalday">
		<Date>2011-04-21</Date>
		<CalendarEvent>Instructional day</CalendarEvent>
	</CalendarDate>
	<CalendarDate id="CLND_20110422Holiday">
		<Date>2011-04-22</Date>
		<CalendarEvent>Holiday</CalendarEvent>
	</CalendarDate>
	<CalendarDate id="CLND_20110423Holiday">
		<Date>2011-04-23</Date>
		<CalendarEvent>Holiday</CalendarEvent>
	</CalendarDate>
	<CalendarDate id="CLND_20110424Holiday">
		<Date>2011-04-24</Date>
		<CalendarEvent>Holiday</CalendarEvent>
	</CalendarDate>
	<CalendarDate id="CLND_20110425Instructionalday">
		<Date>2011-04-25</Date>
		<CalendarEvent>Instructional day</CalendarEvent>
	</CalendarDate>
	<CalendarDate id="CLND_20110426Instructionalday">
		<Date>2011-04-26</Date>
		<CalendarEvent>Instructional day</CalendarEvent>
	</CalendarDate>
	<CalendarDate id="CLND_20110427Instructionalday">
		<Date>2011-04-27</Date>
		<CalendarEvent>Instructional day</CalendarEvent>
	</CalendarDate>
	<CalendarDate id="CLND_20110428Instructionalday">
		<Date>2011-04-28</Date>
		<CalendarEvent>Instructional day</CalendarEvent>
	</CalendarDate>
	<CalendarDate id="CLND_20110429Instructionalday">
		<Date>2011-04-29</Date>
		<CalendarEvent>Instructional day</CalendarEvent>
	</CalendarDate>
	<CalendarDate id="CLND_20110430Holiday">
		<Date>2011-04-30</Date>
		<CalendarEvent>Holiday</CalendarEvent>
	</CalendarDate>
	<CalendarDate id="CLND_20110501Holiday">
		<Date>2011-05-01</Date>
		<CalendarEvent>Holiday</CalendarEvent>
	</CalendarDate>
	<CalendarDate id="CLND_20110502Instructionalday">
		<Date>2011-05-02</Date>
		<CalendarEvent>Instructional day</CalendarEvent>
	</CalendarDate>
	<CalendarDate id="CLND_20110503Instructionalday">
		<Date>2011-05-03</Date>
		<CalendarEvent>Instructional day</CalendarEvent>
	</CalendarDate>
	<CalendarDate id="CLND_20110504Instructionalday">
		<Date>2011-05-04</Date>
		<CalendarEvent>Instructional day</CalendarEvent>
	</CalendarDate>
	<CalendarDate id="CLND_20110505Instructionalday">
		<Date>2011-05-05</Date>
		<CalendarEvent>Instructional day</CalendarEvent>
	</CalendarDate>
	<CalendarDate id="CLND_20110506Instructionalday">
		<Date>2011-05-06</Date>
		<CalendarEvent>Instructional day</CalendarEvent>
	</CalendarDate>
	<CalendarDate id="CLND_20110507Holiday">
		<Date>2011-05-07</Date>
		<CalendarEvent>Holiday</CalendarEvent>
	</CalendarDate>
	<CalendarDate id="CLND_20110508Holiday">
		<Date>2011-05-08</Date>
		<CalendarEvent>Holiday</CalendarEvent>
	</CalendarDate>
	<CalendarDate id="CLND_20110509Instructionalday">
		<Date>2011-05-09</Date>
		<CalendarEvent>Instructional day</CalendarEvent>
	</CalendarDate>
	<CalendarDate id="CLND_20110510Instructionalday">
		<Date>2011-05-10</Date>
		<CalendarEvent>Instructional day</CalendarEvent>
	</CalendarDate>
	<CalendarDate id="CLND_20110511Instructionalday">
		<Date>2011-05-11</Date>
		<CalendarEvent>Instructional day</CalendarEvent>
	</CalendarDate>
	<CalendarDate id="CLND_20110512Instructionalday">
		<Date>2011-05-12</Date>
		<CalendarEvent>Instructional day</CalendarEvent>
	</CalendarDate>
	<CalendarDate id="CLND_20110513Instructionalday">
		<Date>2011-05-13</Date>
		<CalendarEvent>Instructional day</CalendarEvent>
	</CalendarDate>
	<CalendarDate id="CLND_20110514Holiday">
		<Date>2011-05-14</Date>
		<CalendarEvent>Holiday</CalendarEvent>
	</CalendarDate>
	<CalendarDate id="CLND_20110515Holiday">
		<Date>2011-05-15</Date>
		<CalendarEvent>Holiday</CalendarEvent>
	</CalendarDate>
	<CalendarDate id="CLND_20110516Instructionalday">
		<Date>2011-05-16</Date>
		<CalendarEvent>Instructional day</CalendarEvent>
	</CalendarDate>
	<CalendarDate id="CLND_20110517Instructionalday">
		<Date>2011-05-17</Date>
		<CalendarEvent>Instructional day</CalendarEvent>
	</CalendarDate>
	<CalendarDate id="CLND_20110518Instructionalday">
		<Date>2011-05-18</Date>
		<CalendarEvent>Instructional day</CalendarEvent>
	</CalendarDate>
	<CalendarDate id="CLND_20110519Instructionalday">
		<Date>2011-05-19</Date>
		<CalendarEvent>Instructional day</CalendarEvent>
	</CalendarDate>
	<CalendarDate id="CLND_20110520Instructionalday">
		<Date>2011-05-20</Date>
		<CalendarEvent>Instructional day</CalendarEvent>
	</CalendarDate>
	<CalendarDate id="CLND_20110521Holiday">
		<Date>2011-05-21</Date>
		<CalendarEvent>Holiday</CalendarEvent>
	</CalendarDate>
	<CalendarDate id="CLND_20110522Holiday">
		<Date>2011-05-22</Date>
		<CalendarEvent>Holiday</CalendarEvent>
	</CalendarDate>
	<CalendarDate id="CLND_20110523Instructionalday">
		<Date>2011-05-23</Date>
		<CalendarEvent>Instructional day</CalendarEvent>
	</CalendarDate>
	<CalendarDate id="CLND_20110524Instructionalday">
		<Date>2011-05-24</Date>
		<CalendarEvent>Instructional day</CalendarEvent>
	</CalendarDate>
	<CalendarDate id="CLND_20110525Instructionalday">
		<Date>2011-05-25</Date>
		<CalendarEvent>Instructional day</CalendarEvent>
	</CalendarDate>
	<CalendarDate id="CLND_20110526Instructionalday">
		<Date>2011-05-26</Date>
		<CalendarEvent>Instructional day</CalendarEvent>
	</CalendarDate>
	<CalendarDate id="CLND_20110527Instructionalday">
		<Date>2011-05-27</Date>
		<CalendarEvent>Instructional day</CalendarEvent>
	</CalendarDate>
</InterchangeEducationOrgCalendar>
