<?xml version="1.0" encoding="UTF-8"?>
<InterchangeMasterSchedule xmlns:xsi="http://www.w3.org/2001/XMLSchema-instance" xmlns="http://ed-fi.org/0100"
  xsi:schemaLocation="http://ed-fi.org/0100 ../../sli/common/domain/src/main/resources/edfiXsd/Interchange-MasterSchedule.xsd">

  <Section>
    <UniqueSectionCode>Mrs. Kim's Homeroom</UniqueSectionCode>
    <SequenceOfCourse>1</SequenceOfCourse>
    <EducationalEnvironment>Classroom</EducationalEnvironment>
    <MediumOfInstruction>Independent study</MediumOfInstruction>
    <PopulationServed>Regular Students</PopulationServed>
    <CourseOfferingReference><CourseOfferingIdentity><LocalCourseCode>1st Grade Homeroom</LocalCourseCode><CourseCode IdentificationSystem="CSSC course code"><ID>1st Grade Homeroom</ID></CourseCode><Term>First Trimester</Term><SchoolYear>2000-2001</SchoolYear><StateOrganizationId>1</StateOrganizationId></CourseOfferingIdentity></CourseOfferingReference>
    <SchoolReference><EducationalOrgIdentity><StateOrganizationId>East Daybreak Junior High</StateOrganizationId></EducationalOrgIdentity></SchoolReference>
    <SessionReference><SessionIdentity><SessionName>Fall 2011 East Daybreak Junior High</SessionName></SessionIdentity></SessionReference>
  </Section>
  <Section>
    <UniqueSectionCode>8th Grade English - Sec 4</UniqueSectionCode>
    <SequenceOfCourse>1</SequenceOfCourse>
    <EducationalEnvironment>Classroom</EducationalEnvironment>
    <MediumOfInstruction>Independent study</MediumOfInstruction>
    <PopulationServed>Regular Students</PopulationServed>
    <CourseOfferingReference><CourseOfferingIdentity><LocalCourseCode>8th Grade English</LocalCourseCode><CourseCode IdentificationSystem="CSSC course code"><ID>8th Grade English</ID></CourseCode><Term>First Trimester</Term><SchoolYear>2000-2001</SchoolYear><StateOrganizationId>1</StateOrganizationId></CourseOfferingIdentity></CourseOfferingReference>
    <SchoolReference><EducationalOrgIdentity><StateOrganizationId>East Daybreak Junior High</StateOrganizationId></EducationalOrgIdentity></SchoolReference>
    <SessionReference><SessionIdentity><SessionName>Fall 2011 East Daybreak Junior High</SessionName></SessionIdentity></SessionReference>
  </Section>
  <Section>
    <UniqueSectionCode>Spartans Softball Team</UniqueSectionCode>
    <SequenceOfCourse>1</SequenceOfCourse>
    <EducationalEnvironment>Classroom</EducationalEnvironment>
    <MediumOfInstruction>Independent study</MediumOfInstruction>
    <PopulationServed>Regular Students</PopulationServed>
    <CourseOfferingReference><CourseOfferingIdentity><LocalCourseCode>Club/Team</LocalCourseCode><CourseCode IdentificationSystem="CSSC course code"><ID>Club/Team</ID></CourseCode><Term>First Trimester</Term><SchoolYear>2000-2001</SchoolYear><StateOrganizationId>1</StateOrganizationId></CourseOfferingIdentity></CourseOfferingReference>
    <SchoolReference><EducationalOrgIdentity><StateOrganizationId>East Daybreak Junior High</StateOrganizationId></EducationalOrgIdentity></SchoolReference>
    <SessionReference><SessionIdentity><SessionName>Fall 2011 East Daybreak Junior High</SessionName></SessionIdentity></SessionReference>
  </Section>
  <Section>
    <UniqueSectionCode>8th Grade English - Sec 5</UniqueSectionCode>
    <SequenceOfCourse>2</SequenceOfCourse>
    <EducationalEnvironment>Classroom</EducationalEnvironment>
    <MediumOfInstruction>Independent study</MediumOfInstruction>
    <PopulationServed>Regular Students</PopulationServed>
    <CourseOfferingReference><CourseOfferingIdentity><LocalCourseCode>8th Grade English</LocalCourseCode><CourseCode IdentificationSystem="CSSC course code"><ID>8th Grade English</ID></CourseCode><Term>First Trimester</Term><SchoolYear>2000-2001</SchoolYear><StateOrganizationId>1</StateOrganizationId></CourseOfferingIdentity></CourseOfferingReference>
    <SchoolReference><EducationalOrgIdentity><StateOrganizationId>East Daybreak Junior High</StateOrganizationId></EducationalOrgIdentity></SchoolReference>
    <SessionReference><SessionIdentity><SessionName>Fall 2011 East Daybreak Junior High</SessionName></SessionIdentity></SessionReference>
  </Section>
  <Section>
    <UniqueSectionCode>8th Grade English - Sec 6</UniqueSectionCode>
    <SequenceOfCourse>3</SequenceOfCourse>
    <EducationalEnvironment>Classroom</EducationalEnvironment>
    <MediumOfInstruction>Independent study</MediumOfInstruction>
    <PopulationServed>Regular Students</PopulationServed>
    <CourseOfferingReference><CourseOfferingIdentity><LocalCourseCode>8th Grade English</LocalCourseCode><CourseCode IdentificationSystem="CSSC course code"><ID>8th Grade English</ID></CourseCode><Term>First Trimester</Term><SchoolYear>2000-2001</SchoolYear><StateOrganizationId>1</StateOrganizationId></CourseOfferingIdentity></CourseOfferingReference>
    <SchoolReference><EducationalOrgIdentity><StateOrganizationId>East Daybreak Junior High</StateOrganizationId></EducationalOrgIdentity></SchoolReference>
    <SessionReference><SessionIdentity><SessionName>Fall 2011 East Daybreak Junior High</SessionName></SessionIdentity></SessionReference>
  </Section>
  <Section>
    <UniqueSectionCode>Reading Group - Grey</UniqueSectionCode>
    <SequenceOfCourse>4</SequenceOfCourse>
    <EducationalEnvironment>Classroom</EducationalEnvironment>
    <MediumOfInstruction>Independent study</MediumOfInstruction>
    <PopulationServed>Regular Students</PopulationServed>
    <CourseOfferingReference><CourseOfferingIdentity><LocalCourseCode>Reading Group</LocalCourseCode><CourseCode IdentificationSystem="CSSC course code"><ID>Reading Group</ID></CourseCode><Term>First Trimester</Term><SchoolYear>2000-2001</SchoolYear><StateOrganizationId>1</StateOrganizationId></CourseOfferingIdentity></CourseOfferingReference>
    <SchoolReference><EducationalOrgIdentity><StateOrganizationId>South Daybreak Elementary</StateOrganizationId></EducationalOrgIdentity></SchoolReference>
    <SessionReference><SessionIdentity><SessionName>Fall 2011 South Daybreak Elementary</SessionName></SessionIdentity></SessionReference>
  </Section>
  <Section>
    <UniqueSectionCode>Special Elective:Debate Clinic</UniqueSectionCode>
    <SequenceOfCourse>1</SequenceOfCourse>
    <EducationalEnvironment>Classroom</EducationalEnvironment>
    <MediumOfInstruction>Independent study</MediumOfInstruction>
    <PopulationServed>Regular Students</PopulationServed>
    <CourseOfferingReference><CourseOfferingIdentity><LocalCourseCode>Special Elective:Debate Clinic</LocalCourseCode><CourseCode IdentificationSystem="CSSC course code"><ID>Special Elective:Debate Clinic</ID></CourseCode><Term>First Trimester</Term><SchoolYear>2000-2001</SchoolYear><StateOrganizationId>1</StateOrganizationId></CourseOfferingIdentity></CourseOfferingReference>
    <SchoolReference><EducationalOrgIdentity><StateOrganizationId>Sunset Central High School</StateOrganizationId></EducationalOrgIdentity></SchoolReference>
    <SessionReference><SessionIdentity><SessionName>Fall 2011 Sunset Central High School</SessionName></SessionIdentity></SessionReference>
  </Section>
  <Section>
    <UniqueSectionCode>Sec 923</UniqueSectionCode>
    <SequenceOfCourse>1</SequenceOfCourse>
    <EducationalEnvironment>Classroom</EducationalEnvironment>
    <MediumOfInstruction>Independent study</MediumOfInstruction>
    <PopulationServed>Regular Students</PopulationServed>
    <CourseOfferingReference><CourseOfferingIdentity><LocalCourseCode>Writing about Government</LocalCourseCode><CourseCode IdentificationSystem="CSSC course code"><ID>Writing about Government</ID></CourseCode><Term>First Trimester</Term><SchoolYear>2000-2001</SchoolYear><StateOrganizationId>1</StateOrganizationId></CourseOfferingIdentity></CourseOfferingReference>
    <SchoolReference><EducationalOrgIdentity><StateOrganizationId>Daybreak Central High</StateOrganizationId></EducationalOrgIdentity></SchoolReference>
    <SessionReference><SessionIdentity><SessionName>Fall 2011 Daybreak Central High</SessionName></SessionIdentity></SessionReference>
  </Section>
  <Section>
    <UniqueSectionCode>7th Grade English - Sec. 3</UniqueSectionCode>
    <SequenceOfCourse>3</SequenceOfCourse>
    <EducationalEnvironment>Classroom</EducationalEnvironment>
    <MediumOfInstruction>Independent study</MediumOfInstruction>
    <PopulationServed>Regular Students</PopulationServed>
    <CourseOfferingReference><CourseOfferingIdentity><LocalCourseCode>7th Grade English</LocalCourseCode><CourseCode IdentificationSystem="CSSC course code"><ID>7th Grade English</ID></CourseCode><Term>First Trimester</Term><SchoolYear>2000-2001</SchoolYear><StateOrganizationId>1</StateOrganizationId></CourseOfferingIdentity></CourseOfferingReference>
    <SchoolReference><EducationalOrgIdentity><StateOrganizationId>East Daybreak Junior High</StateOrganizationId></EducationalOrgIdentity></SchoolReference>
    <SessionReference><SessionIdentity><SessionName>Fall 2011 East Daybreak Junior High</SessionName></SessionIdentity></SessionReference>
  </Section>
  <Section>
    <UniqueSectionCode>Reading Group - Red</UniqueSectionCode>
    <SequenceOfCourse>1</SequenceOfCourse>
    <EducationalEnvironment>Classroom</EducationalEnvironment>
    <MediumOfInstruction>Independent study</MediumOfInstruction>
    <PopulationServed>Regular Students</PopulationServed>
    <CourseOfferingReference><CourseOfferingIdentity><LocalCourseCode>Reading Group</LocalCourseCode><CourseCode IdentificationSystem="CSSC course code"><ID>Reading Group</ID></CourseCode><Term>First Trimester</Term><SchoolYear>2000-2001</SchoolYear><StateOrganizationId>1</StateOrganizationId></CourseOfferingIdentity></CourseOfferingReference>
    <SchoolReference><EducationalOrgIdentity><StateOrganizationId>South Daybreak Elementary</StateOrganizationId></EducationalOrgIdentity></SchoolReference>
    <SessionReference><SessionIdentity><SessionName>Fall 2011 South Daybreak Elementary</SessionName></SessionIdentity></SessionReference>
  </Section>
  <Section>
    <UniqueSectionCode>7th Grade English - Sec. 2</UniqueSectionCode>
    <SequenceOfCourse>2</SequenceOfCourse>
    <EducationalEnvironment>Classroom</EducationalEnvironment>
    <MediumOfInstruction>Independent study</MediumOfInstruction>
    <PopulationServed>Regular Students</PopulationServed>
    <CourseOfferingReference><CourseOfferingIdentity><LocalCourseCode>7th Grade English</LocalCourseCode><CourseCode IdentificationSystem="CSSC course code"><ID>7th Grade English</ID></CourseCode><Term>First Trimester</Term><SchoolYear>2000-2001</SchoolYear><StateOrganizationId>1</StateOrganizationId></CourseOfferingIdentity></CourseOfferingReference>
    <SchoolReference><EducationalOrgIdentity><StateOrganizationId>East Daybreak Junior High</StateOrganizationId></EducationalOrgIdentity></SchoolReference>
    <SessionReference><SessionIdentity><SessionName>Fall 2011 East Daybreak Junior High</SessionName></SessionIdentity></SessionReference>
  </Section>
  <Section>
    <UniqueSectionCode>Reading Group - Blue</UniqueSectionCode>
    <SequenceOfCourse>2</SequenceOfCourse>
    <EducationalEnvironment>Classroom</EducationalEnvironment>
    <MediumOfInstruction>Independent study</MediumOfInstruction>
    <PopulationServed>Regular Students</PopulationServed>
    <CourseOfferingReference><CourseOfferingIdentity><LocalCourseCode>Reading Group</LocalCourseCode><CourseCode IdentificationSystem="CSSC course code"><ID>Reading Group</ID></CourseCode><Term>First Trimester</Term><SchoolYear>2000-2001</SchoolYear><StateOrganizationId>1</StateOrganizationId></CourseOfferingIdentity></CourseOfferingReference>
    <SchoolReference><EducationalOrgIdentity><StateOrganizationId>South Daybreak Elementary</StateOrganizationId></EducationalOrgIdentity></SchoolReference>
    <SessionReference><SessionIdentity><SessionName>Fall 2011 South Daybreak Elementary</SessionName></SessionIdentity></SessionReference>
  </Section>
  <Section>
    <UniqueSectionCode>Mrs. Braverman's Homeroom #38</UniqueSectionCode>
    <SequenceOfCourse>1</SequenceOfCourse>
    <EducationalEnvironment>Classroom</EducationalEnvironment>
    <MediumOfInstruction>Independent study</MediumOfInstruction>
    <PopulationServed>Regular Students</PopulationServed>
    <CourseOfferingReference><CourseOfferingIdentity><LocalCourseCode>1st Grade Homeroom</LocalCourseCode><CourseCode IdentificationSystem="CSSC course code"><ID>1st Grade Homeroom</ID></CourseCode><Term>First Trimester</Term><SchoolYear>2000-2001</SchoolYear><StateOrganizationId>1</StateOrganizationId></CourseOfferingIdentity></CourseOfferingReference>
    <SchoolReference><EducationalOrgIdentity><StateOrganizationId>South Daybreak Elementary</StateOrganizationId></EducationalOrgIdentity></SchoolReference>
    <SessionReference><SessionIdentity><SessionName>Fall 2011 South Daybreak Elementary</SessionName></SessionIdentity></SessionReference>
  </Section>
  <Section>
    <UniqueSectionCode>7th Grade English - Sec. 1</UniqueSectionCode>
    <SequenceOfCourse>1</SequenceOfCourse>
    <EducationalEnvironment>Classroom</EducationalEnvironment>
    <MediumOfInstruction>Independent study</MediumOfInstruction>
    <PopulationServed>Regular Students</PopulationServed>
    <CourseOfferingReference><CourseOfferingIdentity><LocalCourseCode>7th Grade English</LocalCourseCode><CourseCode IdentificationSystem="CSSC course code"><ID>7th Grade English</ID></CourseCode><Term>First Trimester</Term><SchoolYear>2000-2001</SchoolYear><StateOrganizationId>1</StateOrganizationId></CourseOfferingIdentity></CourseOfferingReference>
    <SchoolReference><EducationalOrgIdentity><StateOrganizationId>East Daybreak Junior High</StateOrganizationId></EducationalOrgIdentity></SchoolReference>
    <SessionReference><SessionIdentity><SessionName>Fall 2011 East Daybreak Junior High</SessionName></SessionIdentity></SessionReference>
  </Section>
  <Section>
    <UniqueSectionCode>Sec 144</UniqueSectionCode>
    <SequenceOfCourse>3</SequenceOfCourse>
    <EducationalEnvironment>Classroom</EducationalEnvironment>
    <MediumOfInstruction>Independent study</MediumOfInstruction>
    <PopulationServed>Regular Students</PopulationServed>
    <CourseOfferingReference><CourseOfferingIdentity><LocalCourseCode>Writing about Government</LocalCourseCode><CourseCode IdentificationSystem="CSSC course code"><ID>Writing about Government</ID></CourseCode><Term>First Trimester</Term><SchoolYear>2000-2001</SchoolYear><StateOrganizationId>1</StateOrganizationId></CourseOfferingIdentity></CourseOfferingReference>
    <SchoolReference><EducationalOrgIdentity><StateOrganizationId>Daybreak Central High</StateOrganizationId></EducationalOrgIdentity></SchoolReference>
    <SessionReference><SessionIdentity><SessionName>Fall 2011 Daybreak Central High</SessionName></SessionIdentity></SessionReference>
  </Section>
  <Section>
    <UniqueSectionCode>Sec 145</UniqueSectionCode>
    <SequenceOfCourse>4</SequenceOfCourse>
    <EducationalEnvironment>Classroom</EducationalEnvironment>
    <MediumOfInstruction>Independent study</MediumOfInstruction>
    <PopulationServed>Regular Students</PopulationServed>
    <CourseOfferingReference><CourseOfferingIdentity><LocalCourseCode>American Literature</LocalCourseCode><CourseCode IdentificationSystem="CSSC course code"><ID>American Literature</ID></CourseCode><Term>First Trimester</Term><SchoolYear>2000-2001</SchoolYear><StateOrganizationId>1</StateOrganizationId></CourseOfferingIdentity></CourseOfferingReference>
    <SchoolReference><EducationalOrgIdentity><StateOrganizationId>Daybreak Central High</StateOrganizationId></EducationalOrgIdentity></SchoolReference>
    <SessionReference><SessionIdentity><SessionName>Fall 2011 Daybreak Central High</SessionName></SessionIdentity></SessionReference>
  </Section>
  <Section>
    <UniqueSectionCode>Sec 142</UniqueSectionCode>
    <SequenceOfCourse>1</SequenceOfCourse>
    <EducationalEnvironment>Classroom</EducationalEnvironment>
    <MediumOfInstruction>Independent study</MediumOfInstruction>
    <PopulationServed>Regular Students</PopulationServed>
    <CourseOfferingReference><CourseOfferingIdentity><LocalCourseCode>Writing about Government</LocalCourseCode><CourseCode IdentificationSystem="CSSC course code"><ID>Writing about Government</ID></CourseCode><Term>First Trimester</Term><SchoolYear>2000-2001</SchoolYear><StateOrganizationId>1</StateOrganizationId></CourseOfferingIdentity></CourseOfferingReference>
    <SchoolReference><EducationalOrgIdentity><StateOrganizationId>Daybreak Central High</StateOrganizationId></EducationalOrgIdentity></SchoolReference>
    <SessionReference><SessionIdentity><SessionName>Fall 2011 Daybreak Central High</SessionName></SessionIdentity></SessionReference>
  </Section>
  <Section>
    <UniqueSectionCode>Sec 143</UniqueSectionCode>
    <SequenceOfCourse>2</SequenceOfCourse>
    <EducationalEnvironment>Classroom</EducationalEnvironment>
    <MediumOfInstruction>Independent study</MediumOfInstruction>
    <PopulationServed>Regular Students</PopulationServed>
    <CourseOfferingReference><CourseOfferingIdentity><LocalCourseCode>Writing about Government</LocalCourseCode><CourseCode IdentificationSystem="CSSC course code"><ID>Writing about Government</ID></CourseCode><Term>First Trimester</Term><SchoolYear>2000-2001</SchoolYear><StateOrganizationId>1</StateOrganizationId></CourseOfferingIdentity></CourseOfferingReference>
    <SchoolReference><EducationalOrgIdentity><StateOrganizationId>Daybreak Central High</StateOrganizationId></EducationalOrgIdentity></SchoolReference>
    <SessionReference><SessionIdentity><SessionName>Fall 2011 Daybreak Central High</SessionName></SessionIdentity></SessionReference>
  </Section>
  <Section>
    <UniqueSectionCode>Reading Group - Green</UniqueSectionCode>
    <SequenceOfCourse>3</SequenceOfCourse>
    <EducationalEnvironment>Classroom</EducationalEnvironment>
    <MediumOfInstruction>Independent study</MediumOfInstruction>
    <PopulationServed>Regular Students</PopulationServed>
    <CourseOfferingReference><CourseOfferingIdentity><LocalCourseCode>Reading Group</LocalCourseCode><CourseCode IdentificationSystem="CSSC course code"><ID>Reading Group</ID></CourseCode><Term>First Trimester</Term><SchoolYear>2000-2001</SchoolYear><StateOrganizationId>1</StateOrganizationId></CourseOfferingIdentity></CourseOfferingReference>
    <SchoolReference><EducationalOrgIdentity><StateOrganizationId>South Daybreak Elementary</StateOrganizationId></EducationalOrgIdentity></SchoolReference>
    <SessionReference><SessionIdentity><SessionName>Fall 2011 South Daybreak Elementary</SessionName></SessionIdentity></SessionReference>
  </Section>

</InterchangeMasterSchedule>
