<?xml version="1.0" encoding="UTF-8"?>
<InterchangeMasterSchedule xmlns:xsi="http://www.w3.org/2001/XMLSchema-instance"
 xmlns="http://ed-fi.org/0100" xsi:schemaLocation="http://ed-fi.org/0100 ../../sli/common/domain/src/main/resources/edfiXsd/Interchange-MasterSchedule.xsd">
 <Section>
  <UniqueSectionCode>null</UniqueSectionCode>
  <SequenceOfCourse>2</SequenceOfCourse>
  <EducationalEnvironment>Classroom</EducationalEnvironment>
  <MediumOfInstruction>Independent study</MediumOfInstruction>
  <PopulationServed>Regular Students</PopulationServed>
  <CourseOfferingReference></CourseOfferingReference>
  <SchoolReference></SchoolReference>
 </Section>
 <Section>
  <UniqueSectionCode>8th Grade English - Sec 4</UniqueSectionCode>
  <SequenceOfCourse>1</SequenceOfCourse>
  <EducationalEnvironment>Classroom</EducationalEnvironment>
  <MediumOfInstruction>Independent study</MediumOfInstruction>
  <PopulationServed>Regular Students</PopulationServed>
  <CourseOfferingReference></CourseOfferingReference>
  <SchoolReference></SchoolReference>
 </Section>
 <Section>
  <UniqueSectionCode>Spartans Softball Team</UniqueSectionCode>
  <SequenceOfCourse>1</SequenceOfCourse>
  <EducationalEnvironment>Classroom</EducationalEnvironment>
  <MediumOfInstruction>Independent study</MediumOfInstruction>
  <PopulationServed>Regular Students</PopulationServed>
  <CourseOfferingReference></CourseOfferingReference>
  <SchoolReference></SchoolReference>
 </Section>
 <Section>
  <UniqueSectionCode>8th Grade English - Sec 5</UniqueSectionCode>
  <SequenceOfCourse>1</SequenceOfCourse>
  <EducationalEnvironment>Classroom</EducationalEnvironment>
  <MediumOfInstruction>Independent study</MediumOfInstruction>
  <PopulationServed>Regular Students</PopulationServed>
  <CourseOfferingReference></CourseOfferingReference>
  <SchoolReference></SchoolReference>
 </Section>
 <Section>
  <UniqueSectionCode>8th Grade English - Sec 6</UniqueSectionCode>
  <SequenceOfCourse>2</SequenceOfCourse>
  <EducationalEnvironment>Classroom</EducationalEnvironment>
  <MediumOfInstruction>Independent study</MediumOfInstruction>
  <PopulationServed>Regular Students</PopulationServed>
  <CourseOfferingReference></CourseOfferingReference>
  <SchoolReference></SchoolReference>
 </Section>
 <Section>
  <UniqueSectionCode>Reading Group - Grey</UniqueSectionCode>
  <SequenceOfCourse>3</SequenceOfCourse>
  <EducationalEnvironment>Classroom</EducationalEnvironment>
  <MediumOfInstruction>Independent study</MediumOfInstruction>
  <PopulationServed>Regular Students</PopulationServed>
  <CourseOfferingReference></CourseOfferingReference>
  <SchoolReference></SchoolReference>
 </Section>
 <Section>
  <UniqueSectionCode>Special Elective:Debate Clinic</UniqueSectionCode>
  <SequenceOfCourse>1</SequenceOfCourse>
  <EducationalEnvironment>Classroom</EducationalEnvironment>
  <MediumOfInstruction>Independent study</MediumOfInstruction>
  <PopulationServed>Regular Students</PopulationServed>
  <CourseOfferingReference></CourseOfferingReference>
  <SchoolReference></SchoolReference>
 </Section>
 <Section>
  <UniqueSectionCode>Mrs. Kim's Homeroom</UniqueSectionCode>
  <SequenceOfCourse>1</SequenceOfCourse>
  <EducationalEnvironment>Classroom</EducationalEnvironment>
  <MediumOfInstruction>Independent study</MediumOfInstruction>
  <PopulationServed>Regular Students</PopulationServed>
  <CourseOfferingReference></CourseOfferingReference>
  <SchoolReference></SchoolReference>
 </Section>
 <Section>
  <UniqueSectionCode>Sec 923</UniqueSectionCode>
  <SequenceOfCourse>1</SequenceOfCourse>
  <EducationalEnvironment>Classroom</EducationalEnvironment>
  <MediumOfInstruction>Independent study</MediumOfInstruction>
  <PopulationServed>Regular Students</PopulationServed>
  <CourseOfferingReference></CourseOfferingReference>
  <SchoolReference></SchoolReference>
 </Section>
 <Section>
  <UniqueSectionCode>7th Grade English - Sec. 3</UniqueSectionCode>
  <SequenceOfCourse>2</SequenceOfCourse>
  <EducationalEnvironment>Classroom</EducationalEnvironment>
  <MediumOfInstruction>Independent study</MediumOfInstruction>
  <PopulationServed>Regular Students</PopulationServed>
  <CourseOfferingReference></CourseOfferingReference>
  <SchoolReference></SchoolReference>
 </Section>
 <Section>
  <UniqueSectionCode>Reading Group - Red</UniqueSectionCode>
  <SequenceOfCourse>1</SequenceOfCourse>
  <EducationalEnvironment>Classroom</EducationalEnvironment>
  <MediumOfInstruction>Independent study</MediumOfInstruction>
  <PopulationServed>Regular Students</PopulationServed>
  <CourseOfferingReference></CourseOfferingReference>
  <SchoolReference></SchoolReference>
 </Section>
 <Section>
  <UniqueSectionCode>7th Grade English - Sec. 2</UniqueSectionCode>
  <SequenceOfCourse>1</SequenceOfCourse>
  <EducationalEnvironment>Classroom</EducationalEnvironment>
  <MediumOfInstruction>Independent study</MediumOfInstruction>
  <PopulationServed>Regular Students</PopulationServed>
  <CourseOfferingReference></CourseOfferingReference>
  <SchoolReference></SchoolReference>
 </Section>
 <Section>
  <UniqueSectionCode>Reading Group - Blue</UniqueSectionCode>
  <SequenceOfCourse>1</SequenceOfCourse>
  <EducationalEnvironment>Classroom</EducationalEnvironment>
  <MediumOfInstruction>Independent study</MediumOfInstruction>
  <PopulationServed>Regular Students</PopulationServed>
  <CourseOfferingReference></CourseOfferingReference>
  <SchoolReference></SchoolReference>
 </Section>
 <Section>
  <UniqueSectionCode>Mrs. Braverman's Homeroom #38</UniqueSectionCode>
  <SequenceOfCourse>1</SequenceOfCourse>
  <EducationalEnvironment>Classroom</EducationalEnvironment>
  <MediumOfInstruction>Independent study</MediumOfInstruction>
  <PopulationServed>Regular Students</PopulationServed>
  <CourseOfferingReference></CourseOfferingReference>
  <SchoolReference></SchoolReference>
 </Section>
 <Section>
  <UniqueSectionCode>7th Grade English - Sec. 1</UniqueSectionCode>
  <SequenceOfCourse>1</SequenceOfCourse>
  <EducationalEnvironment>Classroom</EducationalEnvironment>
  <MediumOfInstruction>Independent study</MediumOfInstruction>
  <PopulationServed>Regular Students</PopulationServed>
  <CourseOfferingReference></CourseOfferingReference>
  <SchoolReference></SchoolReference>
 </Section>
 <Section>
  <UniqueSectionCode>Sec 144</UniqueSectionCode>
  <SequenceOfCourse>2</SequenceOfCourse>
  <EducationalEnvironment>Classroom</EducationalEnvironment>
  <MediumOfInstruction>Independent study</MediumOfInstruction>
  <PopulationServed>Regular Students</PopulationServed>
  <CourseOfferingReference></CourseOfferingReference>
  <SchoolReference></SchoolReference>
 </Section>
 <Section>
  <UniqueSectionCode>Sec 145</UniqueSectionCode>
  <SequenceOfCourse>3</SequenceOfCourse>
  <EducationalEnvironment>Classroom</EducationalEnvironment>
  <MediumOfInstruction>Independent study</MediumOfInstruction>
  <PopulationServed>Regular Students</PopulationServed>
  <CourseOfferingReference></CourseOfferingReference>
  <SchoolReference></SchoolReference>
 </Section>
 <Section>
  <UniqueSectionCode>Sec 142</UniqueSectionCode>
  <SequenceOfCourse>1</SequenceOfCourse>
  <EducationalEnvironment>Classroom</EducationalEnvironment>
  <MediumOfInstruction>Independent study</MediumOfInstruction>
  <PopulationServed>Regular Students</PopulationServed>
  <CourseOfferingReference></CourseOfferingReference>
  <SchoolReference></SchoolReference>
 </Section>
 <Section>
  <UniqueSectionCode>Sec 143</UniqueSectionCode>
  <SequenceOfCourse>1</SequenceOfCourse>
  <EducationalEnvironment>Classroom</EducationalEnvironment>
  <MediumOfInstruction>Independent study</MediumOfInstruction>
  <PopulationServed>Regular Students</PopulationServed>
  <CourseOfferingReference></CourseOfferingReference>
  <SchoolReference></SchoolReference>
 </Section>
 <Section>
  <UniqueSectionCode>Reading Group - Green</UniqueSectionCode>
  <SequenceOfCourse>2</SequenceOfCourse>
  <EducationalEnvironment>Classroom</EducationalEnvironment>
  <MediumOfInstruction>Independent study</MediumOfInstruction>
  <PopulationServed>Regular Students</PopulationServed>
  <CourseOfferingReference></CourseOfferingReference>
  <SchoolReference></SchoolReference>
 </Section>

</InterchangeMasterSchedule>
