<InterchangeStudent xmlns:xsi="http://www.w3.org/2001/XMLSchema-instance"    xmlns="http://ed-fi.org/0100" xsi:schemaLocation="http://ed-fi.org/0100 ../../sli/common/domain/src/main/resources/edfiXsd/Interchange-Student.xsd"><Student>
<StudentUniqueStateId>530425896</StudentUniqueStateId>
<Name>
<FirstName>Rhonda</FirstName>
<MiddleName>Shannon</MiddleName>
<LastSurname>Delgado</LastSurname>
<GenerationCodeSuffix>Jr</GenerationCodeSuffix>
</Name>
<Sex>Female</Sex>
<EconomicDisadvantaged>false</EconomicDisadvantaged>
<SchoolFoodServicesEligibility>Reduced price</SchoolFoodServicesEligibility>
<HispanicLatinoEthnicity>false</HispanicLatinoEthnicity>
<Race>
</Race>
<LimitedEnglishProficiency>NotLimited</LimitedEnglishProficiency>
<Section504Disabilities>
</Section504Disabilities>
<DisplacementStatus>
</DisplacementStatus>
<BirthData>
<BirthDate>2006-07-02</BirthDate>
</BirthData>
</Student><Student>
<StudentUniqueStateId>814202099</StudentUniqueStateId>
<Name>
<FirstName>Yolanda</FirstName>
<MiddleName>
</MiddleName>
<LastSurname>Campos</LastSurname>
<GenerationCodeSuffix>Jr</GenerationCodeSuffix>
</Name>
<Sex>Female</Sex>
<EconomicDisadvantaged>false</EconomicDisadvantaged>
<SchoolFoodServicesEligibility>Full price</SchoolFoodServicesEligibility>
<HispanicLatinoEthnicity>false</HispanicLatinoEthnicity>
<Race>
</Race>
<LimitedEnglishProficiency>NotLimited</LimitedEnglishProficiency>
<Section504Disabilities>
</Section504Disabilities>
<DisplacementStatus>
</DisplacementStatus>
<BirthData>
<BirthDate>2002-03-25</BirthDate>
</BirthData>
</Student><Student>
<StudentUniqueStateId>178875887</StudentUniqueStateId>
<Name>
<FirstName>Astra</FirstName>
<MiddleName>Deirdre</MiddleName>
<LastSurname>Vincent</LastSurname>
<GenerationCodeSuffix>Jr</GenerationCodeSuffix>
</Name>
<Sex>Female</Sex>
<EconomicDisadvantaged>false</EconomicDisadvantaged>
<SchoolFoodServicesEligibility>Reduced price</SchoolFoodServicesEligibility>
<HispanicLatinoEthnicity>false</HispanicLatinoEthnicity>
<Race>
</Race>
<LimitedEnglishProficiency>NotLimited</LimitedEnglishProficiency>
<Section504Disabilities>
</Section504Disabilities>
<DisplacementStatus>
</DisplacementStatus>

<BirthData>
<BirthDate>2000-10-14</BirthDate>
</BirthData>
</Student><Student>
<StudentUniqueStateId>555685177</StudentUniqueStateId>
<Name>
<FirstName>Charde</FirstName>
<MiddleName>
</MiddleName>
<LastSurname>Lowery</LastSurname>
<GenerationCodeSuffix>Jr</GenerationCodeSuffix>
</Name>
<Sex>Female</Sex>
<EconomicDisadvantaged>false</EconomicDisadvantaged>
<SchoolFoodServicesEligibility>Free</SchoolFoodServicesEligibility>
<HispanicLatinoEthnicity>false</HispanicLatinoEthnicity>
<Race>
</Race>
<LimitedEnglishProficiency>NotLimited</LimitedEnglishProficiency>
<Section504Disabilities>
</Section504Disabilities>
<DisplacementStatus>
</DisplacementStatus>

<BirthData>
<BirthDate>2006-02-13</BirthDate>
</BirthData>
</Student><Student>
<StudentUniqueStateId>336344132</StudentUniqueStateId>
<Name>
<FirstName>Odysseus</FirstName>
<MiddleName>
</MiddleName>
<LastSurname>Merrill</LastSurname>
<GenerationCodeSuffix>Jr</GenerationCodeSuffix>
</Name>
<Sex>Male</Sex>
<EconomicDisadvantaged>false</EconomicDisadvantaged>
<SchoolFoodServicesEligibility>Free</SchoolFoodServicesEligibility>
<HispanicLatinoEthnicity>false</HispanicLatinoEthnicity>
<Race>
</Race>
<LimitedEnglishProficiency>Limited</LimitedEnglishProficiency>
<Section504Disabilities>
</Section504Disabilities>
<DisplacementStatus>
</DisplacementStatus>

<BirthData>
<BirthDate>2003-03-25</BirthDate>
</BirthData>
</Student><Student>
<StudentUniqueStateId>131758477</StudentUniqueStateId>
<Name>
<FirstName>Deirdre</FirstName>
<MiddleName>Tashya</MiddleName>
<LastSurname>Gentry</LastSurname>
<GenerationCodeSuffix>Jr</GenerationCodeSuffix>
</Name>
<Sex>Female</Sex>
<EconomicDisadvantaged>false</EconomicDisadvantaged>
<SchoolFoodServicesEligibility>Reduced price</SchoolFoodServicesEligibility>
<HispanicLatinoEthnicity>false</HispanicLatinoEthnicity>
<Race>
</Race>
<LimitedEnglishProficiency>NotLimited</LimitedEnglishProficiency>
<Section504Disabilities>
</Section504Disabilities>
<DisplacementStatus>
</DisplacementStatus>

<BirthData>
<BirthDate>1997-07-22</BirthDate>
</BirthData>
</Student><Student>
<StudentUniqueStateId>992193581</StudentUniqueStateId>
<Name>
<FirstName>Keaton</FirstName>
<MiddleName>D</MiddleName>
<LastSurname>Hebert</LastSurname>
<GenerationCodeSuffix>Jr</GenerationCodeSuffix>
</Name>
<Sex>Male</Sex>
<EconomicDisadvantaged>false</EconomicDisadvantaged>
<SchoolFoodServicesEligibility>Full price</SchoolFoodServicesEligibility>
<HispanicLatinoEthnicity>false</HispanicLatinoEthnicity>
<Race>
</Race>
<LimitedEnglishProficiency>NotLimited</LimitedEnglishProficiency>
<Section504Disabilities>
</Section504Disabilities>
<DisplacementStatus>
</DisplacementStatus>

<BirthData>
<BirthDate>2001-01-25</BirthDate>
</BirthData>
</Student><Student>
<StudentUniqueStateId>936070219</StudentUniqueStateId>
<Name>
<FirstName>Kay</FirstName>
<MiddleName>
</MiddleName>
<LastSurname>Sullivan</LastSurname>
<GenerationCodeSuffix>Jr</GenerationCodeSuffix>
</Name>
<Sex>Female</Sex>
<EconomicDisadvantaged>false</EconomicDisadvantaged>
<SchoolFoodServicesEligibility>Full price</SchoolFoodServicesEligibility>
<HispanicLatinoEthnicity>false</HispanicLatinoEthnicity>
<Race>
</Race>
<LimitedEnglishProficiency>NotLimited</LimitedEnglishProficiency>
<Section504Disabilities>
</Section504Disabilities>
<DisplacementStatus>
</DisplacementStatus>

<BirthData>
<BirthDate>2005-09-23</BirthDate>
</BirthData>
</Student><Student>
<StudentUniqueStateId>558780133</StudentUniqueStateId>
<Name>
<FirstName>Galena</FirstName>
<MiddleName>Troy</MiddleName>
<LastSurname>Harris</LastSurname>
<GenerationCodeSuffix>Jr</GenerationCodeSuffix>
</Name>
<Sex>Female</Sex>
<EconomicDisadvantaged>false</EconomicDisadvantaged>
<SchoolFoodServicesEligibility>Full price</SchoolFoodServicesEligibility>
<HispanicLatinoEthnicity>false</HispanicLatinoEthnicity>
<Race>
</Race>
<LimitedEnglishProficiency>NotLimited</LimitedEnglishProficiency>
<Section504Disabilities>
</Section504Disabilities>
<DisplacementStatus>
</DisplacementStatus>

<BirthData>
<BirthDate>1995-10-15</BirthDate>
</BirthData>
</Student><Student>
<StudentUniqueStateId>541397175</StudentUniqueStateId>
<Name>
<FirstName>Lunea</FirstName>
<MiddleName>
</MiddleName>
<LastSurname>Glass</LastSurname>
<GenerationCodeSuffix>Jr</GenerationCodeSuffix>
</Name>
<Sex>Female</Sex>
<EconomicDisadvantaged>false</EconomicDisadvantaged>
<SchoolFoodServicesEligibility>Full price</SchoolFoodServicesEligibility>
<HispanicLatinoEthnicity>false</HispanicLatinoEthnicity>
<Race>
</Race>
<LimitedEnglishProficiency>NotLimited</LimitedEnglishProficiency>
<Section504Disabilities>
</Section504Disabilities>
<DisplacementStatus>
</DisplacementStatus>

<BirthData>
<BirthDate>1996-10-24</BirthDate>
</BirthData>
</Student><Student>
<StudentUniqueStateId>851123275</StudentUniqueStateId>
<Name>
<FirstName>Hoyt</FirstName>
<MiddleName>
</MiddleName>
<LastSurname>Hicks</LastSurname>
<GenerationCodeSuffix>Jr</GenerationCodeSuffix>
</Name>
<Sex>Male</Sex>
<EconomicDisadvantaged>false</EconomicDisadvantaged>
<SchoolFoodServicesEligibility>Free</SchoolFoodServicesEligibility>
<HispanicLatinoEthnicity>false</HispanicLatinoEthnicity>
<Race>
</Race>
<LimitedEnglishProficiency>Limited</LimitedEnglishProficiency>
<Section504Disabilities>
</Section504Disabilities>
<DisplacementStatus>
</DisplacementStatus>

<BirthData>
<BirthDate>1999-06-13</BirthDate>
</BirthData>
</Student><Student>
<StudentUniqueStateId>802709591</StudentUniqueStateId>
<Name>
<FirstName>Imelda</FirstName>
<MiddleName>Sydnee</MiddleName>
<LastSurname>Lindsey</LastSurname>
<GenerationCodeSuffix>Jr</GenerationCodeSuffix>
</Name>
<Sex>Female</Sex>
<EconomicDisadvantaged>false</EconomicDisadvantaged>
<SchoolFoodServicesEligibility>Reduced price</SchoolFoodServicesEligibility>
<HispanicLatinoEthnicity>false</HispanicLatinoEthnicity>
<Race>
</Race>
<LimitedEnglishProficiency>NotLimited</LimitedEnglishProficiency>
<Section504Disabilities>
</Section504Disabilities>
<DisplacementStatus>
</DisplacementStatus>

<BirthData>
<BirthDate>1997-03-07</BirthDate>
</BirthData>
</Student><Student>
<StudentUniqueStateId>100644447</StudentUniqueStateId>
<Name>
<FirstName>Brielle</FirstName>
<MiddleName>W</MiddleName>
<LastSurname>Klein</LastSurname>
<GenerationCodeSuffix>Jr</GenerationCodeSuffix>
</Name>
<Sex>Female</Sex>
<EconomicDisadvantaged>false</EconomicDisadvantaged>
<SchoolFoodServicesEligibility>Reduced price</SchoolFoodServicesEligibility>
<HispanicLatinoEthnicity>false</HispanicLatinoEthnicity>
<Race>
</Race>
<LimitedEnglishProficiency>Limited</LimitedEnglishProficiency>
<Section504Disabilities>
</Section504Disabilities>
<DisplacementStatus>
</DisplacementStatus>

<BirthData>
<BirthDate>2006-06-02</BirthDate>
</BirthData>
</Student><Student>
<StudentUniqueStateId>555685100</StudentUniqueStateId>
<Name>
<FirstName>Johnny</FirstName>
<MiddleName>
</MiddleName>
<LastSurname>Patel</LastSurname>
<GenerationCodeSuffix>Jr</GenerationCodeSuffix>
</Name>
<Sex>Female</Sex>
<EconomicDisadvantaged>false</EconomicDisadvantaged>
<SchoolFoodServicesEligibility>None</SchoolFoodServicesEligibility>
<HispanicLatinoEthnicity>false</HispanicLatinoEthnicity>
<Race>
</Race>
<LimitedEnglishProficiency>Limited</LimitedEnglishProficiency>
<Section504Disabilities>
</Section504Disabilities>
<DisplacementStatus>
</DisplacementStatus>

<BirthData>
<BirthDate>2006-02-13</BirthDate>
</BirthData>
</Student><Student>
<StudentUniqueStateId>111111111</StudentUniqueStateId>
<Name>
<FirstName>Student</FirstName>
<MiddleName>Mock</MiddleName>
<LastSurname>Fake</LastSurname>
<GenerationCodeSuffix>Jr</GenerationCodeSuffix>
</Name>
<Sex>Female</Sex>
<EconomicDisadvantaged>false</EconomicDisadvantaged>
<SchoolFoodServicesEligibility>Reduced price</SchoolFoodServicesEligibility>
<HispanicLatinoEthnicity>false</HispanicLatinoEthnicity>
<Race>
</Race>
<LimitedEnglishProficiency>NotLimited</LimitedEnglishProficiency>
<Section504Disabilities>
</Section504Disabilities>
<DisplacementStatus>
</DisplacementStatus>

<BirthData>
<BirthDate>2005-01-01</BirthDate>
</BirthData>
</Student><Student>
<StudentUniqueStateId>421216329</StudentUniqueStateId>
<Name>
<FirstName>Madeline</FirstName>
<MiddleName>
</MiddleName>
<LastSurname>Hinton</LastSurname>
<GenerationCodeSuffix>Jr</GenerationCodeSuffix>
</Name>
<Sex>Female</Sex>
<EconomicDisadvantaged>false</EconomicDisadvantaged>
<SchoolFoodServicesEligibility>Reduced price</SchoolFoodServicesEligibility>
<HispanicLatinoEthnicity>false</HispanicLatinoEthnicity>
<Race>
</Race>
<LimitedEnglishProficiency>NotLimited</LimitedEnglishProficiency>
<Section504Disabilities>
</Section504Disabilities>
<DisplacementStatus>
</DisplacementStatus>

<BirthData>
<BirthDate>1994-03-17</BirthDate>
</BirthData>
</Student><Student>
<StudentUniqueStateId>187780388</StudentUniqueStateId>
<Name>
<FirstName>Adara</FirstName>
<MiddleName>Bethany</MiddleName>
<LastSurname>Bullock</LastSurname>
<GenerationCodeSuffix>Jr</GenerationCodeSuffix>
</Name>
<Sex>Female</Sex>
<EconomicDisadvantaged>false</EconomicDisadvantaged>
<SchoolFoodServicesEligibility>Full price</SchoolFoodServicesEligibility>
<HispanicLatinoEthnicity>false</HispanicLatinoEthnicity>
<Race>
</Race>
<LimitedEnglishProficiency>NotLimited</LimitedEnglishProficiency>
<Section504Disabilities>
</Section504Disabilities>
<DisplacementStatus>
</DisplacementStatus>

<BirthData>
<BirthDate>1998-02-26</BirthDate>
</BirthData>
</Student><Student>
<StudentUniqueStateId>525878920</StudentUniqueStateId>
<Name>
<FirstName>Delilah</FirstName>
<MiddleName>D</MiddleName>
<LastSurname>Sims</LastSurname>
<GenerationCodeSuffix>Jr</GenerationCodeSuffix>
</Name>
<Sex>Female</Sex>
<EconomicDisadvantaged>false</EconomicDisadvantaged>
<SchoolFoodServicesEligibility>Free</SchoolFoodServicesEligibility>
<HispanicLatinoEthnicity>false</HispanicLatinoEthnicity>
<Race>
</Race>
<LimitedEnglishProficiency>NotLimited</LimitedEnglishProficiency>
<Section504Disabilities>
</Section504Disabilities>
<DisplacementStatus>
</DisplacementStatus>

<BirthData>
<BirthDate>2004-12-04</BirthDate>
</BirthData>
</Student><Student>
<StudentUniqueStateId>178828452</StudentUniqueStateId>
<Name>
<FirstName>Tyrone</FirstName>
<MiddleName>
</MiddleName>
<LastSurname>Burnett Jones</LastSurname>
<GenerationCodeSuffix>Jr</GenerationCodeSuffix>
</Name>
<Sex>Male</Sex>
<EconomicDisadvantaged>false</EconomicDisadvantaged>
<SchoolFoodServicesEligibility>Reduced price</SchoolFoodServicesEligibility>
<HispanicLatinoEthnicity>false</HispanicLatinoEthnicity>
<Race>
</Race>
<LimitedEnglishProficiency>NotLimited</LimitedEnglishProficiency>
<Section504Disabilities>
</Section504Disabilities>
<DisplacementStatus>
</DisplacementStatus>

<BirthData>
<BirthDate>2001-10-04</BirthDate>
</BirthData>
</Student><Student>
<StudentUniqueStateId>423037202</StudentUniqueStateId>
<Name>
<FirstName>Nomlanga</FirstName>
<MiddleName>Deacon</MiddleName>
<LastSurname>Mccormick</LastSurname>
<GenerationCodeSuffix>Jr</GenerationCodeSuffix>
</Name>
<Sex>Male</Sex>
<EconomicDisadvantaged>false</EconomicDisadvantaged>
<SchoolFoodServicesEligibility>Reduced price</SchoolFoodServicesEligibility>
<HispanicLatinoEthnicity>false</HispanicLatinoEthnicity>
<Race>
</Race>
<LimitedEnglishProficiency>NotLimited</LimitedEnglishProficiency>
<Section504Disabilities>
</Section504Disabilities>
<DisplacementStatus>
</DisplacementStatus>

<BirthData>
<BirthDate>1999-06-05</BirthDate>
</BirthData>
</Student><Student>
<StudentUniqueStateId>784204643</StudentUniqueStateId>
<Name>
<FirstName>Ingrid</FirstName>
<MiddleName>Lana</MiddleName>
<LastSurname>Gentry</LastSurname>
<GenerationCodeSuffix>Jr</GenerationCodeSuffix>
</Name>
<Sex>Female</Sex>
<EconomicDisadvantaged>false</EconomicDisadvantaged>
<SchoolFoodServicesEligibility>Full price</SchoolFoodServicesEligibility>
<HispanicLatinoEthnicity>false</HispanicLatinoEthnicity>
<Race>
</Race>
<LimitedEnglishProficiency>NotLimited</LimitedEnglishProficiency>
<Section504Disabilities>
</Section504Disabilities>
<DisplacementStatus>
</DisplacementStatus>

<BirthData>
<BirthDate>1995-07-02</BirthDate>
</BirthData>
</Student><Student>
<StudentUniqueStateId>444444444</StudentUniqueStateId>
<Name>
<FirstName>Raphael</FirstName>
<MiddleName>
</MiddleName>
<LastSurname>De Silva</LastSurname>
<GenerationCodeSuffix>Jr</GenerationCodeSuffix>
</Name>
<Sex>Male</Sex>
<EconomicDisadvantaged>true</EconomicDisadvantaged>
<SchoolFoodServicesEligibility>Free</SchoolFoodServicesEligibility>
<HispanicLatinoEthnicity>false</HispanicLatinoEthnicity>
<Race>
</Race>
<LimitedEnglishProficiency>NotLimited</LimitedEnglishProficiency>
<Section504Disabilities>
</Section504Disabilities>
<DisplacementStatus>
</DisplacementStatus>

<BirthData>
<BirthDate>1994-05-18</BirthDate>
</BirthData>
</Student><Student>
<StudentUniqueStateId>376191021</StudentUniqueStateId>
<Name>
<FirstName>Jeanette</FirstName>
<MiddleName>
</MiddleName>
<LastSurname>Graves</LastSurname>
<GenerationCodeSuffix>Jr</GenerationCodeSuffix>
</Name>
<Sex>Female</Sex>
<EconomicDisadvantaged>false</EconomicDisadvantaged>
<SchoolFoodServicesEligibility>Reduced price</SchoolFoodServicesEligibility>
<HispanicLatinoEthnicity>false</HispanicLatinoEthnicity>
<Race>
</Race>
<LimitedEnglishProficiency>NotLimited</LimitedEnglishProficiency>
<Section504Disabilities>
</Section504Disabilities>
<DisplacementStatus>
</DisplacementStatus>

<BirthData>
<BirthDate>1994-08-30</BirthDate>
</BirthData>
</Student><Student>
<StudentUniqueStateId>288598192</StudentUniqueStateId>
<Name>
<FirstName>Deborah</FirstName>
<MiddleName>Tamara</MiddleName>
<LastSurname>Dawson</LastSurname>
<GenerationCodeSuffix>Jr</GenerationCodeSuffix>
</Name>
<Sex>Female</Sex>
<EconomicDisadvantaged>false</EconomicDisadvantaged>
<SchoolFoodServicesEligibility>Full price</SchoolFoodServicesEligibility>
<HispanicLatinoEthnicity>false</HispanicLatinoEthnicity>
<Race>
</Race>
<LimitedEnglishProficiency>NotLimited</LimitedEnglishProficiency>
<Section504Disabilities>
</Section504Disabilities>
<DisplacementStatus>
</DisplacementStatus>

<BirthData>
<BirthDate>2004-08-20</BirthDate>
</BirthData>
</Student><Student>
<StudentUniqueStateId>258392050</StudentUniqueStateId>
<Name>
<FirstName>Patricia</FirstName>
<MiddleName>
</MiddleName>
<LastSurname>Harper</LastSurname>
<GenerationCodeSuffix>Jr</GenerationCodeSuffix>
</Name>
<Sex>Female</Sex>
<EconomicDisadvantaged>false</EconomicDisadvantaged>
<SchoolFoodServicesEligibility>Reduced price</SchoolFoodServicesEligibility>
<HispanicLatinoEthnicity>false</HispanicLatinoEthnicity>
<Race>
</Race>
<LimitedEnglishProficiency>Limited</LimitedEnglishProficiency>
<Section504Disabilities>
</Section504Disabilities>
<DisplacementStatus>
</DisplacementStatus>

<BirthData>
<BirthDate>1994-01-09</BirthDate>
</BirthData>
</Student><Student>
<StudentUniqueStateId>164420088</StudentUniqueStateId>
<Name>
<FirstName>Ursa</FirstName>
<MiddleName>Kellie</MiddleName>
<LastSurname>Oconnor</LastSurname>
<GenerationCodeSuffix>Jr</GenerationCodeSuffix>
</Name>
<Sex>Female</Sex>
<EconomicDisadvantaged>true</EconomicDisadvantaged>
<SchoolFoodServicesEligibility>Free</SchoolFoodServicesEligibility>
<HispanicLatinoEthnicity>false</HispanicLatinoEthnicity>
<Race>
</Race>
<LimitedEnglishProficiency>Limited</LimitedEnglishProficiency>
<Section504Disabilities>
</Section504Disabilities>
<DisplacementStatus>
</DisplacementStatus>

<BirthData>
<BirthDate>1995-06-25</BirthDate>
</BirthData>
</Student><Student>
<StudentUniqueStateId>170011136</StudentUniqueStateId>
<Name>
<FirstName>Arsenio</FirstName>
<MiddleName>
</MiddleName>
<LastSurname>Durham</LastSurname>
<GenerationCodeSuffix>Jr</GenerationCodeSuffix>
</Name>
<Sex>Male</Sex>
<EconomicDisadvantaged>false</EconomicDisadvantaged>
<SchoolFoodServicesEligibility>Free</SchoolFoodServicesEligibility>
<HispanicLatinoEthnicity>false</HispanicLatinoEthnicity>
<Race>
</Race>
<LimitedEnglishProficiency>Limited</LimitedEnglishProficiency>
<Section504Disabilities>
</Section504Disabilities>
<DisplacementStatus>
</DisplacementStatus>

<BirthData>
<BirthDate>2001-01-23</BirthDate>
</BirthData>
</Student><Student>
<StudentUniqueStateId>453827070</StudentUniqueStateId>
<Name>
<FirstName>Marvin</FirstName>
<MiddleName>
</MiddleName>
<LastSurname>Miller</LastSurname>
<GenerationCodeSuffix>Jr</GenerationCodeSuffix>
</Name>
<Sex>Male</Sex>
<EconomicDisadvantaged>true</EconomicDisadvantaged>
<SchoolFoodServicesEligibility>Free</SchoolFoodServicesEligibility>
<HispanicLatinoEthnicity>false</HispanicLatinoEthnicity>
<Race>
</Race>
<LimitedEnglishProficiency>NotLimited</LimitedEnglishProficiency>
<Section504Disabilities>
</Section504Disabilities>
<DisplacementStatus>
</DisplacementStatus>

<BirthData>
<BirthDate>2002-07-05</BirthDate>
</BirthData>
</Student><Student>
<StudentUniqueStateId>547028299</StudentUniqueStateId>
<Name>
<FirstName>Alec</FirstName>
<MiddleName>
</MiddleName>
<LastSurname>Swanson</LastSurname>
<GenerationCodeSuffix>Jr</GenerationCodeSuffix>
</Name>
<Sex>Male</Sex>
<EconomicDisadvantaged>false</EconomicDisadvantaged>
<SchoolFoodServicesEligibility>Reduced price</SchoolFoodServicesEligibility>
<HispanicLatinoEthnicity>false</HispanicLatinoEthnicity>
<Race>
</Race>
<LimitedEnglishProficiency>NotLimited</LimitedEnglishProficiency>
<Section504Disabilities>
</Section504Disabilities>
<DisplacementStatus>
</DisplacementStatus>

<BirthData>
<BirthDate>1999-11-15</BirthDate>
</BirthData>
</Student><Student>
<StudentUniqueStateId>333333333</StudentUniqueStateId>
<Name>
<FirstName>Fabio</FirstName>
<MiddleName>
</MiddleName>
<LastSurname>De Silva</LastSurname>
<GenerationCodeSuffix>Jr</GenerationCodeSuffix>
</Name>
<Sex>Male</Sex>
<EconomicDisadvantaged>true</EconomicDisadvantaged>
<SchoolFoodServicesEligibility>Reduced price</SchoolFoodServicesEligibility>
<HispanicLatinoEthnicity>false</HispanicLatinoEthnicity>
<Race>
</Race>
<LimitedEnglishProficiency>Limited</LimitedEnglishProficiency>
<Section504Disabilities>
</Section504Disabilities>
<DisplacementStatus>
</DisplacementStatus>

<BirthData>
<BirthDate>1994-05-17</BirthDate>
</BirthData>
</Student><Student>
<StudentUniqueStateId>429526969</StudentUniqueStateId>
<Name>
<FirstName>Nicholas</FirstName>
<MiddleName>A</MiddleName>
<LastSurname>Burks</LastSurname>
<GenerationCodeSuffix>Jr</GenerationCodeSuffix>
</Name>
<Sex>Male</Sex>
<EconomicDisadvantaged>false</EconomicDisadvantaged>
<SchoolFoodServicesEligibility>Free</SchoolFoodServicesEligibility>
<HispanicLatinoEthnicity>false</HispanicLatinoEthnicity>
<Race>
</Race>
<LimitedEnglishProficiency>Limited</LimitedEnglishProficiency>
<Section504Disabilities>
</Section504Disabilities>
<DisplacementStatus>
</DisplacementStatus>

<BirthData>
<BirthDate>1999-12-17</BirthDate>
</BirthData>
</Student><Student>
<StudentUniqueStateId>453827023</StudentUniqueStateId>
<Name>
<FirstName>Carmen</FirstName>
<MiddleName>
</MiddleName>
<LastSurname>Ortiz</LastSurname>
<GenerationCodeSuffix>Jr</GenerationCodeSuffix>
</Name>
<Sex>Female</Sex>
<EconomicDisadvantaged>true</EconomicDisadvantaged>
<SchoolFoodServicesEligibility>None</SchoolFoodServicesEligibility>
<HispanicLatinoEthnicity>false</HispanicLatinoEthnicity>
<Race>
</Race>
<LimitedEnglishProficiency>NotLimited</LimitedEnglishProficiency>
<Section504Disabilities>
</Section504Disabilities>
<DisplacementStatus>
</DisplacementStatus>

<BirthData>
<BirthDate>2002-07-05</BirthDate>
</BirthData>
</Student><Student>
<StudentUniqueStateId>670703438</StudentUniqueStateId>
<Name>
<FirstName>Zachary</FirstName>
<MiddleName>Melvin</MiddleName>
<LastSurname>Patton</LastSurname>
<GenerationCodeSuffix>Jr</GenerationCodeSuffix>
</Name>
<Sex>Male</Sex>
<EconomicDisadvantaged>false</EconomicDisadvantaged>
<SchoolFoodServicesEligibility>Reduced price</SchoolFoodServicesEligibility>
<HispanicLatinoEthnicity>false</HispanicLatinoEthnicity>
<Race>
</Race>
<LimitedEnglishProficiency>Limited</LimitedEnglishProficiency>
<Section504Disabilities>
</Section504Disabilities>
<DisplacementStatus>
</DisplacementStatus>

<BirthData>
<BirthDate>2002-04-10</BirthDate>
</BirthData>
</Student><Student>
<StudentUniqueStateId>683314355</StudentUniqueStateId>
<Name>
<FirstName>Cherokee</FirstName>
<MiddleName>
</MiddleName>
<LastSurname>Stuart</LastSurname>
<GenerationCodeSuffix>Jr</GenerationCodeSuffix>
</Name>
<Sex>Male</Sex>
<EconomicDisadvantaged>false</EconomicDisadvantaged>
<SchoolFoodServicesEligibility>Full price</SchoolFoodServicesEligibility>
<HispanicLatinoEthnicity>false</HispanicLatinoEthnicity>
<Race>
</Race>
<LimitedEnglishProficiency>NotLimited</LimitedEnglishProficiency>
<Section504Disabilities>
</Section504Disabilities>
<DisplacementStatus>
</DisplacementStatus>

<BirthData>
<BirthDate>2004-11-13</BirthDate>
</BirthData>
</Student><Student>
<StudentUniqueStateId>943715230</StudentUniqueStateId>
<Name>
<FirstName>Jolene</FirstName>
<MiddleName>Colt</MiddleName>
<LastSurname>Ashley</LastSurname>
<GenerationCodeSuffix>Jr</GenerationCodeSuffix>
</Name>
<Sex>Female</Sex>
<EconomicDisadvantaged>false</EconomicDisadvantaged>
<SchoolFoodServicesEligibility>Free</SchoolFoodServicesEligibility>
<HispanicLatinoEthnicity>false</HispanicLatinoEthnicity>
<Race>
</Race>
<LimitedEnglishProficiency>Limited</LimitedEnglishProficiency>
<Section504Disabilities>
</Section504Disabilities>
<DisplacementStatus>
</DisplacementStatus>

<BirthData>
<BirthDate>2000-12-20</BirthDate>
</BirthData>
</Student><Student>
<StudentUniqueStateId>505331723</StudentUniqueStateId>
<Name>
<FirstName>Gannon</FirstName>
<MiddleName>Eric</MiddleName>
<LastSurname>Roman</LastSurname>
<GenerationCodeSuffix>Jr</GenerationCodeSuffix>
</Name>
<Sex>Male</Sex>
<EconomicDisadvantaged>false</EconomicDisadvantaged>
<SchoolFoodServicesEligibility>Reduced price</SchoolFoodServicesEligibility>
<HispanicLatinoEthnicity>false</HispanicLatinoEthnicity>
<Race>
</Race>
<LimitedEnglishProficiency>Limited</LimitedEnglishProficiency>
<Section504Disabilities>
</Section504Disabilities>
<DisplacementStatus>
</DisplacementStatus>

<BirthData>
<BirthDate>2004-08-22</BirthDate>
</BirthData>
</Student><Student>
<StudentUniqueStateId>114989598</StudentUniqueStateId>
<Name>
<FirstName>Trevor</FirstName>
<MiddleName>
</MiddleName>
<LastSurname>Kim</LastSurname>
<GenerationCodeSuffix>Jr</GenerationCodeSuffix>
</Name>
<Sex>Female</Sex>
<EconomicDisadvantaged>false</EconomicDisadvantaged>
<SchoolFoodServicesEligibility>Full price</SchoolFoodServicesEligibility>
<HispanicLatinoEthnicity>false</HispanicLatinoEthnicity>
<Race>
</Race>
<LimitedEnglishProficiency>NotLimited</LimitedEnglishProficiency>
<Section504Disabilities>
</Section504Disabilities>
<DisplacementStatus>
</DisplacementStatus>

<BirthData>
<BirthDate>2005-07-16</BirthDate>
</BirthData>
</Student><Student>
<StudentUniqueStateId>711411586</StudentUniqueStateId>
<Name>
<FirstName>Rafael</FirstName>
<MiddleName>
</MiddleName>
<LastSurname>Kirk</LastSurname>
<GenerationCodeSuffix>Jr</GenerationCodeSuffix>
</Name>
<Sex>Male</Sex>
<EconomicDisadvantaged>false</EconomicDisadvantaged>
<SchoolFoodServicesEligibility>Free</SchoolFoodServicesEligibility>
<HispanicLatinoEthnicity>false</HispanicLatinoEthnicity>
<Race>
</Race>
<LimitedEnglishProficiency>Limited</LimitedEnglishProficiency>
<Section504Disabilities>
</Section504Disabilities>
<DisplacementStatus>
</DisplacementStatus>

<BirthData>
<BirthDate>2006-01-08</BirthDate>
</BirthData>
</Student><Student>
<StudentUniqueStateId>977876544</StudentUniqueStateId>
<Name>
<FirstName>Vladimir</FirstName>
<MiddleName>Felix</MiddleName>
<LastSurname>Head</LastSurname>
<GenerationCodeSuffix>Jr</GenerationCodeSuffix>
</Name>
<Sex>Male</Sex>
<EconomicDisadvantaged>false</EconomicDisadvantaged>
<SchoolFoodServicesEligibility>Full price</SchoolFoodServicesEligibility>
<HispanicLatinoEthnicity>false</HispanicLatinoEthnicity>
<Race>
</Race>
<LimitedEnglishProficiency>NotLimited</LimitedEnglishProficiency>
<Section504Disabilities>
</Section504Disabilities>
<DisplacementStatus>
</DisplacementStatus>

<BirthData>
<BirthDate>1996-02-12</BirthDate>
</BirthData>
</Student><Student>
<StudentUniqueStateId>204492239</StudentUniqueStateId>
<Name>
<FirstName>Rogan</FirstName>
<MiddleName>Dante</MiddleName>
<LastSurname>Tillman</LastSurname>
<GenerationCodeSuffix>Jr</GenerationCodeSuffix>
</Name>
<Sex>Male</Sex>
<EconomicDisadvantaged>false</EconomicDisadvantaged>
<SchoolFoodServicesEligibility>Full price</SchoolFoodServicesEligibility>
<HispanicLatinoEthnicity>false</HispanicLatinoEthnicity>
<Race>
</Race>
<LimitedEnglishProficiency>NotLimited</LimitedEnglishProficiency>
<Section504Disabilities>
</Section504Disabilities>
<DisplacementStatus>
</DisplacementStatus>

<BirthData>
<BirthDate>1995-03-24</BirthDate>
</BirthData>
</Student><Student>
<StudentUniqueStateId>196038854</StudentUniqueStateId>
<Name>
<FirstName>Isaiah</FirstName>
<MiddleName>Zane</MiddleName>
<LastSurname>Hopkins</LastSurname>
<GenerationCodeSuffix>Jr</GenerationCodeSuffix>
</Name>
<Sex>Male</Sex>
<EconomicDisadvantaged>false</EconomicDisadvantaged>
<SchoolFoodServicesEligibility>Full price</SchoolFoodServicesEligibility>
<HispanicLatinoEthnicity>false</HispanicLatinoEthnicity>
<Race>
</Race>
<LimitedEnglishProficiency>NotLimited</LimitedEnglishProficiency>
<Section504Disabilities>
</Section504Disabilities>
<DisplacementStatus>
</DisplacementStatus>

<BirthData>
<BirthDate>1999-06-27</BirthDate>
</BirthData>
</Student><Student>
<StudentUniqueStateId>978367577</StudentUniqueStateId>
<Name>
<FirstName>Xaviera</FirstName>
<MiddleName>
</MiddleName>
<LastSurname>Erickson</LastSurname>
<GenerationCodeSuffix>Jr</GenerationCodeSuffix>
</Name>
<Sex>Female</Sex>
<EconomicDisadvantaged>false</EconomicDisadvantaged>
<SchoolFoodServicesEligibility>Full price</SchoolFoodServicesEligibility>
<HispanicLatinoEthnicity>false</HispanicLatinoEthnicity>
<Race>
</Race>
<LimitedEnglishProficiency>NotLimited</LimitedEnglishProficiency>
<Section504Disabilities>
</Section504Disabilities>
<DisplacementStatus>
</DisplacementStatus>

<BirthData>
<BirthDate>1996-01-17</BirthDate>
</BirthData>
</Student><Student>
<StudentUniqueStateId>222222222</StudentUniqueStateId>
<Name>
<FirstName>Salmon</FirstName>
<MiddleName>
</MiddleName>
<LastSurname>Burger</LastSurname>
<GenerationCodeSuffix>Jr</GenerationCodeSuffix>
</Name>
<Sex>Female</Sex>
<EconomicDisadvantaged>false</EconomicDisadvantaged>
<SchoolFoodServicesEligibility>Free</SchoolFoodServicesEligibility>
<HispanicLatinoEthnicity>false</HispanicLatinoEthnicity>
<Race>
</Race>
<LimitedEnglishProficiency>Limited</LimitedEnglishProficiency>
<Section504Disabilities>
</Section504Disabilities>
<DisplacementStatus>
</DisplacementStatus>

<BirthData>
<BirthDate>1994-04-17</BirthDate>
</BirthData>
</Student><Student>
<StudentUniqueStateId>323538529</StudentUniqueStateId>
<Name>
<FirstName>Hector</FirstName>
<MiddleName>
</MiddleName>
<LastSurname>Marks</LastSurname>
<GenerationCodeSuffix>Jr</GenerationCodeSuffix>
</Name>
<Sex>Male</Sex>
<EconomicDisadvantaged>false</EconomicDisadvantaged>
<SchoolFoodServicesEligibility>Full price</SchoolFoodServicesEligibility>
<HispanicLatinoEthnicity>false</HispanicLatinoEthnicity>
<Race>
</Race>
<LimitedEnglishProficiency>NotLimited</LimitedEnglishProficiency>
<Section504Disabilities>
</Section504Disabilities>
<DisplacementStatus>
</DisplacementStatus>

<BirthData>
<BirthDate>2004-03-30</BirthDate>
</BirthData>
</Student><Student>
<StudentUniqueStateId>419301055</StudentUniqueStateId>
<Name>
<FirstName>Veda</FirstName>
<MiddleName>Zoe</MiddleName>
<LastSurname>Morse</LastSurname>
<GenerationCodeSuffix>Jr</GenerationCodeSuffix>
</Name>
<Sex>Female</Sex>
<EconomicDisadvantaged>false</EconomicDisadvantaged>
<SchoolFoodServicesEligibility>Full price</SchoolFoodServicesEligibility>
<HispanicLatinoEthnicity>false</HispanicLatinoEthnicity>
<Race>
</Race>
<LimitedEnglishProficiency>NotLimited</LimitedEnglishProficiency>
<Section504Disabilities>
</Section504Disabilities>
<DisplacementStatus>
</DisplacementStatus>

<BirthData>
<BirthDate>1998-06-02</BirthDate>
</BirthData>
</Student><Student>
<StudentUniqueStateId>250918988</StudentUniqueStateId>
<Name>
<FirstName>Uriah</FirstName>
<MiddleName>W</MiddleName>
<LastSurname>Jordan</LastSurname>
<GenerationCodeSuffix>Jr</GenerationCodeSuffix>
</Name>
<Sex>Male</Sex>
<EconomicDisadvantaged>false</EconomicDisadvantaged>
<SchoolFoodServicesEligibility>Free</SchoolFoodServicesEligibility>
<HispanicLatinoEthnicity>false</HispanicLatinoEthnicity>
<Race>
</Race>
<LimitedEnglishProficiency>NotLimited</LimitedEnglishProficiency>
<Section504Disabilities>
</Section504Disabilities>
<DisplacementStatus>
</DisplacementStatus>

<BirthData>
<BirthDate>2005-04-06</BirthDate>
</BirthData>
</Student><Student>
<StudentUniqueStateId>927436385</StudentUniqueStateId>
<Name>
<FirstName>Uriah</FirstName>
<MiddleName>
</MiddleName>
<LastSurname>Hernandez</LastSurname>
<GenerationCodeSuffix>Jr</GenerationCodeSuffix>
</Name>
<Sex>Male</Sex>
<EconomicDisadvantaged>false</EconomicDisadvantaged>
<SchoolFoodServicesEligibility>Full price</SchoolFoodServicesEligibility>
<HispanicLatinoEthnicity>false</HispanicLatinoEthnicity>
<Race>
</Race>
<LimitedEnglishProficiency>NotLimited</LimitedEnglishProficiency>
<Section504Disabilities>
</Section504Disabilities>
<DisplacementStatus>
</DisplacementStatus>

<BirthData>
<BirthDate>2003-08-27</BirthDate>
</BirthData>
</Student><Student>
<StudentUniqueStateId>428250371</StudentUniqueStateId>
<Name>
<FirstName>K</FirstName>
<MiddleName>
</MiddleName>
<LastSurname>Pierce</LastSurname>
<GenerationCodeSuffix>Jr</GenerationCodeSuffix>
</Name>
<Sex>Female</Sex>
<EconomicDisadvantaged>false</EconomicDisadvantaged>
<SchoolFoodServicesEligibility>Full price</SchoolFoodServicesEligibility>
<HispanicLatinoEthnicity>false</HispanicLatinoEthnicity>
<Race>
</Race>
<LimitedEnglishProficiency>NotLimited</LimitedEnglishProficiency>
<Section504Disabilities>
</Section504Disabilities>
<DisplacementStatus>
</DisplacementStatus>

<BirthData>
<BirthDate>1996-09-23</BirthDate>
</BirthData>
</Student><Student>
<StudentUniqueStateId>510152105</StudentUniqueStateId>
<Name>
<FirstName>TaShya</FirstName>
<MiddleName>Nicole</MiddleName>
<LastSurname>Alston</LastSurname>
<GenerationCodeSuffix>Jr</GenerationCodeSuffix>
</Name>
<Sex>Female</Sex>
<EconomicDisadvantaged>false</EconomicDisadvantaged>
<SchoolFoodServicesEligibility>Free</SchoolFoodServicesEligibility>
<HispanicLatinoEthnicity>false</HispanicLatinoEthnicity>
<Race>
</Race>
<LimitedEnglishProficiency>NotLimited</LimitedEnglishProficiency>
<Section504Disabilities>
</Section504Disabilities>
<DisplacementStatus>
</DisplacementStatus>

<BirthData>
<BirthDate>1997-06-01</BirthDate>
</BirthData>
</Student><Student>
<StudentUniqueStateId>437680177</StudentUniqueStateId>
<Name>
<FirstName>Kimberley</FirstName>
<MiddleName>Yuli</MiddleName>
<LastSurname>Pennington</LastSurname>
<GenerationCodeSuffix>Jr</GenerationCodeSuffix>
</Name>
<Sex>Female</Sex>
<EconomicDisadvantaged>false</EconomicDisadvantaged>
<SchoolFoodServicesEligibility>Free</SchoolFoodServicesEligibility>
<HispanicLatinoEthnicity>false</HispanicLatinoEthnicity>
<Race>
</Race>
<LimitedEnglishProficiency>Limited</LimitedEnglishProficiency>
<Section504Disabilities>
</Section504Disabilities>
<DisplacementStatus>
</DisplacementStatus>

<BirthData>
<BirthDate>2000-04-23</BirthDate>
</BirthData>
</Student><Student>
<StudentUniqueStateId>746199592</StudentUniqueStateId>
<Name>
<FirstName>James</FirstName>
<MiddleName>
</MiddleName>
<LastSurname>Mckenzie</LastSurname>
<GenerationCodeSuffix>Jr</GenerationCodeSuffix>
</Name>
<Sex>Male</Sex>
<EconomicDisadvantaged>false</EconomicDisadvantaged>
<SchoolFoodServicesEligibility>Full price</SchoolFoodServicesEligibility>
<HispanicLatinoEthnicity>false</HispanicLatinoEthnicity>
<Race>
</Race>
<LimitedEnglishProficiency>NotLimited</LimitedEnglishProficiency>
<Section504Disabilities>
</Section504Disabilities>
<DisplacementStatus>
</DisplacementStatus>

<BirthData>
<BirthDate>2001-01-16</BirthDate>
</BirthData>
</Student><Student>
<StudentUniqueStateId>560029459</StudentUniqueStateId>
<Name>
<FirstName>Florence</FirstName>
<MiddleName>
</MiddleName>
<LastSurname>Cline</LastSurname>
<GenerationCodeSuffix>Jr</GenerationCodeSuffix>
</Name>
<Sex>Female</Sex>
<EconomicDisadvantaged>false</EconomicDisadvantaged>
<SchoolFoodServicesEligibility>Full price</SchoolFoodServicesEligibility>
<HispanicLatinoEthnicity>false</HispanicLatinoEthnicity>
<Race>
</Race>
<LimitedEnglishProficiency>NotLimited</LimitedEnglishProficiency>
<Section504Disabilities>
</Section504Disabilities>
<DisplacementStatus>
</DisplacementStatus>

<BirthData>
<BirthDate>2005-11-06</BirthDate>
</BirthData>
</Student></InterchangeStudent>