<?xml version="1.0" encoding="UTF-8"?>
<!-- edited with XMLSpy v2012 sp1 (x64) (http://www.altova.com) by Peter Backes (Wireless Generation) -->
<!--Sample XML file generated by XMLSpy v2012 sp1 (http://www.altova.com) -->
<InterchangeStaffAssociation xmlns="http://ed-fi.org/0100" xmlns:xsi="http://www.w3.org/2001/XMLSchema-instance"
 xsi:schemaLocation="http://ed-fi.org/0100 ../../sli/common/domain/src/main/resources/edfiXsd/Interchange-StaffAssociation.xsd">
 <Teacher>
  <StaffUniqueStateId>linda.kim</StaffUniqueStateId>
  <StaffIdentificationCode IdentificationSystem="Selective Service" AssigningOrganizationCode="a">
   <ID>a</ID>
  </StaffIdentificationCode>
  <Name Verification="Life insurance policy">
   <PersonalTitlePrefix>Mrs</PersonalTitlePrefix>
   <FirstName>Linda</FirstName>
   <LastSurname>Kim</LastSurname>
  </Name>
  <Sex>Female</Sex>
  <BirthDate>1956-08-14</BirthDate>
  <Address AddressType="Work">
   <StreetNumberName>101 Elm</StreetNumberName>
   <ApartmentRoomSuiteNumber>7B</ApartmentRoomSuiteNumber>
   <City>Brooklyn</City>
   <StateAbbreviation>NY</StateAbbreviation>
   <PostalCode>11201</PostalCode>
   <CountryCode>SI</CountryCode>
   <BeginDate>1967-08-13</BeginDate>
   <EndDate>1967-08-13</EndDate>
  </Address>
  <Telephone TelephoneNumberType="Fax" PrimaryTelephoneNumberIndicator="true">
   <TelephoneNumber>a</TelephoneNumber>
  </Telephone>
  <ElectronicMail EmailAddressType="Organization">
   <EmailAddress>junk@junk.com</EmailAddress>
  </ElectronicMail>
  <HispanicLatinoEthnicity>false</HispanicLatinoEthnicity>
  <OldEthnicity>Hispanic</OldEthnicity>
  <Race>
   <RacialCategory>Black - African American</RacialCategory>
  </Race>
  <HighestLevelOfEducationCompleted>No Degree</HighestLevelOfEducationCompleted>
  <YearsOfPriorProfessionalExperience>0</YearsOfPriorProfessionalExperience>
  <YearsOfPriorTeachingExperience>0</YearsOfPriorTeachingExperience>
  <LoginId>a</LoginId>
  <TeacherUniqueStateId>a</TeacherUniqueStateId>
  <HighlyQualifiedTeacher>false</HighlyQualifiedTeacher>
 </Teacher>
 <Teacher>
  <StaffUniqueStateId>rbraverman</StaffUniqueStateId>
  <StaffIdentificationCode IdentificationSystem="Canadian SIN" AssigningOrganizationCode="a">
   <ID>a</ID>
  </StaffIdentificationCode>
  <Name Verification="Drivers license">
   <PersonalTitlePrefix>Ms</PersonalTitlePrefix>
   <FirstName>Rebecca</FirstName>
   <LastSurname>Braverman</LastSurname>
  </Name>
  <Sex>Female</Sex>
  <BirthDate>1976-01-10</BirthDate>
  <Address AddressType="Mailing">
   <StreetNumberName>123 Smith Street</StreetNumberName>
   <City>Chicago</City>
   <StateAbbreviation>IL</StateAbbreviation>
   <PostalCode>12345</PostalCode>
   <BeginDate>1967-08-13</BeginDate>
   <EndDate>1967-08-13</EndDate>
  </Address>
  <Telephone TelephoneNumberType="Fax" PrimaryTelephoneNumberIndicator="true">
   <TelephoneNumber>a</TelephoneNumber>
  </Telephone>
  <ElectronicMail EmailAddressType="Organization">
   <EmailAddress>dummy@fake.com</EmailAddress>
  </ElectronicMail>
  <HispanicLatinoEthnicity>false</HispanicLatinoEthnicity>
  <OldEthnicity>White, Not Of Hispanic Origin</OldEthnicity>
  <Race>
   <RacialCategory>Native Hawaiian - Pacific Islander</RacialCategory>
  </Race>
  <HighestLevelOfEducationCompleted>No Degree</HighestLevelOfEducationCompleted>
  <YearsOfPriorProfessionalExperience>0</YearsOfPriorProfessionalExperience>
  <YearsOfPriorTeachingExperience>0</YearsOfPriorTeachingExperience>
  <LoginId>a</LoginId>
  <TeacherUniqueStateId>a</TeacherUniqueStateId>
  <HighlyQualifiedTeacher>false</HighlyQualifiedTeacher>
 </Teacher>
 <Teacher>
  <StaffUniqueStateId>cgray</StaffUniqueStateId>
  <StaffIdentificationCode IdentificationSystem="Canadian SIN" AssigningOrganizationCode="a">
   <ID>a</ID>
  </StaffIdentificationCode>
  <Name Verification="Drivers license">
   <PersonalTitlePrefix>Mr</PersonalTitlePrefix>
   <FirstName>Charles</FirstName>
   <LastSurname>Gray</LastSurname>
  </Name>
  <Sex>Male</Sex>
  <BirthDate>1975-06-29</BirthDate>
  <Address AddressType="Mailing">
   <StreetNumberName>123 Smith Street</StreetNumberName>
   <City>Chicago</City>
   <StateAbbreviation>IL</StateAbbreviation>
   <PostalCode>12345</PostalCode>
   <BeginDate>1967-08-13</BeginDate>
   <EndDate>1967-08-13</EndDate>
  </Address>
  <Telephone TelephoneNumberType="Fax" PrimaryTelephoneNumberIndicator="true">
   <TelephoneNumber>a</TelephoneNumber>
  </Telephone>
  <ElectronicMail EmailAddressType="Organization">
   <EmailAddress>dummy@fake.com</EmailAddress>
  </ElectronicMail>
  <HispanicLatinoEthnicity>false</HispanicLatinoEthnicity>
  <OldEthnicity>White, Not Of Hispanic Origin</OldEthnicity>
  <Race>
   <RacialCategory>Native Hawaiian - Pacific Islander</RacialCategory>
  </Race>
  <HighestLevelOfEducationCompleted>No Degree</HighestLevelOfEducationCompleted>
  <YearsOfPriorProfessionalExperience>0</YearsOfPriorProfessionalExperience>
  <YearsOfPriorTeachingExperience>0</YearsOfPriorTeachingExperience>
  <LoginId>a</LoginId>
  <TeacherUniqueStateId>a</TeacherUniqueStateId>
  <HighlyQualifiedTeacher>true</HighlyQualifiedTeacher>
 </Teacher>

 <TeacherSchoolAssociation>
  <TeacherReference>
   <StaffIdentity>
    <StaffUniqueStateId>linda.kim</StaffUniqueStateId>
   </StaffIdentity>
  </TeacherReference>
  <SchoolReference>
   <EducationalOrgIdentity>
    <StateOrganizationId>East Daybreak Junior High</StateOrganizationId>
   </EducationalOrgIdentity>
  </SchoolReference>
  <ProgramAssignment>Regular Education</ProgramAssignment>
  <InstructionalGradeLevels>
   <GradeLevel>First grade</GradeLevel>
  </InstructionalGradeLevels>
  <AcademicSubjects>
   <AcademicSubject>Computer and Information Sciences</AcademicSubject>
  </AcademicSubjects>
 </TeacherSchoolAssociation>
 <TeacherSchoolAssociation>
  <TeacherReference>
   <StaffIdentity>
    <StaffUniqueStateId>cgray</StaffUniqueStateId>
   </StaffIdentity>
  </TeacherReference>
  <SchoolReference>
   <EducationalOrgIdentity>
    <StateOrganizationId>Sunset Central High School</StateOrganizationId>
   </EducationalOrgIdentity>
  </SchoolReference>
  <ProgramAssignment>Regular Education</ProgramAssignment>
  <InstructionalGradeLevels>
   <GradeLevel>First grade</GradeLevel>
  </InstructionalGradeLevels>
  <AcademicSubjects>
   <AcademicSubject>Computer and Information Sciences</AcademicSubject>
  </AcademicSubjects>
 </TeacherSchoolAssociation>
 <TeacherSchoolAssociation>
  <TeacherReference>
   <StaffIdentity>
    <StaffUniqueStateId>linda.kim</StaffUniqueStateId>
   </StaffIdentity>
  </TeacherReference>
  <SchoolReference>
   <EducationalOrgIdentity>
    <StateOrganizationId>Illinois PS145</StateOrganizationId>
   </EducationalOrgIdentity>
  </SchoolReference>
  <ProgramAssignment>Regular Education</ProgramAssignment>
  <InstructionalGradeLevels>
   <GradeLevel>First grade</GradeLevel>
  </InstructionalGradeLevels>
  <AcademicSubjects>
   <AcademicSubject>Computer and Information Sciences</AcademicSubject>
  </AcademicSubjects>
 </TeacherSchoolAssociation>
 <TeacherSchoolAssociation>
  <TeacherReference>
   <StaffIdentity>
    <StaffUniqueStateId>cgray</StaffUniqueStateId>
   </StaffIdentity>
  </TeacherReference>
  <SchoolReference>
   <EducationalOrgIdentity>
    <StateOrganizationId>Daybreak Central High</StateOrganizationId>
   </EducationalOrgIdentity>
  </SchoolReference>
  <ProgramAssignment>Regular Education</ProgramAssignment>
  <InstructionalGradeLevels>
   <GradeLevel>First grade</GradeLevel>
  </InstructionalGradeLevels>
  <AcademicSubjects>
   <AcademicSubject>Computer and Information Sciences</AcademicSubject>
  </AcademicSubjects>
 </TeacherSchoolAssociation>
 <TeacherSchoolAssociation>
  <TeacherReference>
   <StaffIdentity>
    <StaffUniqueStateId>rbraverman</StaffUniqueStateId>
   </StaffIdentity>
  </TeacherReference>
  <SchoolReference>
   <EducationalOrgIdentity>
    <StateOrganizationId>South Daybreak Elementary</StateOrganizationId>
   </EducationalOrgIdentity>
  </SchoolReference>
  <ProgramAssignment>Special Education</ProgramAssignment>
  <InstructionalGradeLevels>
   <GradeLevel>Kindergarten</GradeLevel>
  </InstructionalGradeLevels>
  <AcademicSubjects>
   <AcademicSubject>Reading</AcademicSubject>
  </AcademicSubjects>
 </TeacherSchoolAssociation>

 <TeacherSectionAssociation>
  <TeacherReference>
   <StaffIdentity>
    <StaffUniqueStateId>cgray</StaffUniqueStateId>
   </StaffIdentity>
  </TeacherReference>
  <SectionReference>
   <SectionIdentity>
    <StateOrganizationId>1</StateOrganizationId>
    <UniqueSectionCode>Sec 923</UniqueSectionCode>
   </SectionIdentity>
  </SectionReference>
  <ClassroomPosition>Teacher of Record</ClassroomPosition>
 </TeacherSectionAssociation>
 <TeacherSectionAssociation>
  <TeacherReference>
   <StaffIdentity>
    <StaffUniqueStateId>cgray</StaffUniqueStateId>
   </StaffIdentity>
  </TeacherReference>
  <SectionReference>
   <SectionIdentity>
    <StateOrganizationId>1</StateOrganizationId>
    <UniqueSectionCode>Sec 142</UniqueSectionCode>
   </SectionIdentity>
  </SectionReference>
  <ClassroomPosition>Teacher of Record</ClassroomPosition>
 </TeacherSectionAssociation>
 <TeacherSectionAssociation>
  <TeacherReference>
   <StaffIdentity>
    <StaffUniqueStateId>cgray</StaffUniqueStateId>
   </StaffIdentity>
  </TeacherReference>
  <SectionReference>
   <SectionIdentity>
    <StateOrganizationId>1</StateOrganizationId>
    <UniqueSectionCode>Sec 143</UniqueSectionCode>
   </SectionIdentity>
  </SectionReference>
  <ClassroomPosition>Teacher of Record</ClassroomPosition>
 </TeacherSectionAssociation>
 <TeacherSectionAssociation>
  <TeacherReference>
   <StaffIdentity>
    <StaffUniqueStateId>cgray</StaffUniqueStateId>
   </StaffIdentity>
  </TeacherReference>
  <SectionReference>
   <SectionIdentity>
    <StateOrganizationId>1</StateOrganizationId>
    <UniqueSectionCode>Sec 144</UniqueSectionCode>
   </SectionIdentity>
  </SectionReference>
  <ClassroomPosition>Teacher of Record</ClassroomPosition>
 </TeacherSectionAssociation>
 <TeacherSectionAssociation>
  <TeacherReference>
   <StaffIdentity>
    <StaffUniqueStateId>cgray</StaffUniqueStateId>
   </StaffIdentity>
  </TeacherReference>
  <SectionReference>
   <SectionIdentity>
    <StateOrganizationId>1</StateOrganizationId>
    <UniqueSectionCode>Sec 145</UniqueSectionCode>
   </SectionIdentity>
  </SectionReference>
  <ClassroomPosition>Teacher of Record</ClassroomPosition>
 </TeacherSectionAssociation>
 <TeacherSectionAssociation>
  <TeacherReference>
   <StaffIdentity>
    <StaffUniqueStateId>cgray</StaffUniqueStateId>
   </StaffIdentity>
  </TeacherReference>
  <SectionReference>
   <SectionIdentity>
    <StateOrganizationId>1</StateOrganizationId>
    <UniqueSectionCode>Special Elective:Debate Clinic</UniqueSectionCode>
   </SectionIdentity>
  </SectionReference>
  <ClassroomPosition>Teacher of Record</ClassroomPosition>
 </TeacherSectionAssociation>
 <TeacherSectionAssociation>
  <TeacherReference>
   <StaffIdentity>
    <StaffUniqueStateId>linda.kim</StaffUniqueStateId>
   </StaffIdentity>
  </TeacherReference>
  <SectionReference>
   <SectionIdentity>
    <StateOrganizationId>1</StateOrganizationId>
    <UniqueSectionCode>Spartans Softball Team</UniqueSectionCode>
   </SectionIdentity>
  </SectionReference>
  <ClassroomPosition>Teacher of Record</ClassroomPosition>
 </TeacherSectionAssociation>
 <TeacherSectionAssociation>
  <TeacherReference>
   <StaffIdentity>
    <StaffUniqueStateId>linda.kim</StaffUniqueStateId>
   </StaffIdentity>
  </TeacherReference>
  <SectionReference>
   <SectionIdentity>
    <StateOrganizationId>1</StateOrganizationId>
    <UniqueSectionCode>Mrs. Kim's Homeroom</UniqueSectionCode>
   </SectionIdentity>
  </SectionReference>
  <ClassroomPosition>Teacher of Record</ClassroomPosition>
 </TeacherSectionAssociation>
 <TeacherSectionAssociation>
  <TeacherReference>
   <StaffIdentity>
    <StaffUniqueStateId>linda.kim</StaffUniqueStateId>
   </StaffIdentity>
  </TeacherReference>
  <SectionReference>
   <SectionIdentity>
    <StateOrganizationId>1</StateOrganizationId>
    <UniqueSectionCode>7th Grade English - Sec. 1</UniqueSectionCode>
   </SectionIdentity>
  </SectionReference>
  <ClassroomPosition>Teacher of Record</ClassroomPosition>
 </TeacherSectionAssociation>
 <TeacherSectionAssociation>
  <TeacherReference>
   <StaffIdentity>
    <StaffUniqueStateId>linda.kim</StaffUniqueStateId>
   </StaffIdentity>
  </TeacherReference>
  <SectionReference>
   <SectionIdentity>
    <StateOrganizationId>1</StateOrganizationId>
    <UniqueSectionCode>7th Grade English - Sec. 2</UniqueSectionCode>
   </SectionIdentity>
  </SectionReference>
  <ClassroomPosition>Teacher of Record</ClassroomPosition>
 </TeacherSectionAssociation>
 <TeacherSectionAssociation>
  <TeacherReference>
   <StaffIdentity>
    <StaffUniqueStateId>linda.kim</StaffUniqueStateId>
   </StaffIdentity>
  </TeacherReference>
  <SectionReference>
   <SectionIdentity>
    <StateOrganizationId>1</StateOrganizationId>
    <UniqueSectionCode>7th Grade English - Sec. 3</UniqueSectionCode>
   </SectionIdentity>
  </SectionReference>
  <ClassroomPosition>Teacher of Record</ClassroomPosition>
 </TeacherSectionAssociation>
 <TeacherSectionAssociation>
  <TeacherReference>
   <StaffIdentity>
    <StaffUniqueStateId>linda.kim</StaffUniqueStateId>
   </StaffIdentity>
  </TeacherReference>
  <SectionReference>
   <SectionIdentity>
    <StateOrganizationId>1</StateOrganizationId>
    <UniqueSectionCode>8th Grade English - Sec 4</UniqueSectionCode>
   </SectionIdentity>
  </SectionReference>
  <ClassroomPosition>Teacher of Record</ClassroomPosition>
 </TeacherSectionAssociation>
 <TeacherSectionAssociation>
  <TeacherReference>
   <StaffIdentity>
    <StaffUniqueStateId>linda.kim</StaffUniqueStateId>
   </StaffIdentity>
  </TeacherReference>
  <SectionReference>
   <SectionIdentity>
    <StateOrganizationId>1</StateOrganizationId>
    <UniqueSectionCode>8th Grade English - Sec 5</UniqueSectionCode>
   </SectionIdentity>
  </SectionReference>
  <ClassroomPosition>Teacher of Record</ClassroomPosition>
 </TeacherSectionAssociation>
 <TeacherSectionAssociation>
  <TeacherReference>
   <StaffIdentity>
    <StaffUniqueStateId>linda.kim</StaffUniqueStateId>
   </StaffIdentity>
  </TeacherReference>
  <SectionReference>
   <SectionIdentity>
    <StateOrganizationId>1</StateOrganizationId>
    <UniqueSectionCode>8th Grade English - Sec 6</UniqueSectionCode>
   </SectionIdentity>
  </SectionReference>
  <ClassroomPosition>Teacher of Record</ClassroomPosition>
 </TeacherSectionAssociation>
 <TeacherSectionAssociation>
  <TeacherReference>
   <StaffIdentity>
    <StaffUniqueStateId>rbraverman</StaffUniqueStateId>
   </StaffIdentity>
  </TeacherReference>
  <SectionReference>
   <SectionIdentity>
    <StateOrganizationId>1</StateOrganizationId>
    <UniqueSectionCode>Reading Group - Red</UniqueSectionCode>
   </SectionIdentity>
  </SectionReference>
  <ClassroomPosition>Teacher of Record</ClassroomPosition>
 </TeacherSectionAssociation>
 <TeacherSectionAssociation>
  <TeacherReference>
   <StaffIdentity>
    <StaffUniqueStateId>rbraverman</StaffUniqueStateId>
   </StaffIdentity>
  </TeacherReference>
  <SectionReference>
   <SectionIdentity>
    <StateOrganizationId>1</StateOrganizationId>
    <UniqueSectionCode>Reading Group - Blue</UniqueSectionCode>
   </SectionIdentity>
  </SectionReference>
  <ClassroomPosition>Teacher of Record</ClassroomPosition>
 </TeacherSectionAssociation>
 <TeacherSectionAssociation>
  <TeacherReference>
   <StaffIdentity>
    <StaffUniqueStateId>rbraverman</StaffUniqueStateId>
   </StaffIdentity>
  </TeacherReference>
  <SectionReference>
   <SectionIdentity>
    <StateOrganizationId>1</StateOrganizationId>
    <UniqueSectionCode>Reading Group - Green</UniqueSectionCode>
   </SectionIdentity>
  </SectionReference>
  <ClassroomPosition>Teacher of Record</ClassroomPosition>
 </TeacherSectionAssociation>
 <TeacherSectionAssociation>
  <TeacherReference>
   <StaffIdentity>
    <StaffUniqueStateId>rbraverman</StaffUniqueStateId>
   </StaffIdentity>
  </TeacherReference>
  <SectionReference>
   <SectionIdentity>
    <StateOrganizationId>1</StateOrganizationId>
    <UniqueSectionCode>Reading Group - Grey</UniqueSectionCode>
   </SectionIdentity>
  </SectionReference>
  <ClassroomPosition>Teacher of Record</ClassroomPosition>
 </TeacherSectionAssociation>
 <TeacherSectionAssociation>
  <TeacherReference>
   <StaffIdentity>
    <StaffUniqueStateId>rbraverman</StaffUniqueStateId>
   </StaffIdentity>
  </TeacherReference>
  <SectionReference>
   <SectionIdentity>
    <StateOrganizationId>1</StateOrganizationId>
    <UniqueSectionCode>Mrs. Braverman's Homeroom #38</UniqueSectionCode>
   </SectionIdentity>
  </SectionReference>
  <ClassroomPosition>Teacher of Record</ClassroomPosition>
 </TeacherSectionAssociation>

</InterchangeStaffAssociation>
