<?xml version="1.0" encoding="UTF-8"?>
<InterchangeEducationOrgCalendar xmlns:xsi="http://www.w3.org/2001/XMLSchema-instance" xmlns="http://ed-fi.org/0100"
  xsi:schemaLocation="http://ed-fi.org/0100 ../../sli/common/domain/src/main/resources/edfiXsd/Interchange-EducationOrgCalendar.xsd">

  <Session>
    <SessionName>Fall 2011 East Daybreak Junior High</SessionName>
    <SchoolYear>2011-2012</SchoolYear>
    <Term>Fall Semester</Term>
    <BeginDate>2011-09-06</BeginDate>
    <EndDate>2011-12-16</EndDate>
    <TotalInstructionalDays>75</TotalInstructionalDays>
    <EducationOrganizationReference>
      <EducationalOrgIdentity>
        <StateOrganizationId>East Daybreak Junior High</StateOrganizationId>
      </EducationalOrgIdentity>
    </EducationOrganizationReference>
    <GradingPeriodReference><GradingPeriodIdentity><GradingPeriod>End of Year</GradingPeriod><SchoolYear>2011-2012</SchoolYear><StateOrganizationId>1</StateOrganizationId></GradingPeriodIdentity></GradingPeriodReference>
  </Session>
  <Session>
    <SessionName>Fall 2011 South Daybreak Elementary</SessionName>
    <SchoolYear>2011-2012</SchoolYear>
    <Term>Fall Semester</Term>
    <BeginDate>2011-09-06</BeginDate>
    <EndDate>2011-12-16</EndDate>
    <TotalInstructionalDays>75</TotalInstructionalDays>
    <EducationOrganizationReference>
      <EducationalOrgIdentity>
        <StateOrganizationId>South Daybreak Elementary</StateOrganizationId>
      </EducationalOrgIdentity>
    </EducationOrganizationReference>
    <GradingPeriodReference><GradingPeriodIdentity><GradingPeriod>End of Year</GradingPeriod><SchoolYear>2011-2012</SchoolYear><StateOrganizationId>1</StateOrganizationId></GradingPeriodIdentity></GradingPeriodReference>
  </Session>
  <Session>
    <SessionName>Fall 2011 Sunset Central High School</SessionName>
    <SchoolYear>2011-2012</SchoolYear>
    <Term>Fall Semester</Term>
    <BeginDate>2011-09-06</BeginDate>
    <EndDate>2011-12-16</EndDate>
    <TotalInstructionalDays>75</TotalInstructionalDays>
    <EducationOrganizationReference>
      <EducationalOrgIdentity>
        <StateOrganizationId>Sunset Central High School</StateOrganizationId>
      </EducationalOrgIdentity>
    </EducationOrganizationReference>
    <GradingPeriodReference><GradingPeriodIdentity><GradingPeriod>End of Year</GradingPeriod><SchoolYear>2011-2012</SchoolYear><StateOrganizationId>1</StateOrganizationId></GradingPeriodIdentity></GradingPeriodReference>
  </Session>
  <Session>
    <SessionName>Fall 2011 Daybreak Central High</SessionName>
    <SchoolYear>2011-2012</SchoolYear>
    <Term>Fall Semester</Term>
    <BeginDate>2011-09-06</BeginDate>
    <EndDate>2011-12-16</EndDate>
    <TotalInstructionalDays>75</TotalInstructionalDays>
    <EducationOrganizationReference>
      <EducationalOrgIdentity>
        <StateOrganizationId>Daybreak Central High</StateOrganizationId>
      </EducationalOrgIdentity>
    </EducationOrganizationReference>
    <GradingPeriodReference><GradingPeriodIdentity><GradingPeriod>End of Year</GradingPeriod><SchoolYear>2011-2012</SchoolYear><StateOrganizationId>1</StateOrganizationId></GradingPeriodIdentity></GradingPeriodReference>
  </Session>

</InterchangeEducationOrgCalendar>
