<?xml version="1.0" encoding="UTF-8"?>
<InterchangeAssessmentMetadata xmlns:xsi="http://www.w3.org/2001/XMLSchema-instance" xmlns="http://ed-fi.org/0100" xsi:schemaLocation="http://ed-fi.org/0100 C:\Java\Projects\Git\sli\sli\edfi-schema\src\main\resources\edfiXsd-SLI\SLI-Interchange-AssessmentMetadata.xsd">
	<!-- DIBELS Next-->
	<Assessment>
		<AssessmentTitle>DIBELS Next Composite Fourth Grade 11-12 BOY</AssessmentTitle>
		<AssessmentIdentificationCode IdentificationSystem="Test Contractor">
			<ID>DIBELS Next Composite Fourth Grade 11-12 BOY</ID>
		</AssessmentIdentificationCode>
		<AssessmentCategory>Reading readiness test</AssessmentCategory>
		<AcademicSubject>Reading</AcademicSubject>
		<GradeLevelAssessed>Fourth grade</GradeLevelAssessed>
		<AssessmentPerformanceLevel>
			<PerformanceLevel>
				<CodeValue>Below Benchmark</CodeValue>
			</PerformanceLevel>
			<AssessmentReportingMethod>Composite Score</AssessmentReportingMethod>
		</AssessmentPerformanceLevel>
		<AssessmentPerformanceLevel>
			<PerformanceLevel>
				<CodeValue>Benchmark</CodeValue>
			</PerformanceLevel>
			<AssessmentReportingMethod>Composite Score</AssessmentReportingMethod>
		</AssessmentPerformanceLevel>
		<AssessmentPerformanceLevel>
			<PerformanceLevel>
				<CodeValue>Well Below Benchmark</CodeValue>
			</PerformanceLevel>
			<AssessmentReportingMethod>Composite Score</AssessmentReportingMethod>
		</AssessmentPerformanceLevel>
		<Version>1</Version>
		<RevisionDate>2011-08-01</RevisionDate>
		<AssessmentPeriod>
			<CodeValue>11-12 BOY</CodeValue>
		</AssessmentPeriod>
		<AssessmentFamilyReference>
			<AssessmentFamilyIdentity>
				<AssessmentFamilyTitle>DIBELS Next</AssessmentFamilyTitle>
			</AssessmentFamilyIdentity>
		</AssessmentFamilyReference>
	</Assessment>
	<Assessment>
		<AssessmentTitle>DIBELS Next Composite Fourth Grade 11-12 MOY</AssessmentTitle>
		<AssessmentIdentificationCode IdentificationSystem="Test Contractor">
			<ID>DIBELS Next Composite Fourth Grade 11-12 MOY</ID>
		</AssessmentIdentificationCode>
		<AssessmentCategory>Reading readiness test</AssessmentCategory>
		<AcademicSubject>Reading</AcademicSubject>
		<GradeLevelAssessed>Fourth grade</GradeLevelAssessed>
		<AssessmentPerformanceLevel>
			<PerformanceLevel>
				<CodeValue>Below Benchmark</CodeValue>
			</PerformanceLevel>
			<AssessmentReportingMethod>Composite Score</AssessmentReportingMethod>
		</AssessmentPerformanceLevel>
		<AssessmentPerformanceLevel>
			<PerformanceLevel>
				<CodeValue>Benchmark</CodeValue>
			</PerformanceLevel>
			<AssessmentReportingMethod>Composite Score</AssessmentReportingMethod>
		</AssessmentPerformanceLevel>
		<AssessmentPerformanceLevel>
			<PerformanceLevel>
				<CodeValue>Well Below Benchmark</CodeValue>
			</PerformanceLevel>
			<AssessmentReportingMethod>Composite Score</AssessmentReportingMethod>
		</AssessmentPerformanceLevel>
		<Version>1</Version>
		<RevisionDate>2011-08-01</RevisionDate>
		<AssessmentPeriod>
			<CodeValue>11-12 MOY</CodeValue>
		</AssessmentPeriod>
		<AssessmentFamilyReference>
			<AssessmentFamilyIdentity>
				<AssessmentFamilyTitle>DIBELS Next</AssessmentFamilyTitle>
			</AssessmentFamilyIdentity>
		</AssessmentFamilyReference>
	</Assessment>
	<Assessment>
		<AssessmentTitle>DIBELS Next Composite Fourth Grade 11-12 EOY</AssessmentTitle>
		<AssessmentIdentificationCode IdentificationSystem="Test Contractor">
			<ID>DIBELS Next Composite Fourth Grade 11-12 EOY</ID>
		</AssessmentIdentificationCode>
		<AssessmentCategory>Reading readiness test</AssessmentCategory>
		<AcademicSubject>Reading</AcademicSubject>
		<GradeLevelAssessed>Fourth grade</GradeLevelAssessed>
		<AssessmentPerformanceLevel>
			<PerformanceLevel>
				<CodeValue>Below Benchmark</CodeValue>
			</PerformanceLevel>
			<AssessmentReportingMethod>Composite Score</AssessmentReportingMethod>
		</AssessmentPerformanceLevel>
		<AssessmentPerformanceLevel>
			<PerformanceLevel>
				<CodeValue>Benchmark</CodeValue>
			</PerformanceLevel>
			<AssessmentReportingMethod>Composite Score</AssessmentReportingMethod>
		</AssessmentPerformanceLevel>
		<AssessmentPerformanceLevel>
			<PerformanceLevel>
				<CodeValue>Well Below Benchmark</CodeValue>
			</PerformanceLevel>
			<AssessmentReportingMethod>Composite Score</AssessmentReportingMethod>
		</AssessmentPerformanceLevel>
		<Version>1</Version>
		<RevisionDate>2011-08-01</RevisionDate>
		<AssessmentPeriod>
			<CodeValue>11-12 EOY</CodeValue>
		</AssessmentPeriod>
		<AssessmentFamilyReference>
			<AssessmentFamilyIdentity>
				<AssessmentFamilyTitle>DIBELS Next</AssessmentFamilyTitle>
			</AssessmentFamilyIdentity>
		</AssessmentFamilyReference>
	</Assessment>
	<Assessment>
		<AssessmentTitle>DIBELS Next Composite Fifth Grade 12-13 BOY</AssessmentTitle>
		<AssessmentIdentificationCode IdentificationSystem="Test Contractor">
			<ID>DIBELS Next Composite Fifth Grade 12-13 BOY</ID>
		</AssessmentIdentificationCode>
		<AssessmentCategory>Reading readiness test</AssessmentCategory>
		<AcademicSubject>Reading</AcademicSubject>
		<GradeLevelAssessed>Fifth grade</GradeLevelAssessed>
		<AssessmentPerformanceLevel>
			<PerformanceLevel>
				<CodeValue>Below Benchmark</CodeValue>
			</PerformanceLevel>
			<AssessmentReportingMethod>Composite Score</AssessmentReportingMethod>
		</AssessmentPerformanceLevel>
		<AssessmentPerformanceLevel>
			<PerformanceLevel>
				<CodeValue>Benchmark</CodeValue>
			</PerformanceLevel>
			<AssessmentReportingMethod>Composite Score</AssessmentReportingMethod>
		</AssessmentPerformanceLevel>
		<AssessmentPerformanceLevel>
			<PerformanceLevel>
				<CodeValue>Well Below Benchmark</CodeValue>
			</PerformanceLevel>
			<AssessmentReportingMethod>Composite Score</AssessmentReportingMethod>
		</AssessmentPerformanceLevel>
		<Version>1</Version>
		<RevisionDate>2012-08-17</RevisionDate>
		<AssessmentPeriod>
			<CodeValue>12-13 BOY</CodeValue>
		</AssessmentPeriod>
		<AssessmentFamilyReference>
			<AssessmentFamilyIdentity>
				<AssessmentFamilyTitle>DIBELS Next</AssessmentFamilyTitle>
			</AssessmentFamilyIdentity>
		</AssessmentFamilyReference>
	</Assessment>
	<Assessment>
		<AssessmentTitle>DIBELS Next Composite Fifth Grade 12-13 MOY</AssessmentTitle>
		<AssessmentIdentificationCode IdentificationSystem="Test Contractor">
			<ID>DIBELS Next Composite Fifth Grade 12-13 MOY</ID>
		</AssessmentIdentificationCode>
		<AssessmentCategory>Reading readiness test</AssessmentCategory>
		<AcademicSubject>Reading</AcademicSubject>
		<GradeLevelAssessed>Fifth grade</GradeLevelAssessed>
		<AssessmentPerformanceLevel>
			<PerformanceLevel>
				<CodeValue>Below Benchmark</CodeValue>
			</PerformanceLevel>
			<AssessmentReportingMethod>Composite Score</AssessmentReportingMethod>
		</AssessmentPerformanceLevel>
		<AssessmentPerformanceLevel>
			<PerformanceLevel>
				<CodeValue>Benchmark</CodeValue>
			</PerformanceLevel>
			<AssessmentReportingMethod>Composite Score</AssessmentReportingMethod>
		</AssessmentPerformanceLevel>
		<AssessmentPerformanceLevel>
			<PerformanceLevel>
				<CodeValue>Well Below Benchmark</CodeValue>
			</PerformanceLevel>
			<AssessmentReportingMethod>Composite Score</AssessmentReportingMethod>
		</AssessmentPerformanceLevel>
		<Version>1</Version>
		<RevisionDate>2012-08-17</RevisionDate>
		<AssessmentPeriod>
			<CodeValue>12-13 MOY</CodeValue>
		</AssessmentPeriod>
		<AssessmentFamilyReference>
			<AssessmentFamilyIdentity>
				<AssessmentFamilyTitle>DIBELS Next</AssessmentFamilyTitle>
			</AssessmentFamilyIdentity>
		</AssessmentFamilyReference>
	</Assessment>
	<Assessment>
		<AssessmentTitle>DORF (Fluency) Fourth Grade 11-12 BOY</AssessmentTitle>
		<AssessmentIdentificationCode IdentificationSystem="Test Contractor">
			<ID>DORF (Fluency) Fourth Grade 11-12 BOY</ID>
		</AssessmentIdentificationCode>
		<AssessmentCategory>Reading readiness test</AssessmentCategory>
		<AcademicSubject>Reading</AcademicSubject>
		<GradeLevelAssessed>Fourth grade</GradeLevelAssessed>
		<AssessmentPerformanceLevel>
			<PerformanceLevel>
				<CodeValue>Below Benchmark</CodeValue>
			</PerformanceLevel>
			<AssessmentReportingMethod>Scale score</AssessmentReportingMethod>
		</AssessmentPerformanceLevel>
		<AssessmentPerformanceLevel>
			<PerformanceLevel>
				<CodeValue>Benchmark</CodeValue>
			</PerformanceLevel>
			<AssessmentReportingMethod>Scale score</AssessmentReportingMethod>
		</AssessmentPerformanceLevel>
		<AssessmentPerformanceLevel>
			<PerformanceLevel>
				<CodeValue>Well Below Benchmark</CodeValue>
			</PerformanceLevel>
			<AssessmentReportingMethod>Scale score</AssessmentReportingMethod>
		</AssessmentPerformanceLevel>
		<Version>1</Version>
		<RevisionDate>2011-08-01</RevisionDate>
		<AssessmentPeriod>
			<CodeValue>11-12 BOY</CodeValue>
		</AssessmentPeriod>
		<AssessmentFamilyReference>
			<AssessmentFamilyIdentity>
				<AssessmentFamilyTitle>DIBELS Next</AssessmentFamilyTitle>
			</AssessmentFamilyIdentity>
		</AssessmentFamilyReference>
	</Assessment>
	<Assessment>
		<AssessmentTitle>DORF (Fluency) Fourth Grade 11-12 MOY</AssessmentTitle>
		<AssessmentIdentificationCode IdentificationSystem="Test Contractor">
			<ID>DORF (Fluency) Fourth Grade 11-12 MOY</ID>
		</AssessmentIdentificationCode>
		<AssessmentCategory>Reading readiness test</AssessmentCategory>
		<AcademicSubject>Reading</AcademicSubject>
		<GradeLevelAssessed>Fourth grade</GradeLevelAssessed>
		<AssessmentPerformanceLevel>
			<PerformanceLevel>
				<CodeValue>Below Benchmark</CodeValue>
			</PerformanceLevel>
			<AssessmentReportingMethod>Scale score</AssessmentReportingMethod>
		</AssessmentPerformanceLevel>
		<AssessmentPerformanceLevel>
			<PerformanceLevel>
				<CodeValue>Benchmark</CodeValue>
			</PerformanceLevel>
			<AssessmentReportingMethod>Scale score</AssessmentReportingMethod>
		</AssessmentPerformanceLevel>
		<AssessmentPerformanceLevel>
			<PerformanceLevel>
				<CodeValue>Well Below Benchmark</CodeValue>
			</PerformanceLevel>
			<AssessmentReportingMethod>Scale score</AssessmentReportingMethod>
		</AssessmentPerformanceLevel>
		<Version>1</Version>
		<RevisionDate>2011-08-01</RevisionDate>
		<AssessmentPeriod>
			<CodeValue>11-12 MOY</CodeValue>
		</AssessmentPeriod>
		<AssessmentFamilyReference>
			<AssessmentFamilyIdentity>
				<AssessmentFamilyTitle>DIBELS Next</AssessmentFamilyTitle>
			</AssessmentFamilyIdentity>
		</AssessmentFamilyReference>
	</Assessment>
	<Assessment>
		<AssessmentTitle>DORF (Fluency) Fourth Grade 11-12 EOY</AssessmentTitle>
		<AssessmentIdentificationCode IdentificationSystem="Test Contractor">
			<ID>DORF (Fluency) Fourth Grade 11-12 EOY</ID>
		</AssessmentIdentificationCode>
		<AssessmentCategory>Reading readiness test</AssessmentCategory>
		<AcademicSubject>Reading</AcademicSubject>
		<GradeLevelAssessed>Fourth grade</GradeLevelAssessed>
		<AssessmentPerformanceLevel>
			<PerformanceLevel>
				<CodeValue>Below Benchmark</CodeValue>
			</PerformanceLevel>
			<AssessmentReportingMethod>Scale score</AssessmentReportingMethod>
		</AssessmentPerformanceLevel>
		<AssessmentPerformanceLevel>
			<PerformanceLevel>
				<CodeValue>Benchmark</CodeValue>
			</PerformanceLevel>
			<AssessmentReportingMethod>Scale score</AssessmentReportingMethod>
		</AssessmentPerformanceLevel>
		<AssessmentPerformanceLevel>
			<PerformanceLevel>
				<CodeValue>Well Below Benchmark</CodeValue>
			</PerformanceLevel>
			<AssessmentReportingMethod>Scale score</AssessmentReportingMethod>
		</AssessmentPerformanceLevel>
		<Version>1</Version>
		<RevisionDate>2011-08-01</RevisionDate>
		<AssessmentPeriod>
			<CodeValue>11-12 EOY</CodeValue>
		</AssessmentPeriod>
		<AssessmentFamilyReference>
			<AssessmentFamilyIdentity>
				<AssessmentFamilyTitle>DIBELS Next</AssessmentFamilyTitle>
			</AssessmentFamilyIdentity>
		</AssessmentFamilyReference>
	</Assessment>
	<Assessment>
		<AssessmentTitle>DORF (Fluency) Fifth Grade 12-13 BOY</AssessmentTitle>
		<AssessmentIdentificationCode IdentificationSystem="Test Contractor">
			<ID>DORF (Fluency) Fifth Grade 12-13 BOY</ID>
		</AssessmentIdentificationCode>
		<AssessmentCategory>Reading readiness test</AssessmentCategory>
		<AcademicSubject>Reading</AcademicSubject>
		<GradeLevelAssessed>Fifth grade</GradeLevelAssessed>
		<AssessmentPerformanceLevel>
			<PerformanceLevel>
				<CodeValue>Below Benchmark</CodeValue>
			</PerformanceLevel>
			<AssessmentReportingMethod>Scale score</AssessmentReportingMethod>
		</AssessmentPerformanceLevel>
		<AssessmentPerformanceLevel>
			<PerformanceLevel>
				<CodeValue>Benchmark</CodeValue>
			</PerformanceLevel>
			<AssessmentReportingMethod>Scale score</AssessmentReportingMethod>
		</AssessmentPerformanceLevel>
		<AssessmentPerformanceLevel>
			<PerformanceLevel>
				<CodeValue>Well Below Benchmark</CodeValue>
			</PerformanceLevel>
			<AssessmentReportingMethod>Scale score</AssessmentReportingMethod>
		</AssessmentPerformanceLevel>
		<Version>1</Version>
		<RevisionDate>2012-08-17</RevisionDate>
		<AssessmentPeriod>
			<CodeValue>12-13 BOY</CodeValue>
		</AssessmentPeriod>
		<AssessmentFamilyReference>
			<AssessmentFamilyIdentity>
				<AssessmentFamilyTitle>DIBELS Next</AssessmentFamilyTitle>
			</AssessmentFamilyIdentity>
		</AssessmentFamilyReference>
	</Assessment>
	<Assessment>
		<AssessmentTitle>DORF (Fluency) Fifth Grade 12-13 MOY</AssessmentTitle>
		<AssessmentIdentificationCode IdentificationSystem="Test Contractor">
			<ID>DORF (Fluency) Fifth Grade 12-13 MOY</ID>
		</AssessmentIdentificationCode>
		<AssessmentCategory>Reading readiness test</AssessmentCategory>
		<AcademicSubject>Reading</AcademicSubject>
		<GradeLevelAssessed>Fifth grade</GradeLevelAssessed>
		<AssessmentPerformanceLevel>
			<PerformanceLevel>
				<CodeValue>Below Benchmark</CodeValue>
			</PerformanceLevel>
			<AssessmentReportingMethod>Scale score</AssessmentReportingMethod>
		</AssessmentPerformanceLevel>
		<AssessmentPerformanceLevel>
			<PerformanceLevel>
				<CodeValue>Benchmark</CodeValue>
			</PerformanceLevel>
			<AssessmentReportingMethod>Scale score</AssessmentReportingMethod>
		</AssessmentPerformanceLevel>
		<AssessmentPerformanceLevel>
			<PerformanceLevel>
				<CodeValue>Well Below Benchmark</CodeValue>
			</PerformanceLevel>
			<AssessmentReportingMethod>Scale score</AssessmentReportingMethod>
		</AssessmentPerformanceLevel>
		<Version>1</Version>
		<RevisionDate>2012-08-17</RevisionDate>
		<AssessmentPeriod>
			<CodeValue>12-13 MOY</CodeValue>
		</AssessmentPeriod>
		<AssessmentFamilyReference>
			<AssessmentFamilyIdentity>
				<AssessmentFamilyTitle>DIBELS Next</AssessmentFamilyTitle>
			</AssessmentFamilyIdentity>
		</AssessmentFamilyReference>
	</Assessment>
	<Assessment>
		<AssessmentTitle>DORF (Accuracy) Fourth Grade 11-12 BOY</AssessmentTitle>
		<AssessmentIdentificationCode IdentificationSystem="Test Contractor">
			<ID>DORF (Accuracy) Fourth Grade 11-12 BOY</ID>
		</AssessmentIdentificationCode>
		<AssessmentCategory>Reading readiness test</AssessmentCategory>
		<AcademicSubject>Reading</AcademicSubject>
		<GradeLevelAssessed>Fourth grade</GradeLevelAssessed>
		<AssessmentPerformanceLevel>
			<PerformanceLevel>
				<CodeValue>Below Benchmark</CodeValue>
			</PerformanceLevel>
			<AssessmentReportingMethod>Scale score</AssessmentReportingMethod>
		</AssessmentPerformanceLevel>
		<AssessmentPerformanceLevel>
			<PerformanceLevel>
				<CodeValue>Benchmark</CodeValue>
			</PerformanceLevel>
			<AssessmentReportingMethod>Scale score</AssessmentReportingMethod>
		</AssessmentPerformanceLevel>
		<AssessmentPerformanceLevel>
			<PerformanceLevel>
				<CodeValue>Well Below Benchmark</CodeValue>
			</PerformanceLevel>
			<AssessmentReportingMethod>Scale score</AssessmentReportingMethod>
		</AssessmentPerformanceLevel>
		<Version>1</Version>
		<RevisionDate>2011-08-01</RevisionDate>
		<AssessmentPeriod>
			<CodeValue>11-12 BOY</CodeValue>
		</AssessmentPeriod>
		<AssessmentFamilyReference>
			<AssessmentFamilyIdentity>
				<AssessmentFamilyTitle>DIBELS Next</AssessmentFamilyTitle>
			</AssessmentFamilyIdentity>
		</AssessmentFamilyReference>
	</Assessment>
	<Assessment>
		<AssessmentTitle>DORF (Accuracy) Fourth Grade 11-12 MOY</AssessmentTitle>
		<AssessmentIdentificationCode IdentificationSystem="Test Contractor">
			<ID>DORF (Accuracy) Fourth Grade 11-12 MOY</ID>
		</AssessmentIdentificationCode>
		<AssessmentCategory>Reading readiness test</AssessmentCategory>
		<AcademicSubject>Reading</AcademicSubject>
		<GradeLevelAssessed>Fourth grade</GradeLevelAssessed>
		<AssessmentPerformanceLevel>
			<PerformanceLevel>
				<CodeValue>Below Benchmark</CodeValue>
			</PerformanceLevel>
			<AssessmentReportingMethod>Scale score</AssessmentReportingMethod>
		</AssessmentPerformanceLevel>
		<AssessmentPerformanceLevel>
			<PerformanceLevel>
				<CodeValue>Benchmark</CodeValue>
			</PerformanceLevel>
			<AssessmentReportingMethod>Scale score</AssessmentReportingMethod>
		</AssessmentPerformanceLevel>
		<AssessmentPerformanceLevel>
			<PerformanceLevel>
				<CodeValue>Well Below Benchmark</CodeValue>
			</PerformanceLevel>
			<AssessmentReportingMethod>Scale score</AssessmentReportingMethod>
		</AssessmentPerformanceLevel>
		<Version>1</Version>
		<RevisionDate>2011-08-01</RevisionDate>
		<AssessmentPeriod>
			<CodeValue>11-12 MOY</CodeValue>
		</AssessmentPeriod>
		<AssessmentFamilyReference>
			<AssessmentFamilyIdentity>
				<AssessmentFamilyTitle>DIBELS Next</AssessmentFamilyTitle>
			</AssessmentFamilyIdentity>
		</AssessmentFamilyReference>
	</Assessment>
	<Assessment>
		<AssessmentTitle>DORF (Accuracy) Fourth Grade 11-12 EOY</AssessmentTitle>
		<AssessmentIdentificationCode IdentificationSystem="Test Contractor">
			<ID>DORF (Accuracy) Fourth Grade 11-12 EOY</ID>
		</AssessmentIdentificationCode>
		<AssessmentCategory>Reading readiness test</AssessmentCategory>
		<AcademicSubject>Reading</AcademicSubject>
		<GradeLevelAssessed>Fourth grade</GradeLevelAssessed>
		<AssessmentPerformanceLevel>
			<PerformanceLevel>
				<CodeValue>Below Benchmark</CodeValue>
			</PerformanceLevel>
			<AssessmentReportingMethod>Scale score</AssessmentReportingMethod>
		</AssessmentPerformanceLevel>
		<AssessmentPerformanceLevel>
			<PerformanceLevel>
				<CodeValue>Benchmark</CodeValue>
			</PerformanceLevel>
			<AssessmentReportingMethod>Scale score</AssessmentReportingMethod>
		</AssessmentPerformanceLevel>
		<AssessmentPerformanceLevel>
			<PerformanceLevel>
				<CodeValue>Well Below Benchmark</CodeValue>
			</PerformanceLevel>
			<AssessmentReportingMethod>Scale score</AssessmentReportingMethod>
		</AssessmentPerformanceLevel>
		<Version>1</Version>
		<RevisionDate>2011-08-01</RevisionDate>
		<AssessmentPeriod>
			<CodeValue>11-12 EOY</CodeValue>
		</AssessmentPeriod>
		<AssessmentFamilyReference>
			<AssessmentFamilyIdentity>
				<AssessmentFamilyTitle>DIBELS Next</AssessmentFamilyTitle>
			</AssessmentFamilyIdentity>
		</AssessmentFamilyReference>
	</Assessment>
	<Assessment>
		<AssessmentTitle>DORF (Accuracy) Fifth Grade 12-13 BOY</AssessmentTitle>
		<AssessmentIdentificationCode IdentificationSystem="Test Contractor">
			<ID>DORF (Accuracy) Fifth Grade 12-13 BOY</ID>
		</AssessmentIdentificationCode>
		<AssessmentCategory>Reading readiness test</AssessmentCategory>
		<AcademicSubject>Reading</AcademicSubject>
		<GradeLevelAssessed>Fifth grade</GradeLevelAssessed>
		<AssessmentPerformanceLevel>
			<PerformanceLevel>
				<CodeValue>Below Benchmark</CodeValue>
			</PerformanceLevel>
			<AssessmentReportingMethod>Scale score</AssessmentReportingMethod>
		</AssessmentPerformanceLevel>
		<AssessmentPerformanceLevel>
			<PerformanceLevel>
				<CodeValue>Benchmark</CodeValue>
			</PerformanceLevel>
			<AssessmentReportingMethod>Scale score</AssessmentReportingMethod>
		</AssessmentPerformanceLevel>
		<AssessmentPerformanceLevel>
			<PerformanceLevel>
				<CodeValue>Well Below Benchmark</CodeValue>
			</PerformanceLevel>
			<AssessmentReportingMethod>Scale score</AssessmentReportingMethod>
		</AssessmentPerformanceLevel>
		<Version>1</Version>
		<RevisionDate>2012-08-17</RevisionDate>
		<AssessmentPeriod>
			<CodeValue>12-13 BOY</CodeValue>
		</AssessmentPeriod>
		<AssessmentFamilyReference>
			<AssessmentFamilyIdentity>
				<AssessmentFamilyTitle>DIBELS Next</AssessmentFamilyTitle>
			</AssessmentFamilyIdentity>
		</AssessmentFamilyReference>
	</Assessment>
	<Assessment>
		<AssessmentTitle>DORF (Accuracy) Fifth Grade 12-13 MOY</AssessmentTitle>
		<AssessmentIdentificationCode IdentificationSystem="Test Contractor">
			<ID>DORF (Accuracy) Fifth Grade 12-13 MOY</ID>
		</AssessmentIdentificationCode>
		<AssessmentCategory>Reading readiness test</AssessmentCategory>
		<AcademicSubject>Reading</AcademicSubject>
		<GradeLevelAssessed>Fifth grade</GradeLevelAssessed>
		<AssessmentPerformanceLevel>
			<PerformanceLevel>
				<CodeValue>Below Benchmark</CodeValue>
			</PerformanceLevel>
			<AssessmentReportingMethod>Scale score</AssessmentReportingMethod>
		</AssessmentPerformanceLevel>
		<AssessmentPerformanceLevel>
			<PerformanceLevel>
				<CodeValue>Benchmark</CodeValue>
			</PerformanceLevel>
			<AssessmentReportingMethod>Scale score</AssessmentReportingMethod>
		</AssessmentPerformanceLevel>
		<AssessmentPerformanceLevel>
			<PerformanceLevel>
				<CodeValue>Well Below Benchmark</CodeValue>
			</PerformanceLevel>
			<AssessmentReportingMethod>Scale score</AssessmentReportingMethod>
		</AssessmentPerformanceLevel>
		<Version>1</Version>
		<RevisionDate>2012-08-17</RevisionDate>
		<AssessmentPeriod>
			<CodeValue>12-13 MOY</CodeValue>
		</AssessmentPeriod>
		<AssessmentFamilyReference>
			<AssessmentFamilyIdentity>
				<AssessmentFamilyTitle>DIBELS Next</AssessmentFamilyTitle>
			</AssessmentFamilyIdentity>
		</AssessmentFamilyReference>
	</Assessment>
	<Assessment>
		<AssessmentTitle>DORF (Retell) Fourth Grade 11-12 BOY</AssessmentTitle>
		<AssessmentIdentificationCode IdentificationSystem="Test Contractor">
			<ID>DORF (Retell) Fourth Grade 11-12 BOY</ID>
		</AssessmentIdentificationCode>
		<AssessmentCategory>Reading readiness test</AssessmentCategory>
		<AcademicSubject>Reading</AcademicSubject>
		<GradeLevelAssessed>Fourth grade</GradeLevelAssessed>
		<AssessmentPerformanceLevel>
			<PerformanceLevel>
				<CodeValue>Below Benchmark</CodeValue>
			</PerformanceLevel>
			<AssessmentReportingMethod>Scale score</AssessmentReportingMethod>
		</AssessmentPerformanceLevel>
		<AssessmentPerformanceLevel>
			<PerformanceLevel>
				<CodeValue>Benchmark</CodeValue>
			</PerformanceLevel>
			<AssessmentReportingMethod>Scale score</AssessmentReportingMethod>
		</AssessmentPerformanceLevel>
		<AssessmentPerformanceLevel>
			<PerformanceLevel>
				<CodeValue>Well Below Benchmark</CodeValue>
			</PerformanceLevel>
			<AssessmentReportingMethod>Scale score</AssessmentReportingMethod>
		</AssessmentPerformanceLevel>
		<Version>1</Version>
		<RevisionDate>2011-08-01</RevisionDate>
		<AssessmentPeriod>
			<CodeValue>11-12 BOY</CodeValue>
		</AssessmentPeriod>
		<AssessmentFamilyReference>
			<AssessmentFamilyIdentity>
				<AssessmentFamilyTitle>DIBELS Next</AssessmentFamilyTitle>
			</AssessmentFamilyIdentity>
		</AssessmentFamilyReference>
	</Assessment>
	<Assessment>
		<AssessmentTitle>DORF (Retell) Fourth Grade 11-12 MOY</AssessmentTitle>
		<AssessmentIdentificationCode IdentificationSystem="Test Contractor">
			<ID>DORF (Retell) Fourth Grade 11-12 MOY</ID>
		</AssessmentIdentificationCode>
		<AssessmentCategory>Reading readiness test</AssessmentCategory>
		<AcademicSubject>Reading</AcademicSubject>
		<GradeLevelAssessed>Fourth grade</GradeLevelAssessed>
		<AssessmentPerformanceLevel>
			<PerformanceLevel>
				<CodeValue>Below Benchmark</CodeValue>
			</PerformanceLevel>
			<AssessmentReportingMethod>Scale score</AssessmentReportingMethod>
		</AssessmentPerformanceLevel>
		<AssessmentPerformanceLevel>
			<PerformanceLevel>
				<CodeValue>Benchmark</CodeValue>
			</PerformanceLevel>
			<AssessmentReportingMethod>Scale score</AssessmentReportingMethod>
		</AssessmentPerformanceLevel>
		<AssessmentPerformanceLevel>
			<PerformanceLevel>
				<CodeValue>Well Below Benchmark</CodeValue>
			</PerformanceLevel>
			<AssessmentReportingMethod>Scale score</AssessmentReportingMethod>
		</AssessmentPerformanceLevel>
		<Version>1</Version>
		<RevisionDate>2011-08-01</RevisionDate>
		<AssessmentPeriod>
			<CodeValue>11-12 MOY</CodeValue>
		</AssessmentPeriod>
		<AssessmentFamilyReference>
			<AssessmentFamilyIdentity>
				<AssessmentFamilyTitle>DIBELS Next</AssessmentFamilyTitle>
			</AssessmentFamilyIdentity>
		</AssessmentFamilyReference>
	</Assessment>
	<Assessment>
		<AssessmentTitle>DORF (Retell) Fourth Grade 11-12 EOY</AssessmentTitle>
		<AssessmentIdentificationCode IdentificationSystem="Test Contractor">
			<ID>DORF (Retell) Fourth Grade 11-12 EOY</ID>
		</AssessmentIdentificationCode>
		<AssessmentCategory>Reading readiness test</AssessmentCategory>
		<AcademicSubject>Reading</AcademicSubject>
		<GradeLevelAssessed>Fourth grade</GradeLevelAssessed>
		<AssessmentPerformanceLevel>
			<PerformanceLevel>
				<CodeValue>Below Benchmark</CodeValue>
			</PerformanceLevel>
			<AssessmentReportingMethod>Scale score</AssessmentReportingMethod>
		</AssessmentPerformanceLevel>
		<AssessmentPerformanceLevel>
			<PerformanceLevel>
				<CodeValue>Benchmark</CodeValue>
			</PerformanceLevel>
			<AssessmentReportingMethod>Scale score</AssessmentReportingMethod>
		</AssessmentPerformanceLevel>
		<AssessmentPerformanceLevel>
			<PerformanceLevel>
				<CodeValue>Well Below Benchmark</CodeValue>
			</PerformanceLevel>
			<AssessmentReportingMethod>Scale score</AssessmentReportingMethod>
		</AssessmentPerformanceLevel>
		<Version>1</Version>
		<RevisionDate>2011-08-01</RevisionDate>
		<AssessmentPeriod>
			<CodeValue>11-12 EOY</CodeValue>
		</AssessmentPeriod>
		<AssessmentFamilyReference>
			<AssessmentFamilyIdentity>
				<AssessmentFamilyTitle>DIBELS Next</AssessmentFamilyTitle>
			</AssessmentFamilyIdentity>
		</AssessmentFamilyReference>
	</Assessment>
	<Assessment>
		<AssessmentTitle>DORF (Retell) Fifth Grade 12-13 BOY</AssessmentTitle>
		<AssessmentIdentificationCode IdentificationSystem="Test Contractor">
			<ID>DORF (Retell) Fifth Grade 12-13 BOY</ID>
		</AssessmentIdentificationCode>
		<AssessmentCategory>Reading readiness test</AssessmentCategory>
		<AcademicSubject>Reading</AcademicSubject>
		<GradeLevelAssessed>Fifth grade</GradeLevelAssessed>
		<AssessmentPerformanceLevel>
			<PerformanceLevel>
				<CodeValue>Below Benchmark</CodeValue>
			</PerformanceLevel>
			<AssessmentReportingMethod>Scale score</AssessmentReportingMethod>
		</AssessmentPerformanceLevel>
		<AssessmentPerformanceLevel>
			<PerformanceLevel>
				<CodeValue>Benchmark</CodeValue>
			</PerformanceLevel>
			<AssessmentReportingMethod>Scale score</AssessmentReportingMethod>
		</AssessmentPerformanceLevel>
		<AssessmentPerformanceLevel>
			<PerformanceLevel>
				<CodeValue>Well Below Benchmark</CodeValue>
			</PerformanceLevel>
			<AssessmentReportingMethod>Scale score</AssessmentReportingMethod>
		</AssessmentPerformanceLevel>
		<Version>1</Version>
		<RevisionDate>2012-08-17</RevisionDate>
		<AssessmentPeriod>
			<CodeValue>12-13 BOY</CodeValue>
		</AssessmentPeriod>
		<AssessmentFamilyReference>
			<AssessmentFamilyIdentity>
				<AssessmentFamilyTitle>DIBELS Next</AssessmentFamilyTitle>
			</AssessmentFamilyIdentity>
		</AssessmentFamilyReference>
	</Assessment>
	<Assessment>
		<AssessmentTitle>DORF (Retell) Fifth Grade 12-13 MOY</AssessmentTitle>
		<AssessmentIdentificationCode IdentificationSystem="Test Contractor">
			<ID>DORF (Retell) Fifth Grade 12-13 MOY</ID>
		</AssessmentIdentificationCode>
		<AssessmentCategory>Reading readiness test</AssessmentCategory>
		<AcademicSubject>Reading</AcademicSubject>
		<GradeLevelAssessed>Fifth grade</GradeLevelAssessed>
		<AssessmentPerformanceLevel>
			<PerformanceLevel>
				<CodeValue>Below Benchmark</CodeValue>
			</PerformanceLevel>
			<AssessmentReportingMethod>Scale score</AssessmentReportingMethod>
		</AssessmentPerformanceLevel>
		<AssessmentPerformanceLevel>
			<PerformanceLevel>
				<CodeValue>Benchmark</CodeValue>
			</PerformanceLevel>
			<AssessmentReportingMethod>Scale score</AssessmentReportingMethod>
		</AssessmentPerformanceLevel>
		<AssessmentPerformanceLevel>
			<PerformanceLevel>
				<CodeValue>Well Below Benchmark</CodeValue>
			</PerformanceLevel>
			<AssessmentReportingMethod>Scale score</AssessmentReportingMethod>
		</AssessmentPerformanceLevel>
		<Version>1</Version>
		<RevisionDate>2012-08-17</RevisionDate>
		<AssessmentPeriod>
			<CodeValue>12-13 MOY</CodeValue>
		</AssessmentPeriod>
		<AssessmentFamilyReference>
			<AssessmentFamilyIdentity>
				<AssessmentFamilyTitle>DIBELS Next</AssessmentFamilyTitle>
			</AssessmentFamilyIdentity>
		</AssessmentFamilyReference>
	</Assessment>
	<Assessment>
		<AssessmentTitle>DORF (Retell Quality) Fourth Grade 11-12 BOY</AssessmentTitle>
		<AssessmentIdentificationCode IdentificationSystem="Test Contractor">
			<ID>DORF (Retell Quality) Fourth Grade 11-12 BOY</ID>
		</AssessmentIdentificationCode>
		<AssessmentCategory>Reading readiness test</AssessmentCategory>
		<AcademicSubject>Reading</AcademicSubject>
		<GradeLevelAssessed>Fourth grade</GradeLevelAssessed>
		<AssessmentPerformanceLevel>
			<PerformanceLevel>
				<CodeValue>Below Benchmark</CodeValue>
			</PerformanceLevel>
			<AssessmentReportingMethod>Scale score</AssessmentReportingMethod>
		</AssessmentPerformanceLevel>
		<AssessmentPerformanceLevel>
			<PerformanceLevel>
				<CodeValue>Benchmark</CodeValue>
			</PerformanceLevel>
			<AssessmentReportingMethod>Scale score</AssessmentReportingMethod>
		</AssessmentPerformanceLevel>
		<AssessmentPerformanceLevel>
			<PerformanceLevel>
				<CodeValue>Well Below Benchmark</CodeValue>
			</PerformanceLevel>
			<AssessmentReportingMethod>Scale score</AssessmentReportingMethod>
		</AssessmentPerformanceLevel>
		<Version>1</Version>
		<RevisionDate>2011-08-01</RevisionDate>
		<AssessmentPeriod>
			<CodeValue>11-12 BOY</CodeValue>
		</AssessmentPeriod>
		<AssessmentFamilyReference>
			<AssessmentFamilyIdentity>
				<AssessmentFamilyTitle>DIBELS Next</AssessmentFamilyTitle>
			</AssessmentFamilyIdentity>
		</AssessmentFamilyReference>
	</Assessment>
	<Assessment>
		<AssessmentTitle>DORF (Retell Quality) Fourth Grade 11-12 MOY</AssessmentTitle>
		<AssessmentIdentificationCode IdentificationSystem="Test Contractor">
			<ID>DORF (Retell Quality) Fourth Grade 11-12 MOY</ID>
		</AssessmentIdentificationCode>
		<AssessmentCategory>Reading readiness test</AssessmentCategory>
		<AcademicSubject>Reading</AcademicSubject>
		<GradeLevelAssessed>Fourth grade</GradeLevelAssessed>
		<AssessmentPerformanceLevel>
			<PerformanceLevel>
				<CodeValue>Below Benchmark</CodeValue>
			</PerformanceLevel>
			<AssessmentReportingMethod>Scale score</AssessmentReportingMethod>
		</AssessmentPerformanceLevel>
		<AssessmentPerformanceLevel>
			<PerformanceLevel>
				<CodeValue>Benchmark</CodeValue>
			</PerformanceLevel>
			<AssessmentReportingMethod>Scale score</AssessmentReportingMethod>
		</AssessmentPerformanceLevel>
		<AssessmentPerformanceLevel>
			<PerformanceLevel>
				<CodeValue>Well Below Benchmark</CodeValue>
			</PerformanceLevel>
			<AssessmentReportingMethod>Scale score</AssessmentReportingMethod>
		</AssessmentPerformanceLevel>
		<Version>1</Version>
		<RevisionDate>2011-08-01</RevisionDate>
		<AssessmentPeriod>
			<CodeValue>11-12 MOY</CodeValue>
		</AssessmentPeriod>
		<AssessmentFamilyReference>
			<AssessmentFamilyIdentity>
				<AssessmentFamilyTitle>DIBELS Next</AssessmentFamilyTitle>
			</AssessmentFamilyIdentity>
		</AssessmentFamilyReference>
	</Assessment>
	<Assessment>
		<AssessmentTitle>DORF (Retell Quality) Fourth Grade 11-12 EOY</AssessmentTitle>
		<AssessmentIdentificationCode IdentificationSystem="Test Contractor">
			<ID>DORF (Retell Quality) Fourth Grade 11-12 EOY</ID>
		</AssessmentIdentificationCode>
		<AssessmentCategory>Reading readiness test</AssessmentCategory>
		<AcademicSubject>Reading</AcademicSubject>
		<GradeLevelAssessed>Fourth grade</GradeLevelAssessed>
		<AssessmentPerformanceLevel>
			<PerformanceLevel>
				<CodeValue>Below Benchmark</CodeValue>
			</PerformanceLevel>
			<AssessmentReportingMethod>Scale score</AssessmentReportingMethod>
		</AssessmentPerformanceLevel>
		<AssessmentPerformanceLevel>
			<PerformanceLevel>
				<CodeValue>Benchmark</CodeValue>
			</PerformanceLevel>
			<AssessmentReportingMethod>Scale score</AssessmentReportingMethod>
		</AssessmentPerformanceLevel>
		<AssessmentPerformanceLevel>
			<PerformanceLevel>
				<CodeValue>Well Below Benchmark</CodeValue>
			</PerformanceLevel>
			<AssessmentReportingMethod>Scale score</AssessmentReportingMethod>
		</AssessmentPerformanceLevel>
		<Version>1</Version>
		<RevisionDate>2011-08-01</RevisionDate>
		<AssessmentPeriod>
			<CodeValue>11-12 EOY</CodeValue>
		</AssessmentPeriod>
		<AssessmentFamilyReference>
			<AssessmentFamilyIdentity>
				<AssessmentFamilyTitle>DIBELS Next</AssessmentFamilyTitle>
			</AssessmentFamilyIdentity>
		</AssessmentFamilyReference>
	</Assessment>
	<Assessment>
		<AssessmentTitle>DORF (Retell Quality) Fifth Grade 12-13 BOY</AssessmentTitle>
		<AssessmentIdentificationCode IdentificationSystem="Test Contractor">
			<ID>DORF (Retell Quality) Fifth Grade 12-13 BOY</ID>
		</AssessmentIdentificationCode>
		<AssessmentCategory>Reading readiness test</AssessmentCategory>
		<AcademicSubject>Reading</AcademicSubject>
		<GradeLevelAssessed>Fifth grade</GradeLevelAssessed>
		<AssessmentPerformanceLevel>
			<PerformanceLevel>
				<CodeValue>Below Benchmark</CodeValue>
			</PerformanceLevel>
			<AssessmentReportingMethod>Scale score</AssessmentReportingMethod>
		</AssessmentPerformanceLevel>
		<AssessmentPerformanceLevel>
			<PerformanceLevel>
				<CodeValue>Benchmark</CodeValue>
			</PerformanceLevel>
			<AssessmentReportingMethod>Scale score</AssessmentReportingMethod>
		</AssessmentPerformanceLevel>
		<AssessmentPerformanceLevel>
			<PerformanceLevel>
				<CodeValue>Well Below Benchmark</CodeValue>
			</PerformanceLevel>
			<AssessmentReportingMethod>Scale score</AssessmentReportingMethod>
		</AssessmentPerformanceLevel>
		<Version>1</Version>
		<RevisionDate>2012-08-17</RevisionDate>
		<AssessmentPeriod>
			<CodeValue>12-13 BOY</CodeValue>
		</AssessmentPeriod>
		<AssessmentFamilyReference>
			<AssessmentFamilyIdentity>
				<AssessmentFamilyTitle>DIBELS Next</AssessmentFamilyTitle>
			</AssessmentFamilyIdentity>
		</AssessmentFamilyReference>
	</Assessment>
	<Assessment>
		<AssessmentTitle>DORF (Retell Quality) Fifth Grade 12-13 MOY</AssessmentTitle>
		<AssessmentIdentificationCode IdentificationSystem="Test Contractor">
			<ID>DORF (Retell Quality) Fifth Grade 12-13 MOY</ID>
		</AssessmentIdentificationCode>
		<AssessmentCategory>Reading readiness test</AssessmentCategory>
		<AcademicSubject>Reading</AcademicSubject>
		<GradeLevelAssessed>Fifth grade</GradeLevelAssessed>
		<AssessmentPerformanceLevel>
			<PerformanceLevel>
				<CodeValue>Below Benchmark</CodeValue>
			</PerformanceLevel>
			<AssessmentReportingMethod>Scale score</AssessmentReportingMethod>
		</AssessmentPerformanceLevel>
		<AssessmentPerformanceLevel>
			<PerformanceLevel>
				<CodeValue>Benchmark</CodeValue>
			</PerformanceLevel>
			<AssessmentReportingMethod>Scale score</AssessmentReportingMethod>
		</AssessmentPerformanceLevel>
		<AssessmentPerformanceLevel>
			<PerformanceLevel>
				<CodeValue>Well Below Benchmark</CodeValue>
			</PerformanceLevel>
			<AssessmentReportingMethod>Scale score</AssessmentReportingMethod>
		</AssessmentPerformanceLevel>
		<Version>1</Version>
		<RevisionDate>2012-08-17</RevisionDate>
		<AssessmentPeriod>
			<CodeValue>12-13 MOY</CodeValue>
		</AssessmentPeriod>
		<AssessmentFamilyReference>
			<AssessmentFamilyIdentity>
				<AssessmentFamilyTitle>DIBELS Next</AssessmentFamilyTitle>
			</AssessmentFamilyIdentity>
		</AssessmentFamilyReference>
	</Assessment>
	<Assessment>
		<AssessmentTitle>DORF (Daze) Fourth Grade 11-12 BOY</AssessmentTitle>
		<AssessmentIdentificationCode IdentificationSystem="Test Contractor">
			<ID>DORF (Daze) Fourth Grade 11-12 BOY</ID>
		</AssessmentIdentificationCode>
		<AssessmentCategory>Reading readiness test</AssessmentCategory>
		<AcademicSubject>Reading</AcademicSubject>
		<GradeLevelAssessed>Fourth grade</GradeLevelAssessed>
		<AssessmentPerformanceLevel>
			<PerformanceLevel>
				<CodeValue>Below Benchmark</CodeValue>
			</PerformanceLevel>
			<AssessmentReportingMethod>Scale score</AssessmentReportingMethod>
		</AssessmentPerformanceLevel>
		<AssessmentPerformanceLevel>
			<PerformanceLevel>
				<CodeValue>Benchmark</CodeValue>
			</PerformanceLevel>
			<AssessmentReportingMethod>Scale score</AssessmentReportingMethod>
		</AssessmentPerformanceLevel>
		<AssessmentPerformanceLevel>
			<PerformanceLevel>
				<CodeValue>Well Below Benchmark</CodeValue>
			</PerformanceLevel>
			<AssessmentReportingMethod>Scale score</AssessmentReportingMethod>
		</AssessmentPerformanceLevel>
		<Version>1</Version>
		<RevisionDate>2011-08-01</RevisionDate>
		<AssessmentPeriod>
			<CodeValue>11-12 BOY</CodeValue>
		</AssessmentPeriod>
		<AssessmentFamilyReference>
			<AssessmentFamilyIdentity>
				<AssessmentFamilyTitle>DIBELS Next</AssessmentFamilyTitle>
			</AssessmentFamilyIdentity>
		</AssessmentFamilyReference>
	</Assessment>
	<Assessment>
		<AssessmentTitle>DORF (Daze) Fourth Grade 11-12 MOY</AssessmentTitle>
		<AssessmentIdentificationCode IdentificationSystem="Test Contractor">
			<ID>DORF (Daze) Fourth Grade 11-12 MOY</ID>
		</AssessmentIdentificationCode>
		<AssessmentCategory>Reading readiness test</AssessmentCategory>
		<AcademicSubject>Reading</AcademicSubject>
		<GradeLevelAssessed>Fourth grade</GradeLevelAssessed>
		<AssessmentPerformanceLevel>
			<PerformanceLevel>
				<CodeValue>Below Benchmark</CodeValue>
			</PerformanceLevel>
			<AssessmentReportingMethod>Scale score</AssessmentReportingMethod>
		</AssessmentPerformanceLevel>
		<AssessmentPerformanceLevel>
			<PerformanceLevel>
				<CodeValue>Benchmark</CodeValue>
			</PerformanceLevel>
			<AssessmentReportingMethod>Scale score</AssessmentReportingMethod>
		</AssessmentPerformanceLevel>
		<AssessmentPerformanceLevel>
			<PerformanceLevel>
				<CodeValue>Well Below Benchmark</CodeValue>
			</PerformanceLevel>
			<AssessmentReportingMethod>Scale score</AssessmentReportingMethod>
		</AssessmentPerformanceLevel>
		<Version>1</Version>
		<RevisionDate>2011-08-01</RevisionDate>
		<AssessmentPeriod>
			<CodeValue>11-12 MOY</CodeValue>
		</AssessmentPeriod>
		<AssessmentFamilyReference>
			<AssessmentFamilyIdentity>
				<AssessmentFamilyTitle>DIBELS Next</AssessmentFamilyTitle>
			</AssessmentFamilyIdentity>
		</AssessmentFamilyReference>
	</Assessment>
	<Assessment>
		<AssessmentTitle>DORF (Daze) Fourth Grade 11-12 EOY</AssessmentTitle>
		<AssessmentIdentificationCode IdentificationSystem="Test Contractor">
			<ID>DORF (Daze) Fourth Grade 11-12 EOY</ID>
		</AssessmentIdentificationCode>
		<AssessmentCategory>Reading readiness test</AssessmentCategory>
		<AcademicSubject>Reading</AcademicSubject>
		<GradeLevelAssessed>Fourth grade</GradeLevelAssessed>
		<AssessmentPerformanceLevel>
			<PerformanceLevel>
				<CodeValue>Below Benchmark</CodeValue>
			</PerformanceLevel>
			<AssessmentReportingMethod>Scale score</AssessmentReportingMethod>
		</AssessmentPerformanceLevel>
		<AssessmentPerformanceLevel>
			<PerformanceLevel>
				<CodeValue>Benchmark</CodeValue>
			</PerformanceLevel>
			<AssessmentReportingMethod>Scale score</AssessmentReportingMethod>
		</AssessmentPerformanceLevel>
		<AssessmentPerformanceLevel>
			<PerformanceLevel>
				<CodeValue>Well Below Benchmark</CodeValue>
			</PerformanceLevel>
			<AssessmentReportingMethod>Scale score</AssessmentReportingMethod>
		</AssessmentPerformanceLevel>
		<Version>1</Version>
		<RevisionDate>2011-08-01</RevisionDate>
		<AssessmentPeriod>
			<CodeValue>11-12 EOY</CodeValue>
		</AssessmentPeriod>
		<AssessmentFamilyReference>
			<AssessmentFamilyIdentity>
				<AssessmentFamilyTitle>DIBELS Next</AssessmentFamilyTitle>
			</AssessmentFamilyIdentity>
		</AssessmentFamilyReference>
	</Assessment>
	<Assessment>
		<AssessmentTitle>DORF (Daze) Fifth Grade 12-13 BOY</AssessmentTitle>
		<AssessmentIdentificationCode IdentificationSystem="Test Contractor">
			<ID>DORF (Daze) Fifth Grade 12-13 BOY</ID>
		</AssessmentIdentificationCode>
		<AssessmentCategory>Reading readiness test</AssessmentCategory>
		<AcademicSubject>Reading</AcademicSubject>
		<GradeLevelAssessed>Fifth grade</GradeLevelAssessed>
		<AssessmentPerformanceLevel>
			<PerformanceLevel>
				<CodeValue>Below Benchmark</CodeValue>
			</PerformanceLevel>
			<AssessmentReportingMethod>Scale score</AssessmentReportingMethod>
		</AssessmentPerformanceLevel>
		<AssessmentPerformanceLevel>
			<PerformanceLevel>
				<CodeValue>Benchmark</CodeValue>
			</PerformanceLevel>
			<AssessmentReportingMethod>Scale score</AssessmentReportingMethod>
		</AssessmentPerformanceLevel>
		<AssessmentPerformanceLevel>
			<PerformanceLevel>
				<CodeValue>Well Below Benchmark</CodeValue>
			</PerformanceLevel>
			<AssessmentReportingMethod>Scale score</AssessmentReportingMethod>
		</AssessmentPerformanceLevel>
		<Version>1</Version>
		<RevisionDate>2012-08-17</RevisionDate>
		<AssessmentPeriod>
			<CodeValue>12-13 BOY</CodeValue>
		</AssessmentPeriod>
		<AssessmentFamilyReference>
			<AssessmentFamilyIdentity>
				<AssessmentFamilyTitle>DIBELS Next</AssessmentFamilyTitle>
			</AssessmentFamilyIdentity>
		</AssessmentFamilyReference>
	</Assessment>
	<Assessment>
		<AssessmentTitle>DORF (Daze) Fifth Grade 12-13 MOY</AssessmentTitle>
		<AssessmentIdentificationCode IdentificationSystem="Test Contractor">
			<ID>DORF (Daze) Fifth Grade 12-13 MOY</ID>
		</AssessmentIdentificationCode>
		<AssessmentCategory>Reading readiness test</AssessmentCategory>
		<AcademicSubject>Reading</AcademicSubject>
		<GradeLevelAssessed>Fifth grade</GradeLevelAssessed>
		<AssessmentPerformanceLevel>
			<PerformanceLevel>
				<CodeValue>Below Benchmark</CodeValue>
			</PerformanceLevel>
			<AssessmentReportingMethod>Scale score</AssessmentReportingMethod>
		</AssessmentPerformanceLevel>
		<AssessmentPerformanceLevel>
			<PerformanceLevel>
				<CodeValue>Benchmark</CodeValue>
			</PerformanceLevel>
			<AssessmentReportingMethod>Scale score</AssessmentReportingMethod>
		</AssessmentPerformanceLevel>
		<AssessmentPerformanceLevel>
			<PerformanceLevel>
				<CodeValue>Well Below Benchmark</CodeValue>
			</PerformanceLevel>
			<AssessmentReportingMethod>Scale score</AssessmentReportingMethod>
		</AssessmentPerformanceLevel>
		<Version>1</Version>
		<RevisionDate>2012-08-17</RevisionDate>
		<AssessmentPeriod>
			<CodeValue>12-13 MOY</CodeValue>
		</AssessmentPeriod>
		<AssessmentFamilyReference>
			<AssessmentFamilyIdentity>
				<AssessmentFamilyTitle>DIBELS Next</AssessmentFamilyTitle>
			</AssessmentFamilyIdentity>
		</AssessmentFamilyReference>
	</Assessment>
	<AssessmentFamily>
		<AssessmentFamilyTitle>DIBELS Next</AssessmentFamilyTitle>
		<AssessmentFamilyIdentificationCode IdentificationSystem="Test Contractor">
			<ID>DIBELS Next</ID>
		</AssessmentFamilyIdentificationCode>
	</AssessmentFamily>
	<AssessmentPeriodDescriptor>
		<CodeValue>11-12 BOY</CodeValue>
		<Description>Beginning of Year 2011-2012</Description>
		<ShortDescription>11-12 BOY</ShortDescription>
		<BeginDate>2011-08-01</BeginDate>
		<EndDate>2012-12-31</EndDate>
	</AssessmentPeriodDescriptor>
	<AssessmentPeriodDescriptor>
		<CodeValue>11-12 MOY</CodeValue>
		<Description>Beginning of Year 2011-2012</Description>
		<ShortDescription>11-12 MOY</ShortDescription>
		<BeginDate>2012-01-01</BeginDate>
		<EndDate>2012-03-31</EndDate>
	</AssessmentPeriodDescriptor>
	<AssessmentPeriodDescriptor>
		<CodeValue>11-12 EOY</CodeValue>
		<Description>End of Year 2011-2012</Description>
		<ShortDescription>11-12 EOY</ShortDescription>
		<BeginDate>2012-04-01</BeginDate>
		<EndDate>2012-06-30</EndDate>
	</AssessmentPeriodDescriptor>
	<AssessmentPeriodDescriptor>
		<CodeValue>12-13 BOY</CodeValue>
		<Description>Beginning of Year 2012-2013</Description>
		<ShortDescription>12-13 BOY</ShortDescription>
		<BeginDate>2012-08-01</BeginDate>
		<EndDate>2012-12-31</EndDate>
	</AssessmentPeriodDescriptor>
	<AssessmentPeriodDescriptor>
		<CodeValue>12-13 MOY</CodeValue>
		<Description>Middle of Year 2012-2013</Description>
		<ShortDescription>12-13 MOY</ShortDescription>
		<BeginDate>2013-01-01</BeginDate>
		<EndDate>2013-03-30</EndDate>
	</AssessmentPeriodDescriptor>
</InterchangeAssessmentMetadata>
