<?xml version="1.0" encoding="UTF-8"?>
<InterchangeAssessmentMetadata xmlns:xsi="http://www.w3.org/2001/XMLSchema-instance" xmlns="http://ed-fi.org/0100" xsi:schemaLocation="http://ed-fi.org/0100 ../../sli/edfi-schema/src/main/resources/edfiXsd-SLI/SLI-Interchange-AssessmentMetadata.xsd">
	<!-- READ 2.0-->
	<Assessment>
		<AssessmentTitle>TRC Fourth Grade 11-12 BOY</AssessmentTitle>
		<AssessmentIdentificationCode IdentificationSystem="Test Contractor">
			<ID>TRC Fourth Grade 11-12 BOY</ID>
		</AssessmentIdentificationCode>
		<AssessmentCategory>Reading readiness test</AssessmentCategory>
		<AcademicSubject>Reading</AcademicSubject>
		<GradeLevelAssessed>Fourth grade</GradeLevelAssessed>
		<AssessmentPerformanceLevel>
			<PerformanceLevel>
				<CodeValue>Above Proficient</CodeValue>
			</PerformanceLevel>
			<AssessmentReportingMethod>Mastery level</AssessmentReportingMethod>
		</AssessmentPerformanceLevel>
		<AssessmentPerformanceLevel>
			<PerformanceLevel>
				<CodeValue>Proficient</CodeValue>
			</PerformanceLevel>
			<AssessmentReportingMethod>Mastery level</AssessmentReportingMethod>
		</AssessmentPerformanceLevel>
		<AssessmentPerformanceLevel>
			<PerformanceLevel>
				<CodeValue>Below Proficient</CodeValue>
			</PerformanceLevel>
			<AssessmentReportingMethod>Mastery level</AssessmentReportingMethod>
		</AssessmentPerformanceLevel>
		<AssessmentPerformanceLevel>
			<PerformanceLevel>
				<CodeValue>Far Below Proficient</CodeValue>
			</PerformanceLevel>
			<AssessmentReportingMethod>Mastery level</AssessmentReportingMethod>
		</AssessmentPerformanceLevel>
		<Version>1</Version>
		<RevisionDate>2011-08-01</RevisionDate>
		<AssessmentPeriod>
			<CodeValue>11-12 BOY</CodeValue>
		</AssessmentPeriod>
		<AssessmentFamilyReference>
			<AssessmentFamilyIdentity>
				<AssessmentFamilyTitle>TRC Fourth Grade</AssessmentFamilyTitle>
			</AssessmentFamilyIdentity>
		</AssessmentFamilyReference>
	</Assessment>
	<Assessment>
		<AssessmentTitle>TRC Fourth Grade 11-12 MOY</AssessmentTitle>
		<AssessmentIdentificationCode IdentificationSystem="Test Contractor">
			<ID>TRC Fourth Grade 11-12 MOY</ID>
		</AssessmentIdentificationCode>
		<AssessmentCategory>Reading readiness test</AssessmentCategory>
		<AcademicSubject>Reading</AcademicSubject>
		<GradeLevelAssessed>Fourth grade</GradeLevelAssessed>
		<AssessmentPerformanceLevel>
			<PerformanceLevel>
				<CodeValue>Above Proficient</CodeValue>
			</PerformanceLevel>
			<AssessmentReportingMethod>Mastery level</AssessmentReportingMethod>
		</AssessmentPerformanceLevel>
		<AssessmentPerformanceLevel>
			<PerformanceLevel>
				<CodeValue>Proficient</CodeValue>
			</PerformanceLevel>
			<AssessmentReportingMethod>Mastery level</AssessmentReportingMethod>
		</AssessmentPerformanceLevel>
		<AssessmentPerformanceLevel>
			<PerformanceLevel>
				<CodeValue>Below Proficient</CodeValue>
			</PerformanceLevel>
			<AssessmentReportingMethod>Mastery level</AssessmentReportingMethod>
		</AssessmentPerformanceLevel>
		<AssessmentPerformanceLevel>
			<PerformanceLevel>
				<CodeValue>Far Below Proficient</CodeValue>
			</PerformanceLevel>
			<AssessmentReportingMethod>Mastery level</AssessmentReportingMethod>
		</AssessmentPerformanceLevel>
		<Version>1</Version>
		<RevisionDate>2011-08-01</RevisionDate>
		<AssessmentPeriod>
			<CodeValue>11-12 MOY</CodeValue>
		</AssessmentPeriod>
		<AssessmentFamilyReference>
			<AssessmentFamilyIdentity>
				<AssessmentFamilyTitle>TRC Fourth Grade</AssessmentFamilyTitle>
			</AssessmentFamilyIdentity>
		</AssessmentFamilyReference>
	</Assessment>
	<Assessment>
		<AssessmentTitle>TRC Fourth Grade 11-12 EOY</AssessmentTitle>
		<AssessmentIdentificationCode IdentificationSystem="Test Contractor">
			<ID>TRC Fourth Grade 11-12 EOY</ID>
		</AssessmentIdentificationCode>
		<AssessmentCategory>Reading readiness test</AssessmentCategory>
		<AcademicSubject>Reading</AcademicSubject>
		<GradeLevelAssessed>Fourth grade</GradeLevelAssessed>
		<AssessmentPerformanceLevel>
			<PerformanceLevel>
				<CodeValue>Above Proficient</CodeValue>
			</PerformanceLevel>
			<AssessmentReportingMethod>Mastery level</AssessmentReportingMethod>
		</AssessmentPerformanceLevel>
		<AssessmentPerformanceLevel>
			<PerformanceLevel>
				<CodeValue>Proficient</CodeValue>
			</PerformanceLevel>
			<AssessmentReportingMethod>Mastery level</AssessmentReportingMethod>
		</AssessmentPerformanceLevel>
		<AssessmentPerformanceLevel>
			<PerformanceLevel>
				<CodeValue>Below Proficient</CodeValue>
			</PerformanceLevel>
			<AssessmentReportingMethod>Scale score</AssessmentReportingMethod>
		</AssessmentPerformanceLevel>
		<AssessmentPerformanceLevel>
			<PerformanceLevel>
				<CodeValue>Far Below Proficient</CodeValue>
			</PerformanceLevel>
			<AssessmentReportingMethod>Scale score</AssessmentReportingMethod>
		</AssessmentPerformanceLevel>
		<Version>1</Version>
		<RevisionDate>2011-08-01</RevisionDate>
		<AssessmentPeriod>
			<CodeValue>11-12 EOY</CodeValue>
		</AssessmentPeriod>
		<AssessmentFamilyReference>
			<AssessmentFamilyIdentity>
				<AssessmentFamilyTitle>TRC Fourth Grade</AssessmentFamilyTitle>
			</AssessmentFamilyIdentity>
		</AssessmentFamilyReference>
	</Assessment>
	<Assessment>
		<AssessmentTitle>TRC Fifth Grade 12-13 BOY</AssessmentTitle>
		<AssessmentIdentificationCode IdentificationSystem="Test Contractor">
			<ID>TRC Fifth Grade 12-13 BOY</ID>
		</AssessmentIdentificationCode>
		<AssessmentCategory>Reading readiness test</AssessmentCategory>
		<AcademicSubject>Reading</AcademicSubject>
		<GradeLevelAssessed>Fifth grade</GradeLevelAssessed>
		<AssessmentPerformanceLevel>
			<PerformanceLevel>
				<CodeValue>Above Proficient</CodeValue>
			</PerformanceLevel>
			<AssessmentReportingMethod>Mastery level</AssessmentReportingMethod>
		</AssessmentPerformanceLevel>
		<AssessmentPerformanceLevel>
			<PerformanceLevel>
				<CodeValue>Proficient</CodeValue>
			</PerformanceLevel>
			<AssessmentReportingMethod>Mastery level</AssessmentReportingMethod>
		</AssessmentPerformanceLevel>
		<AssessmentPerformanceLevel>
			<PerformanceLevel>
				<CodeValue>Below Proficient</CodeValue>
			</PerformanceLevel>
			<AssessmentReportingMethod>Mastery level</AssessmentReportingMethod>
		</AssessmentPerformanceLevel>
		<AssessmentPerformanceLevel>
			<PerformanceLevel>
				<CodeValue>Far Below Proficient</CodeValue>
			</PerformanceLevel>
			<AssessmentReportingMethod>Mastery level</AssessmentReportingMethod>
		</AssessmentPerformanceLevel>
		<Version>1</Version>
		<RevisionDate>2012-08-17</RevisionDate>
		<AssessmentPeriod>
			<CodeValue>12-13 BOY</CodeValue>
		</AssessmentPeriod>
		<AssessmentFamilyReference>
			<AssessmentFamilyIdentity>
				<AssessmentFamilyTitle>TRC Fifth Grade</AssessmentFamilyTitle>
			</AssessmentFamilyIdentity>
		</AssessmentFamilyReference>
	</Assessment>
	<Assessment>
		<AssessmentTitle>TRC Fifth Grade 12-13 MOY</AssessmentTitle>
		<AssessmentIdentificationCode IdentificationSystem="Test Contractor">
			<ID>TRC Fifth Grade 12-13 MOY</ID>
		</AssessmentIdentificationCode>
		<AssessmentCategory>Reading readiness test</AssessmentCategory>
		<AcademicSubject>Reading</AcademicSubject>
		<GradeLevelAssessed>Fifth grade</GradeLevelAssessed>
		<AssessmentPerformanceLevel>
			<PerformanceLevel>
				<CodeValue>Above Proficient</CodeValue>
			</PerformanceLevel>
			<AssessmentReportingMethod>Mastery level</AssessmentReportingMethod>
		</AssessmentPerformanceLevel>
		<AssessmentPerformanceLevel>
			<PerformanceLevel>
				<CodeValue>Proficient</CodeValue>
			</PerformanceLevel>
			<AssessmentReportingMethod>Mastery level</AssessmentReportingMethod>
		</AssessmentPerformanceLevel>
		<AssessmentPerformanceLevel>
			<PerformanceLevel>
				<CodeValue>Below Proficient</CodeValue>
			</PerformanceLevel>
			<AssessmentReportingMethod>Mastery level</AssessmentReportingMethod>
		</AssessmentPerformanceLevel>
		<AssessmentPerformanceLevel>
			<PerformanceLevel>
				<CodeValue>Far Below Proficient</CodeValue>
			</PerformanceLevel>
			<AssessmentReportingMethod>Mastery level</AssessmentReportingMethod>
		</AssessmentPerformanceLevel>
		<Version>1</Version>
		<RevisionDate>2012-08-17</RevisionDate>
		<AssessmentPeriod>
			<CodeValue>12-13 MOY</CodeValue>
		</AssessmentPeriod>
		<AssessmentFamilyReference>
			<AssessmentFamilyIdentity>
				<AssessmentFamilyTitle>TRC Fifth Grade</AssessmentFamilyTitle>
			</AssessmentFamilyIdentity>
		</AssessmentFamilyReference>
	</Assessment>
	<Assessment>
		<AssessmentTitle>Grade 5 2011 StateTest Writing</AssessmentTitle>
		<AssessmentIdentificationCode IdentificationSystem="Test Contractor">
			<ID>Grade 5 2011 StateTest Writing</ID>
		</AssessmentIdentificationCode>
		<AssessmentCategory>State summative assessment 3-8 general</AssessmentCategory>
		<AcademicSubject>Writing</AcademicSubject>
		<GradeLevelAssessed>Fifth grade</GradeLevelAssessed>
		<AssessmentPerformanceLevel>
			<PerformanceLevel>
				<CodeValue>W</CodeValue>
			</PerformanceLevel>
			<AssessmentReportingMethod>Scale score</AssessmentReportingMethod>
			<MinimumScore>6</MinimumScore>
			<MaximumScore>14</MaximumScore>
		</AssessmentPerformanceLevel>
		<AssessmentPerformanceLevel>
			<PerformanceLevel>
				<CodeValue>B</CodeValue>
			</PerformanceLevel>
			<AssessmentReportingMethod>Scale score</AssessmentReportingMethod>
			<MinimumScore>15</MinimumScore>
			<MaximumScore>20</MaximumScore>
		</AssessmentPerformanceLevel>
		<AssessmentPerformanceLevel>
			<PerformanceLevel>
				<CodeValue>S</CodeValue>
			</PerformanceLevel>
			<AssessmentReportingMethod>Scale score</AssessmentReportingMethod>
			<MinimumScore>21</MinimumScore>
			<MaximumScore>27</MaximumScore>
		</AssessmentPerformanceLevel>
		<AssessmentPerformanceLevel>
			<PerformanceLevel>
				<CodeValue>E</CodeValue>
			</PerformanceLevel>
			<AssessmentReportingMethod>Scale score</AssessmentReportingMethod>
			<MinimumScore>28</MinimumScore>
			<MaximumScore>33</MaximumScore>
		</AssessmentPerformanceLevel>
		<ContentStandard>State Standard</ContentStandard>
		<Version>1</Version>
		<RevisionDate>2011-03-12</RevisionDate>
		<MaxRawScore>33</MaxRawScore>
		<AssessmentFamilyReference>
			<AssessmentFamilyIdentity>
				<AssessmentFamilyTitle>StateTest Writing for Grade 5</AssessmentFamilyTitle>
			</AssessmentFamilyIdentity>
		</AssessmentFamilyReference>
	</Assessment>
	<Assessment>
		<AssessmentTitle>Grade 5 2011 StateTest Reading</AssessmentTitle>
		<AssessmentIdentificationCode IdentificationSystem="Test Contractor">
			<ID>Grade 5 2011 StateTest Reading</ID>
		</AssessmentIdentificationCode>
		<AssessmentCategory>State summative assessment 3-8 general</AssessmentCategory>
		<AcademicSubject>Reading</AcademicSubject>
		<GradeLevelAssessed>Fifth grade</GradeLevelAssessed>
		<AssessmentPerformanceLevel>
			<PerformanceLevel>
				<CodeValue>W</CodeValue>
			</PerformanceLevel>
			<AssessmentReportingMethod>Scale score</AssessmentReportingMethod>
			<MinimumScore>120</MinimumScore>
			<MaximumScore>179</MaximumScore>
		</AssessmentPerformanceLevel>
		<AssessmentPerformanceLevel>
			<PerformanceLevel>
				<CodeValue>B</CodeValue>
			</PerformanceLevel>
			<AssessmentReportingMethod>Scale score</AssessmentReportingMethod>
			<MinimumScore>180</MinimumScore>
			<MaximumScore>230</MaximumScore>
		</AssessmentPerformanceLevel>
		<AssessmentPerformanceLevel>
			<PerformanceLevel>
				<CodeValue>S</CodeValue>
			</PerformanceLevel>
			<AssessmentReportingMethod>Scale score</AssessmentReportingMethod>
			<MinimumScore>231</MinimumScore>
			<MaximumScore>277</MaximumScore>
		</AssessmentPerformanceLevel>
		<AssessmentPerformanceLevel>
			<PerformanceLevel>
				<CodeValue>E</CodeValue>
			</PerformanceLevel>
			<AssessmentReportingMethod>Scale score</AssessmentReportingMethod>
			<MinimumScore>278</MinimumScore>
			<MaximumScore>364</MaximumScore>
		</AssessmentPerformanceLevel>
		<ContentStandard>State Standard</ContentStandard>
		<Version>1</Version>
		<RevisionDate>2011-03-12</RevisionDate>
		<MaxRawScore>364</MaxRawScore>
		<AssessmentFamilyReference>
			<AssessmentFamilyIdentity>
				<AssessmentFamilyTitle>StateTest Reading for Grade 5</AssessmentFamilyTitle>
			</AssessmentFamilyIdentity>
		</AssessmentFamilyReference>
	</Assessment>
	<Assessment>
		<AssessmentTitle>Grade 5 2012 StateTest Reading</AssessmentTitle>
		<AssessmentIdentificationCode IdentificationSystem="Test Contractor">
			<ID>Grade 5 2012 StateTest Reading</ID>
		</AssessmentIdentificationCode>
		<AssessmentCategory>State summative assessment 3-8 general</AssessmentCategory>
		<AcademicSubject>Reading</AcademicSubject>
		<GradeLevelAssessed>Fifth grade</GradeLevelAssessed>
		<AssessmentPerformanceLevel>
			<PerformanceLevel>
				<CodeValue>W</CodeValue>
			</PerformanceLevel>
			<AssessmentReportingMethod>Scale score</AssessmentReportingMethod>
			<MinimumScore>120</MinimumScore>
			<MaximumScore>179</MaximumScore>
		</AssessmentPerformanceLevel>
		<AssessmentPerformanceLevel>
			<PerformanceLevel>
				<CodeValue>B</CodeValue>
			</PerformanceLevel>
			<AssessmentReportingMethod>Scale score</AssessmentReportingMethod>
			<MinimumScore>180</MinimumScore>
			<MaximumScore>230</MaximumScore>
		</AssessmentPerformanceLevel>
		<AssessmentPerformanceLevel>
			<PerformanceLevel>
				<CodeValue>S</CodeValue>
			</PerformanceLevel>
			<AssessmentReportingMethod>Scale score</AssessmentReportingMethod>
			<MinimumScore>231</MinimumScore>
			<MaximumScore>277</MaximumScore>
		</AssessmentPerformanceLevel>
		<AssessmentPerformanceLevel>
			<PerformanceLevel>
				<CodeValue>E</CodeValue>
			</PerformanceLevel>
			<AssessmentReportingMethod>Scale score</AssessmentReportingMethod>
			<MinimumScore>278</MinimumScore>
			<MaximumScore>364</MaximumScore>
		</AssessmentPerformanceLevel>
		<ContentStandard>State Standard</ContentStandard>
		<Version>1</Version>
		<RevisionDate>2012-03-12</RevisionDate>
		<MaxRawScore>364</MaxRawScore>
		<AssessmentFamilyReference>
			<AssessmentFamilyIdentity>
				<AssessmentFamilyTitle>StateTest Reading for Grade 5</AssessmentFamilyTitle>
			</AssessmentFamilyIdentity>
		</AssessmentFamilyReference>
	</Assessment>
	<AssessmentFamily>
		<AssessmentFamilyTitle>TRC Fourth Grade</AssessmentFamilyTitle>
		<AssessmentFamilyIdentificationCode IdentificationSystem="Test Contractor">
			<ID>TRC Fourth Grade</ID>
		</AssessmentFamilyIdentificationCode>
	</AssessmentFamily>
	<AssessmentFamily>
		<AssessmentFamilyTitle>TRC Fifth Grade</AssessmentFamilyTitle>
		<AssessmentFamilyIdentificationCode IdentificationSystem="Test Contractor">
			<ID>TRC Fifth Grade</ID>
		</AssessmentFamilyIdentificationCode>
	</AssessmentFamily>
	<AssessmentFamily>
		<AssessmentFamilyTitle>StateTest</AssessmentFamilyTitle>
		<AssessmentFamilyIdentificationCode IdentificationSystem="Test Contractor">
			<ID>StateTest</ID>
		</AssessmentFamilyIdentificationCode>
	</AssessmentFamily>
	<AssessmentFamily>
		<AssessmentFamilyTitle>StateTest Writing for Grades 3-8</AssessmentFamilyTitle>
		<AssessmentFamilyIdentificationCode IdentificationSystem="Test Contractor">
			<ID>StateTest Writing for Grades 3-8</ID>
		</AssessmentFamilyIdentificationCode>
		<AssessmentFamilyReference>
			<AssessmentFamilyIdentity>
				<AssessmentFamilyTitle>StateTest</AssessmentFamilyTitle>
			</AssessmentFamilyIdentity>
		</AssessmentFamilyReference>
	</AssessmentFamily>
	<AssessmentFamily>
		<AssessmentFamilyTitle>StateTest Reading for Grades 3-8</AssessmentFamilyTitle>
		<AssessmentFamilyIdentificationCode IdentificationSystem="Test Contractor">
			<ID>StateTest Reading for Grades 3-8</ID>
		</AssessmentFamilyIdentificationCode>
		<AssessmentFamilyReference>
			<AssessmentFamilyIdentity>
				<AssessmentFamilyTitle>StateTest</AssessmentFamilyTitle>
			</AssessmentFamilyIdentity>
		</AssessmentFamilyReference>
	</AssessmentFamily>
	<AssessmentFamily>
		<AssessmentFamilyTitle>StateTest Reading for Grade 5</AssessmentFamilyTitle>
		<AssessmentFamilyIdentificationCode IdentificationSystem="Test Contractor">
			<ID>StateTest Reading for Grade 5</ID>
		</AssessmentFamilyIdentificationCode>
		<AssessmentFamilyReference>
			<AssessmentFamilyIdentity>
				<AssessmentFamilyTitle>StateTest Reading for Grades 3-8</AssessmentFamilyTitle>
			</AssessmentFamilyIdentity>
		</AssessmentFamilyReference>
	</AssessmentFamily>
	<AssessmentFamily>
		<AssessmentFamilyTitle>StateTest Writing for Grade 5</AssessmentFamilyTitle>
		<AssessmentFamilyIdentificationCode IdentificationSystem="Test Contractor">
			<ID>StateTest Writing for Grade 5</ID>
		</AssessmentFamilyIdentificationCode>
		<AssessmentFamilyReference>
			<AssessmentFamilyIdentity>
				<AssessmentFamilyTitle>StateTest Writing for Grades 3-8</AssessmentFamilyTitle>
			</AssessmentFamilyIdentity>
		</AssessmentFamilyReference>
	</AssessmentFamily>
	<AssessmentPeriodDescriptor>
		<CodeValue>11-12 BOY</CodeValue>
		<Description>Beginning of Year 2011-2012</Description>
		<ShortDescription>11-12 BOY</ShortDescription>
		<BeginDate>2011-08-01</BeginDate>
		<EndDate>2012-12-31</EndDate>
	</AssessmentPeriodDescriptor>
	<AssessmentPeriodDescriptor>
		<CodeValue>11-12 MOY</CodeValue>
		<Description>Beginning of Year 2011-2012</Description>
		<ShortDescription>11-12 MOY</ShortDescription>
		<BeginDate>2012-01-01</BeginDate>
		<EndDate>2012-03-31</EndDate>
	</AssessmentPeriodDescriptor>
	<AssessmentPeriodDescriptor>
		<CodeValue>11-12 EOY</CodeValue>
		<Description>End of Year 2011-2012</Description>
		<ShortDescription>11-12 EOY</ShortDescription>
		<BeginDate>2012-04-01</BeginDate>
		<EndDate>2012-06-30</EndDate>
	</AssessmentPeriodDescriptor>
	<AssessmentPeriodDescriptor>
		<CodeValue>12-13 BOY</CodeValue>
		<Description>Beginning of Year 2012-2013</Description>
		<ShortDescription>12-13 BOY</ShortDescription>
		<BeginDate>2012-08-01</BeginDate>
		<EndDate>2012-12-31</EndDate>
	</AssessmentPeriodDescriptor>
	<AssessmentPeriodDescriptor>
		<CodeValue>12-13 MOY</CodeValue>
		<Description>Middle of Year 2012-2013</Description>
		<ShortDescription>12-13 MOY</ShortDescription>
		<BeginDate>2013-01-01</BeginDate>
		<EndDate>2013-03-30</EndDate>
	</AssessmentPeriodDescriptor>
</InterchangeAssessmentMetadata>
