<?xml version="1.0"?>
<InterchangeEducationOrganization xmlns:xsi="http://www.w3.org/2001/XMLSchema-instance" xmlns="http://ed-fi.org/0100"
xsi:schemaLocation="http://ed-fi.org/0100 ../../sli/edfi-schema/src/main/resources/edfiXsd-SLI/SLI-Interchange-EducationOrganization.xsd">
  <StateEducationAgency>
    <StateOrganizationId>STANDARD-SEA</StateOrganizationId>
    <NameOfInstitution>STANDARD-SEA (State Education Agency)</NameOfInstitution>
    <OrganizationCategories>
      <OrganizationCategory>State Education Agency</OrganizationCategory>
    </OrganizationCategories>
    <Address>
      <StreetNumberName>123 Street</StreetNumberName>
      <City>Chicago</City>
      <StateAbbreviation>IL</StateAbbreviation>
      <PostalCode>00000</PostalCode>
    </Address>
    <ProgramReference>
      <ProgramIdentity>
        <ProgramId>66</ProgramId>
      </ProgramIdentity>
    </ProgramReference>
    <ProgramReference>
      <ProgramIdentity>
        <ProgramId>67</ProgramId>
      </ProgramIdentity>
    </ProgramReference>
    <ProgramReference>
      <ProgramIdentity>
        <ProgramId>68</ProgramId>
      </ProgramIdentity>
    </ProgramReference>
    <ProgramReference>
      <ProgramIdentity>
        <ProgramId>69</ProgramId>
      </ProgramIdentity>
    </ProgramReference>
    <ProgramReference>
      <ProgramIdentity>
        <ProgramId>70</ProgramId>
      </ProgramIdentity>
    </ProgramReference>
  </StateEducationAgency>
  <Course>
    <CourseTitle>Kindergarten</CourseTitle>
    <NumberOfParts>1</NumberOfParts>
    <CourseCode IdentificationSystem="School course code">
      <ID>1</ID>
    </CourseCode>
    <DateCourseAdopted>2000-06-19</DateCourseAdopted>
    <HighSchoolCourseRequirement>false</HighSchoolCourseRequirement>
    <MinimumAvailableCredit>
      <Credit>3</Credit>
    </MinimumAvailableCredit>
    <MaximumAvailableCredit>
      <Credit>3</Credit>
    </MaximumAvailableCredit>
    <EducationOrganizationReference>
      <EducationalOrgIdentity>
        <StateOrganizationId>STANDARD-SEA</StateOrganizationId>
      </EducationalOrgIdentity>
    </EducationOrganizationReference>
    <UniqueCourseId>1</UniqueCourseId>
  </Course>
  <Course>
    <CourseTitle>First grade</CourseTitle>
    <NumberOfParts>1</NumberOfParts>
    <CourseCode IdentificationSystem="School course code">
      <ID>2</ID>
    </CourseCode>
    <DateCourseAdopted>2000-06-19</DateCourseAdopted>
    <HighSchoolCourseRequirement>false</HighSchoolCourseRequirement>
    <MinimumAvailableCredit>
      <Credit>3</Credit>
    </MinimumAvailableCredit>
    <MaximumAvailableCredit>
      <Credit>3</Credit>
    </MaximumAvailableCredit>
    <EducationOrganizationReference>
      <EducationalOrgIdentity>
        <StateOrganizationId>STANDARD-SEA</StateOrganizationId>
      </EducationalOrgIdentity>
    </EducationOrganizationReference>
    <UniqueCourseId>2</UniqueCourseId>
  </Course>
  <Course>
    <CourseTitle>Second grade</CourseTitle>
    <NumberOfParts>1</NumberOfParts>
    <CourseCode IdentificationSystem="School course code">
      <ID>3</ID>
    </CourseCode>
    <DateCourseAdopted>2000-06-19</DateCourseAdopted>
    <HighSchoolCourseRequirement>false</HighSchoolCourseRequirement>
    <MinimumAvailableCredit>
      <Credit>3</Credit>
    </MinimumAvailableCredit>
    <MaximumAvailableCredit>
      <Credit>3</Credit>
    </MaximumAvailableCredit>
    <EducationOrganizationReference>
      <EducationalOrgIdentity>
        <StateOrganizationId>STANDARD-SEA</StateOrganizationId>
      </EducationalOrgIdentity>
    </EducationOrganizationReference>
    <UniqueCourseId>3</UniqueCourseId>
  </Course>
  <Course>
    <CourseTitle>Third grade</CourseTitle>
    <NumberOfParts>1</NumberOfParts>
    <CourseCode IdentificationSystem="School course code">
      <ID>4</ID>
    </CourseCode>
    <DateCourseAdopted>2000-06-19</DateCourseAdopted>
    <HighSchoolCourseRequirement>false</HighSchoolCourseRequirement>
    <MinimumAvailableCredit>
      <Credit>3</Credit>
    </MinimumAvailableCredit>
    <MaximumAvailableCredit>
      <Credit>3</Credit>
    </MaximumAvailableCredit>
    <EducationOrganizationReference>
      <EducationalOrgIdentity>
        <StateOrganizationId>STANDARD-SEA</StateOrganizationId>
      </EducationalOrgIdentity>
    </EducationOrganizationReference>
    <UniqueCourseId>4</UniqueCourseId>
  </Course>
  <Course>
    <CourseTitle>Fourth grade</CourseTitle>
    <NumberOfParts>1</NumberOfParts>
    <CourseCode IdentificationSystem="School course code">
      <ID>5</ID>
    </CourseCode>
    <DateCourseAdopted>2000-06-19</DateCourseAdopted>
    <HighSchoolCourseRequirement>false</HighSchoolCourseRequirement>
    <MinimumAvailableCredit>
      <Credit>3</Credit>
    </MinimumAvailableCredit>
    <MaximumAvailableCredit>
      <Credit>3</Credit>
    </MaximumAvailableCredit>
    <EducationOrganizationReference>
      <EducationalOrgIdentity>
        <StateOrganizationId>STANDARD-SEA</StateOrganizationId>
      </EducationalOrgIdentity>
    </EducationOrganizationReference>
    <UniqueCourseId>5</UniqueCourseId>
  </Course>
  <Course>
    <CourseTitle>Fifth grade</CourseTitle>
    <NumberOfParts>1</NumberOfParts>
    <CourseCode IdentificationSystem="School course code">
      <ID>6</ID>
    </CourseCode>
    <DateCourseAdopted>2000-06-19</DateCourseAdopted>
    <HighSchoolCourseRequirement>false</HighSchoolCourseRequirement>
    <MinimumAvailableCredit>
      <Credit>3</Credit>
    </MinimumAvailableCredit>
    <MaximumAvailableCredit>
      <Credit>3</Credit>
    </MaximumAvailableCredit>
    <EducationOrganizationReference>
      <EducationalOrgIdentity>
        <StateOrganizationId>STANDARD-SEA</StateOrganizationId>
      </EducationalOrgIdentity>
    </EducationOrganizationReference>
    <UniqueCourseId>6</UniqueCourseId>
  </Course>
  <Course>
    <CourseTitle>Sixth grade Mathematics</CourseTitle>
    <NumberOfParts>1</NumberOfParts>
    <CourseCode IdentificationSystem="School course code">
      <ID>7</ID>
    </CourseCode>
    <DateCourseAdopted>2000-06-19</DateCourseAdopted>
    <HighSchoolCourseRequirement>false</HighSchoolCourseRequirement>
    <MinimumAvailableCredit>
      <Credit>3</Credit>
    </MinimumAvailableCredit>
    <MaximumAvailableCredit>
      <Credit>3</Credit>
    </MaximumAvailableCredit>
    <EducationOrganizationReference>
      <EducationalOrgIdentity>
        <StateOrganizationId>STANDARD-SEA</StateOrganizationId>
      </EducationalOrgIdentity>
    </EducationOrganizationReference>
    <UniqueCourseId>7</UniqueCourseId>
  </Course>
  <Course>
    <CourseTitle>Sixth grade Science</CourseTitle>
    <NumberOfParts>1</NumberOfParts>
    <CourseCode IdentificationSystem="School course code">
      <ID>8</ID>
    </CourseCode>
    <DateCourseAdopted>2000-06-19</DateCourseAdopted>
    <HighSchoolCourseRequirement>false</HighSchoolCourseRequirement>
    <MinimumAvailableCredit>
      <Credit>3</Credit>
    </MinimumAvailableCredit>
    <MaximumAvailableCredit>
      <Credit>3</Credit>
    </MaximumAvailableCredit>
    <EducationOrganizationReference>
      <EducationalOrgIdentity>
        <StateOrganizationId>STANDARD-SEA</StateOrganizationId>
      </EducationalOrgIdentity>
    </EducationOrganizationReference>
    <UniqueCourseId>8</UniqueCourseId>
  </Course>
  <Course>
    <CourseTitle>Sixth grade English</CourseTitle>
    <NumberOfParts>1</NumberOfParts>
    <CourseCode IdentificationSystem="School course code">
      <ID>9</ID>
    </CourseCode>
    <DateCourseAdopted>2000-06-19</DateCourseAdopted>
    <HighSchoolCourseRequirement>false</HighSchoolCourseRequirement>
    <MinimumAvailableCredit>
      <Credit>3</Credit>
    </MinimumAvailableCredit>
    <MaximumAvailableCredit>
      <Credit>3</Credit>
    </MaximumAvailableCredit>
    <EducationOrganizationReference>
      <EducationalOrgIdentity>
        <StateOrganizationId>STANDARD-SEA</StateOrganizationId>
      </EducationalOrgIdentity>
    </EducationOrganizationReference>
    <UniqueCourseId>9</UniqueCourseId>
  </Course>
  <Course>
    <CourseTitle>Sixth grade History</CourseTitle>
    <NumberOfParts>1</NumberOfParts>
    <CourseCode IdentificationSystem="School course code">
      <ID>10</ID>
    </CourseCode>
    <DateCourseAdopted>2000-06-19</DateCourseAdopted>
    <HighSchoolCourseRequirement>false</HighSchoolCourseRequirement>
    <MinimumAvailableCredit>
      <Credit>3</Credit>
    </MinimumAvailableCredit>
    <MaximumAvailableCredit>
      <Credit>3</Credit>
    </MaximumAvailableCredit>
    <EducationOrganizationReference>
      <EducationalOrgIdentity>
        <StateOrganizationId>STANDARD-SEA</StateOrganizationId>
      </EducationalOrgIdentity>
    </EducationOrganizationReference>
    <UniqueCourseId>10</UniqueCourseId>
  </Course>
  <Course>
    <CourseTitle>Seventh grade Mathematics</CourseTitle>
    <NumberOfParts>1</NumberOfParts>
    <CourseCode IdentificationSystem="School course code">
      <ID>11</ID>
    </CourseCode>
    <DateCourseAdopted>2000-06-19</DateCourseAdopted>
    <HighSchoolCourseRequirement>false</HighSchoolCourseRequirement>
    <MinimumAvailableCredit>
      <Credit>3</Credit>
    </MinimumAvailableCredit>
    <MaximumAvailableCredit>
      <Credit>3</Credit>
    </MaximumAvailableCredit>
    <EducationOrganizationReference>
      <EducationalOrgIdentity>
        <StateOrganizationId>STANDARD-SEA</StateOrganizationId>
      </EducationalOrgIdentity>
    </EducationOrganizationReference>
    <UniqueCourseId>11</UniqueCourseId>
  </Course>
  <Course>
    <CourseTitle>Seventh grade Science</CourseTitle>
    <NumberOfParts>1</NumberOfParts>
    <CourseCode IdentificationSystem="School course code">
      <ID>12</ID>
    </CourseCode>
    <DateCourseAdopted>2000-06-19</DateCourseAdopted>
    <HighSchoolCourseRequirement>false</HighSchoolCourseRequirement>
    <MinimumAvailableCredit>
      <Credit>3</Credit>
    </MinimumAvailableCredit>
    <MaximumAvailableCredit>
      <Credit>3</Credit>
    </MaximumAvailableCredit>
    <EducationOrganizationReference>
      <EducationalOrgIdentity>
        <StateOrganizationId>STANDARD-SEA</StateOrganizationId>
      </EducationalOrgIdentity>
    </EducationOrganizationReference>
    <UniqueCourseId>12</UniqueCourseId>
  </Course>
  <Course>
    <CourseTitle>Seventh grade English</CourseTitle>
    <NumberOfParts>1</NumberOfParts>
    <CourseCode IdentificationSystem="School course code">
      <ID>13</ID>
    </CourseCode>
    <DateCourseAdopted>2000-06-19</DateCourseAdopted>
    <HighSchoolCourseRequirement>false</HighSchoolCourseRequirement>
    <MinimumAvailableCredit>
      <Credit>3</Credit>
    </MinimumAvailableCredit>
    <MaximumAvailableCredit>
      <Credit>3</Credit>
    </MaximumAvailableCredit>
    <EducationOrganizationReference>
      <EducationalOrgIdentity>
        <StateOrganizationId>STANDARD-SEA</StateOrganizationId>
      </EducationalOrgIdentity>
    </EducationOrganizationReference>
    <UniqueCourseId>13</UniqueCourseId>
  </Course>
  <Course>
    <CourseTitle>Seventh grade History</CourseTitle>
    <NumberOfParts>1</NumberOfParts>
    <CourseCode IdentificationSystem="School course code">
      <ID>14</ID>
    </CourseCode>
    <DateCourseAdopted>2000-06-19</DateCourseAdopted>
    <HighSchoolCourseRequirement>false</HighSchoolCourseRequirement>
    <MinimumAvailableCredit>
      <Credit>3</Credit>
    </MinimumAvailableCredit>
    <MaximumAvailableCredit>
      <Credit>3</Credit>
    </MaximumAvailableCredit>
    <EducationOrganizationReference>
      <EducationalOrgIdentity>
        <StateOrganizationId>STANDARD-SEA</StateOrganizationId>
      </EducationalOrgIdentity>
    </EducationOrganizationReference>
    <UniqueCourseId>14</UniqueCourseId>
  </Course>
  <Course>
    <CourseTitle>Eighth grade Mathematics</CourseTitle>
    <NumberOfParts>1</NumberOfParts>
    <CourseCode IdentificationSystem="School course code">
      <ID>15</ID>
    </CourseCode>
    <DateCourseAdopted>2000-06-19</DateCourseAdopted>
    <HighSchoolCourseRequirement>false</HighSchoolCourseRequirement>
    <MinimumAvailableCredit>
      <Credit>3</Credit>
    </MinimumAvailableCredit>
    <MaximumAvailableCredit>
      <Credit>3</Credit>
    </MaximumAvailableCredit>
    <EducationOrganizationReference>
      <EducationalOrgIdentity>
        <StateOrganizationId>STANDARD-SEA</StateOrganizationId>
      </EducationalOrgIdentity>
    </EducationOrganizationReference>
    <UniqueCourseId>15</UniqueCourseId>
  </Course>
  <Course>
    <CourseTitle>Eighth grade Science</CourseTitle>
    <NumberOfParts>1</NumberOfParts>
    <CourseCode IdentificationSystem="School course code">
      <ID>16</ID>
    </CourseCode>
    <DateCourseAdopted>2000-06-19</DateCourseAdopted>
    <HighSchoolCourseRequirement>false</HighSchoolCourseRequirement>
    <MinimumAvailableCredit>
      <Credit>3</Credit>
    </MinimumAvailableCredit>
    <MaximumAvailableCredit>
      <Credit>3</Credit>
    </MaximumAvailableCredit>
    <EducationOrganizationReference>
      <EducationalOrgIdentity>
        <StateOrganizationId>STANDARD-SEA</StateOrganizationId>
      </EducationalOrgIdentity>
    </EducationOrganizationReference>
    <UniqueCourseId>16</UniqueCourseId>
  </Course>
  <Course>
    <CourseTitle>Eighth grade English</CourseTitle>
    <NumberOfParts>1</NumberOfParts>
    <CourseCode IdentificationSystem="School course code">
      <ID>17</ID>
    </CourseCode>
    <DateCourseAdopted>2000-06-19</DateCourseAdopted>
    <HighSchoolCourseRequirement>false</HighSchoolCourseRequirement>
    <MinimumAvailableCredit>
      <Credit>3</Credit>
    </MinimumAvailableCredit>
    <MaximumAvailableCredit>
      <Credit>3</Credit>
    </MaximumAvailableCredit>
    <EducationOrganizationReference>
      <EducationalOrgIdentity>
        <StateOrganizationId>STANDARD-SEA</StateOrganizationId>
      </EducationalOrgIdentity>
    </EducationOrganizationReference>
    <UniqueCourseId>17</UniqueCourseId>
  </Course>
  <Course>
    <CourseTitle>Eighth grade History</CourseTitle>
    <NumberOfParts>1</NumberOfParts>
    <CourseCode IdentificationSystem="School course code">
      <ID>18</ID>
    </CourseCode>
    <DateCourseAdopted>2000-06-19</DateCourseAdopted>
    <HighSchoolCourseRequirement>false</HighSchoolCourseRequirement>
    <MinimumAvailableCredit>
      <Credit>3</Credit>
    </MinimumAvailableCredit>
    <MaximumAvailableCredit>
      <Credit>3</Credit>
    </MaximumAvailableCredit>
    <EducationOrganizationReference>
      <EducationalOrgIdentity>
        <StateOrganizationId>STANDARD-SEA</StateOrganizationId>
      </EducationalOrgIdentity>
    </EducationOrganizationReference>
    <UniqueCourseId>18</UniqueCourseId>
  </Course>
  <Course>
    <CourseTitle>Ninth grade Mathematics</CourseTitle>
    <NumberOfParts>1</NumberOfParts>
    <CourseCode IdentificationSystem="School course code">
      <ID>19</ID>
    </CourseCode>
    <DateCourseAdopted>2000-06-19</DateCourseAdopted>
    <HighSchoolCourseRequirement>false</HighSchoolCourseRequirement>
    <MinimumAvailableCredit>
      <Credit>3</Credit>
    </MinimumAvailableCredit>
    <MaximumAvailableCredit>
      <Credit>3</Credit>
    </MaximumAvailableCredit>
    <EducationOrganizationReference>
      <EducationalOrgIdentity>
        <StateOrganizationId>STANDARD-SEA</StateOrganizationId>
      </EducationalOrgIdentity>
    </EducationOrganizationReference>
    <UniqueCourseId>19</UniqueCourseId>
  </Course>
  <Course>
    <CourseTitle>Ninth grade Science</CourseTitle>
    <NumberOfParts>1</NumberOfParts>
    <CourseCode IdentificationSystem="School course code">
      <ID>20</ID>
    </CourseCode>
    <DateCourseAdopted>2000-06-19</DateCourseAdopted>
    <HighSchoolCourseRequirement>false</HighSchoolCourseRequirement>
    <MinimumAvailableCredit>
      <Credit>3</Credit>
    </MinimumAvailableCredit>
    <MaximumAvailableCredit>
      <Credit>3</Credit>
    </MaximumAvailableCredit>
    <EducationOrganizationReference>
      <EducationalOrgIdentity>
        <StateOrganizationId>STANDARD-SEA</StateOrganizationId>
      </EducationalOrgIdentity>
    </EducationOrganizationReference>
    <UniqueCourseId>20</UniqueCourseId>
  </Course>
  <Course>
    <CourseTitle>Ninth grade English</CourseTitle>
    <NumberOfParts>1</NumberOfParts>
    <CourseCode IdentificationSystem="School course code">
      <ID>21</ID>
    </CourseCode>
    <DateCourseAdopted>2000-06-19</DateCourseAdopted>
    <HighSchoolCourseRequirement>false</HighSchoolCourseRequirement>
    <MinimumAvailableCredit>
      <Credit>3</Credit>
    </MinimumAvailableCredit>
    <MaximumAvailableCredit>
      <Credit>3</Credit>
    </MaximumAvailableCredit>
    <EducationOrganizationReference>
      <EducationalOrgIdentity>
        <StateOrganizationId>STANDARD-SEA</StateOrganizationId>
      </EducationalOrgIdentity>
    </EducationOrganizationReference>
    <UniqueCourseId>21</UniqueCourseId>
  </Course>
  <Course>
    <CourseTitle>Ninth grade History</CourseTitle>
    <NumberOfParts>1</NumberOfParts>
    <CourseCode IdentificationSystem="School course code">
      <ID>22</ID>
    </CourseCode>
    <DateCourseAdopted>2000-06-19</DateCourseAdopted>
    <HighSchoolCourseRequirement>false</HighSchoolCourseRequirement>
    <MinimumAvailableCredit>
      <Credit>3</Credit>
    </MinimumAvailableCredit>
    <MaximumAvailableCredit>
      <Credit>3</Credit>
    </MaximumAvailableCredit>
    <EducationOrganizationReference>
      <EducationalOrgIdentity>
        <StateOrganizationId>STANDARD-SEA</StateOrganizationId>
      </EducationalOrgIdentity>
    </EducationOrganizationReference>
    <UniqueCourseId>22</UniqueCourseId>
  </Course>
  <Course>
    <CourseTitle>Tenth grade Mathematics</CourseTitle>
    <NumberOfParts>1</NumberOfParts>
    <CourseCode IdentificationSystem="School course code">
      <ID>23</ID>
    </CourseCode>
    <DateCourseAdopted>2000-06-19</DateCourseAdopted>
    <HighSchoolCourseRequirement>false</HighSchoolCourseRequirement>
    <MinimumAvailableCredit>
      <Credit>3</Credit>
    </MinimumAvailableCredit>
    <MaximumAvailableCredit>
      <Credit>3</Credit>
    </MaximumAvailableCredit>
    <EducationOrganizationReference>
      <EducationalOrgIdentity>
        <StateOrganizationId>STANDARD-SEA</StateOrganizationId>
      </EducationalOrgIdentity>
    </EducationOrganizationReference>
    <UniqueCourseId>23</UniqueCourseId>
  </Course>
  <Course>
    <CourseTitle>Tenth grade Science</CourseTitle>
    <NumberOfParts>1</NumberOfParts>
    <CourseCode IdentificationSystem="School course code">
      <ID>24</ID>
    </CourseCode>
    <DateCourseAdopted>2000-06-19</DateCourseAdopted>
    <HighSchoolCourseRequirement>false</HighSchoolCourseRequirement>
    <MinimumAvailableCredit>
      <Credit>3</Credit>
    </MinimumAvailableCredit>
    <MaximumAvailableCredit>
      <Credit>3</Credit>
    </MaximumAvailableCredit>
    <EducationOrganizationReference>
      <EducationalOrgIdentity>
        <StateOrganizationId>STANDARD-SEA</StateOrganizationId>
      </EducationalOrgIdentity>
    </EducationOrganizationReference>
    <UniqueCourseId>24</UniqueCourseId>
  </Course>
  <Course>
    <CourseTitle>Tenth grade English</CourseTitle>
    <NumberOfParts>1</NumberOfParts>
    <CourseCode IdentificationSystem="School course code">
      <ID>25</ID>
    </CourseCode>
    <DateCourseAdopted>2000-06-19</DateCourseAdopted>
    <HighSchoolCourseRequirement>false</HighSchoolCourseRequirement>
    <MinimumAvailableCredit>
      <Credit>3</Credit>
    </MinimumAvailableCredit>
    <MaximumAvailableCredit>
      <Credit>3</Credit>
    </MaximumAvailableCredit>
    <EducationOrganizationReference>
      <EducationalOrgIdentity>
        <StateOrganizationId>STANDARD-SEA</StateOrganizationId>
      </EducationalOrgIdentity>
    </EducationOrganizationReference>
    <UniqueCourseId>25</UniqueCourseId>
  </Course>
  <Course>
    <CourseTitle>Tenth grade History</CourseTitle>
    <NumberOfParts>1</NumberOfParts>
    <CourseCode IdentificationSystem="School course code">
      <ID>26</ID>
    </CourseCode>
    <DateCourseAdopted>2000-06-19</DateCourseAdopted>
    <HighSchoolCourseRequirement>false</HighSchoolCourseRequirement>
    <MinimumAvailableCredit>
      <Credit>3</Credit>
    </MinimumAvailableCredit>
    <MaximumAvailableCredit>
      <Credit>3</Credit>
    </MaximumAvailableCredit>
    <EducationOrganizationReference>
      <EducationalOrgIdentity>
        <StateOrganizationId>STANDARD-SEA</StateOrganizationId>
      </EducationalOrgIdentity>
    </EducationOrganizationReference>
    <UniqueCourseId>26</UniqueCourseId>
  </Course>
  <Course>
    <CourseTitle>Eleventh grade Mathematics</CourseTitle>
    <NumberOfParts>1</NumberOfParts>
    <CourseCode IdentificationSystem="School course code">
      <ID>27</ID>
    </CourseCode>
    <DateCourseAdopted>2000-06-19</DateCourseAdopted>
    <HighSchoolCourseRequirement>false</HighSchoolCourseRequirement>
    <MinimumAvailableCredit>
      <Credit>3</Credit>
    </MinimumAvailableCredit>
    <MaximumAvailableCredit>
      <Credit>3</Credit>
    </MaximumAvailableCredit>
    <EducationOrganizationReference>
      <EducationalOrgIdentity>
        <StateOrganizationId>STANDARD-SEA</StateOrganizationId>
      </EducationalOrgIdentity>
    </EducationOrganizationReference>
    <UniqueCourseId>27</UniqueCourseId>
  </Course>
  <Course>
    <CourseTitle>Eleventh grade Science</CourseTitle>
    <NumberOfParts>1</NumberOfParts>
    <CourseCode IdentificationSystem="School course code">
      <ID>28</ID>
    </CourseCode>
    <DateCourseAdopted>2000-06-19</DateCourseAdopted>
    <HighSchoolCourseRequirement>false</HighSchoolCourseRequirement>
    <MinimumAvailableCredit>
      <Credit>3</Credit>
    </MinimumAvailableCredit>
    <MaximumAvailableCredit>
      <Credit>3</Credit>
    </MaximumAvailableCredit>
    <EducationOrganizationReference>
      <EducationalOrgIdentity>
        <StateOrganizationId>STANDARD-SEA</StateOrganizationId>
      </EducationalOrgIdentity>
    </EducationOrganizationReference>
    <UniqueCourseId>28</UniqueCourseId>
  </Course>
  <Course>
    <CourseTitle>Eleventh grade English</CourseTitle>
    <NumberOfParts>1</NumberOfParts>
    <CourseCode IdentificationSystem="School course code">
      <ID>29</ID>
    </CourseCode>
    <DateCourseAdopted>2000-06-19</DateCourseAdopted>
    <HighSchoolCourseRequirement>false</HighSchoolCourseRequirement>
    <MinimumAvailableCredit>
      <Credit>3</Credit>
    </MinimumAvailableCredit>
    <MaximumAvailableCredit>
      <Credit>3</Credit>
    </MaximumAvailableCredit>
    <EducationOrganizationReference>
      <EducationalOrgIdentity>
        <StateOrganizationId>STANDARD-SEA</StateOrganizationId>
      </EducationalOrgIdentity>
    </EducationOrganizationReference>
    <UniqueCourseId>29</UniqueCourseId>
  </Course>
  <Course>
    <CourseTitle>Eleventh grade History</CourseTitle>
    <NumberOfParts>1</NumberOfParts>
    <CourseCode IdentificationSystem="School course code">
      <ID>30</ID>
    </CourseCode>
    <DateCourseAdopted>2000-06-19</DateCourseAdopted>
    <HighSchoolCourseRequirement>false</HighSchoolCourseRequirement>
    <MinimumAvailableCredit>
      <Credit>3</Credit>
    </MinimumAvailableCredit>
    <MaximumAvailableCredit>
      <Credit>3</Credit>
    </MaximumAvailableCredit>
    <EducationOrganizationReference>
      <EducationalOrgIdentity>
        <StateOrganizationId>STANDARD-SEA</StateOrganizationId>
      </EducationalOrgIdentity>
    </EducationOrganizationReference>
    <UniqueCourseId>30</UniqueCourseId>
  </Course>
  <Course>
    <CourseTitle>Twelfth grade Mathematics</CourseTitle>
    <NumberOfParts>1</NumberOfParts>
    <CourseCode IdentificationSystem="School course code">
      <ID>31</ID>
    </CourseCode>
    <DateCourseAdopted>2000-06-19</DateCourseAdopted>
    <HighSchoolCourseRequirement>false</HighSchoolCourseRequirement>
    <MinimumAvailableCredit>
      <Credit>3</Credit>
    </MinimumAvailableCredit>
    <MaximumAvailableCredit>
      <Credit>3</Credit>
    </MaximumAvailableCredit>
    <EducationOrganizationReference>
      <EducationalOrgIdentity>
        <StateOrganizationId>STANDARD-SEA</StateOrganizationId>
      </EducationalOrgIdentity>
    </EducationOrganizationReference>
    <UniqueCourseId>31</UniqueCourseId>
  </Course>
  <Course>
    <CourseTitle>Twelfth grade Science</CourseTitle>
    <NumberOfParts>1</NumberOfParts>
    <CourseCode IdentificationSystem="School course code">
      <ID>32</ID>
    </CourseCode>
    <DateCourseAdopted>2000-06-19</DateCourseAdopted>
    <HighSchoolCourseRequirement>false</HighSchoolCourseRequirement>
    <MinimumAvailableCredit>
      <Credit>3</Credit>
    </MinimumAvailableCredit>
    <MaximumAvailableCredit>
      <Credit>3</Credit>
    </MaximumAvailableCredit>
    <EducationOrganizationReference>
      <EducationalOrgIdentity>
        <StateOrganizationId>STANDARD-SEA</StateOrganizationId>
      </EducationalOrgIdentity>
    </EducationOrganizationReference>
    <UniqueCourseId>32</UniqueCourseId>
  </Course>
  <Course>
    <CourseTitle>Twelfth grade English</CourseTitle>
    <NumberOfParts>1</NumberOfParts>
    <CourseCode IdentificationSystem="School course code">
      <ID>33</ID>
    </CourseCode>
    <DateCourseAdopted>2000-06-19</DateCourseAdopted>
    <HighSchoolCourseRequirement>false</HighSchoolCourseRequirement>
    <MinimumAvailableCredit>
      <Credit>3</Credit>
    </MinimumAvailableCredit>
    <MaximumAvailableCredit>
      <Credit>3</Credit>
    </MaximumAvailableCredit>
    <EducationOrganizationReference>
      <EducationalOrgIdentity>
        <StateOrganizationId>STANDARD-SEA</StateOrganizationId>
      </EducationalOrgIdentity>
    </EducationOrganizationReference>
    <UniqueCourseId>33</UniqueCourseId>
  </Course>
  <Course>
    <CourseTitle>Twelfth grade History</CourseTitle>
    <NumberOfParts>1</NumberOfParts>
    <CourseCode IdentificationSystem="School course code">
      <ID>34</ID>
    </CourseCode>
    <DateCourseAdopted>2000-06-19</DateCourseAdopted>
    <HighSchoolCourseRequirement>false</HighSchoolCourseRequirement>
    <MinimumAvailableCredit>
      <Credit>3</Credit>
    </MinimumAvailableCredit>
    <MaximumAvailableCredit>
      <Credit>3</Credit>
    </MaximumAvailableCredit>
    <EducationOrganizationReference>
      <EducationalOrgIdentity>
        <StateOrganizationId>STANDARD-SEA</StateOrganizationId>
      </EducationalOrgIdentity>
    </EducationOrganizationReference>
    <UniqueCourseId>34</UniqueCourseId>
  </Course>
  <Program>
    <ProgramId>66</ProgramId>
    <ProgramType>Adult/Continuing Education</ProgramType>
    <ProgramSponsor>State Education Agency</ProgramSponsor>
    <Services>
      <CodeValue>srv:66</CodeValue>
    </Services>
  </Program>
  <Program>
    <ProgramId>67</ProgramId>
    <ProgramType>Even Start</ProgramType>
    <ProgramSponsor>State Education Agency</ProgramSponsor>
    <Services>
      <CodeValue>srv:67</CodeValue>
    </Services>
  </Program>
  <Program>
    <ProgramId>68</ProgramId>
    <ProgramType>Remedial Education</ProgramType>
    <ProgramSponsor>State Education Agency</ProgramSponsor>
    <Services>
      <CodeValue>srv:68</CodeValue>
    </Services>
  </Program>
  <Program>
    <ProgramId>69</ProgramId>
    <ProgramType>Bilingual Summer</ProgramType>
    <ProgramSponsor>State Education Agency</ProgramSponsor>
    <Services>
      <CodeValue>srv:69</CodeValue>
    </Services>
  </Program>
  <Program>
    <ProgramId>70</ProgramId>
    <ProgramType>Adult/Continuing Education</ProgramType>
    <ProgramSponsor>State Education Agency</ProgramSponsor>
    <Services>
      <CodeValue>srv:70</CodeValue>
    </Services>
  </Program>
  <Program>
    <ProgramId>50</ProgramId>
    <ProgramType>Student Retention/Dropout Prevention</ProgramType>
    <ProgramSponsor>Local Education Agency</ProgramSponsor>
    <Services>
      <CodeValue>srv:50</CodeValue>
    </Services>
  </Program>
  <Program>
    <ProgramId>51</ProgramId>
    <ProgramType>Neglected and Delinquent Program</ProgramType>
    <ProgramSponsor>Local Education Agency</ProgramSponsor>
    <Services>
      <CodeValue>srv:51</CodeValue>
    </Services>
  </Program>
  <Program>
    <ProgramId>52</ProgramId>
    <ProgramType>Health Services Program</ProgramType>
    <ProgramSponsor>Local Education Agency</ProgramSponsor>
    <Services>
      <CodeValue>srv:52</CodeValue>
    </Services>
  </Program>
  <Program>
    <ProgramId>53</ProgramId>
    <ProgramType>Vocational Education</ProgramType>
    <ProgramSponsor>Local Education Agency</ProgramSponsor>
    <Services>
      <CodeValue>srv:53</CodeValue>
    </Services>
  </Program>
  <Program>
    <ProgramId>54</ProgramId>
    <ProgramType>Migrant Education</ProgramType>
    <ProgramSponsor>Local Education Agency</ProgramSponsor>
    <Services>
      <CodeValue>srv:54</CodeValue>
    </Services>
  </Program>
  <Program>
    <ProgramId>55</ProgramId>
    <ProgramType>International Baccalaureate</ProgramType>
    <ProgramSponsor>Local Education Agency</ProgramSponsor>
    <Services>
      <CodeValue>srv:55</CodeValue>
    </Services>
  </Program>
  <Program>
    <ProgramId>56</ProgramId>
    <ProgramType>Service Learning</ProgramType>
    <ProgramSponsor>Local Education Agency</ProgramSponsor>
    <Services>
      <CodeValue>srv:56</CodeValue>
    </Services>
  </Program>
  <Program>
    <ProgramId>57</ProgramId>
    <ProgramType>Even Start</ProgramType>
    <ProgramSponsor>Local Education Agency</ProgramSponsor>
    <Services>
      <CodeValue>srv:57</CodeValue>
    </Services>
  </Program>
  <Program>
    <ProgramId>58</ProgramId>
    <ProgramType>Magnet/Special Program Emphasis</ProgramType>
    <ProgramSponsor>Local Education Agency</ProgramSponsor>
    <Services>
      <CodeValue>srv:58</CodeValue>
    </Services>
  </Program>
  <Program>
    <ProgramId>59</ProgramId>
    <ProgramType>Compensatory Services for Disadvantaged Students</ProgramType>
    <ProgramSponsor>Local Education Agency</ProgramSponsor>
    <Services>
      <CodeValue>srv:59</CodeValue>
    </Services>
  </Program>
  <Program>
    <ProgramId>60</ProgramId>
    <ProgramType>Compensatory Services for Disadvantaged Students</ProgramType>
    <ProgramSponsor>Local Education Agency</ProgramSponsor>
    <Services>
      <CodeValue>srv:60</CodeValue>
    </Services>
  </Program>
  <Program>
    <ProgramId>61</ProgramId>
    <ProgramType>Bilingual Summer</ProgramType>
    <ProgramSponsor>Local Education Agency</ProgramSponsor>
    <Services>
      <CodeValue>srv:61</CodeValue>
    </Services>
  </Program>
  <Program>
    <ProgramId>62</ProgramId>
    <ProgramType>International Baccalaureate</ProgramType>
    <ProgramSponsor>Local Education Agency</ProgramSponsor>
    <Services>
      <CodeValue>srv:62</CodeValue>
    </Services>
  </Program>
  <Program>
    <ProgramId>63</ProgramId>
    <ProgramType>Athletics</ProgramType>
    <ProgramSponsor>Local Education Agency</ProgramSponsor>
    <Services>
      <CodeValue>srv:63</CodeValue>
    </Services>
  </Program>
  <Program>
    <ProgramId>64</ProgramId>
    <ProgramType>College Preparatory</ProgramType>
    <ProgramSponsor>Local Education Agency</ProgramSponsor>
    <Services>
      <CodeValue>srv:64</CodeValue>
    </Services>
  </Program>
  <Program>
    <ProgramId>65</ProgramId>
    <ProgramType>IDEA</ProgramType>
    <ProgramSponsor>Local Education Agency</ProgramSponsor>
    <Services>
      <CodeValue>srv:65</CodeValue>
    </Services>
  </Program>
  <Program>
    <ProgramId>1</ProgramId>
    <ProgramType>Library/Media Services Program</ProgramType>
    <ProgramSponsor>School</ProgramSponsor>
    <Services>
      <CodeValue>srv:1</CodeValue>
    </Services>
  </Program>
  <Program>
    <ProgramId>2</ProgramId>
    <ProgramType>Extended Day/Child Care Services</ProgramType>
    <ProgramSponsor>School</ProgramSponsor>
    <Services>
      <CodeValue>srv:2</CodeValue>
    </Services>
  </Program>
  <Program>
    <ProgramId>3</ProgramId>
    <ProgramType>Cocurricular Programs</ProgramType>
    <ProgramSponsor>School</ProgramSponsor>
    <Services>
      <CodeValue>srv:3</CodeValue>
    </Services>
  </Program>
  <Program>
    <ProgramId>4</ProgramId>
    <ProgramType>Community Service Program</ProgramType>
    <ProgramSponsor>School</ProgramSponsor>
    <Services>
      <CodeValue>srv:4</CodeValue>
    </Services>
  </Program>
  <Program>
    <ProgramId>5</ProgramId>
    <ProgramType>Even Start</ProgramType>
    <ProgramSponsor>School</ProgramSponsor>
    <Services>
      <CodeValue>srv:5</CodeValue>
    </Services>
  </Program>
  <Program>
    <ProgramId>6</ProgramId>
    <ProgramType>Community Service Program</ProgramType>
    <ProgramSponsor>School</ProgramSponsor>
    <Services>
      <CodeValue>srv:6</CodeValue>
    </Services>
  </Program>
  <Program>
    <ProgramId>7</ProgramId>
    <ProgramType>Magnet/Special Program Emphasis</ProgramType>
    <ProgramSponsor>School</ProgramSponsor>
    <Services>
      <CodeValue>srv:7</CodeValue>
    </Services>
  </Program>
  <Program>
    <ProgramId>8</ProgramId>
    <ProgramType>Section 504 Placement</ProgramType>
    <ProgramSponsor>School</ProgramSponsor>
    <Services>
      <CodeValue>srv:8</CodeValue>
    </Services>
  </Program>
  <Program>
    <ProgramId>9</ProgramId>
    <ProgramType>Immigrant Education</ProgramType>
    <ProgramSponsor>School</ProgramSponsor>
    <Services>
      <CodeValue>srv:9</CodeValue>
    </Services>
  </Program>
  <Program>
    <ProgramId>10</ProgramId>
    <ProgramType>Student Retention/Dropout Prevention</ProgramType>
    <ProgramSponsor>School</ProgramSponsor>
    <Services>
      <CodeValue>srv:10</CodeValue>
    </Services>
  </Program>
  <Program>
    <ProgramId>11</ProgramId>
    <ProgramType>Gifted and Talented</ProgramType>
    <ProgramSponsor>School</ProgramSponsor>
    <Services>
      <CodeValue>srv:11</CodeValue>
    </Services>
  </Program>
  <Program>
    <ProgramId>12</ProgramId>
    <ProgramType>Athletics</ProgramType>
    <ProgramSponsor>School</ProgramSponsor>
    <Services>
      <CodeValue>srv:12</CodeValue>
    </Services>
  </Program>
  <Program>
    <ProgramId>13</ProgramId>
    <ProgramType>Community/Junior College Education Program</ProgramType>
    <ProgramSponsor>School</ProgramSponsor>
    <Services>
      <CodeValue>srv:13</CodeValue>
    </Services>
  </Program>
  <Program>
    <ProgramId>14</ProgramId>
    <ProgramType>Gifted and Talented</ProgramType>
    <ProgramSponsor>School</ProgramSponsor>
    <Services>
      <CodeValue>srv:14</CodeValue>
    </Services>
  </Program>
  <Program>
    <ProgramId>15</ProgramId>
    <ProgramType>Career and Technical Education</ProgramType>
    <ProgramSponsor>School</ProgramSponsor>
    <Services>
      <CodeValue>srv:15</CodeValue>
    </Services>
  </Program>
  <Program>
    <ProgramId>16</ProgramId>
    <ProgramType>Counseling Services</ProgramType>
    <ProgramSponsor>School</ProgramSponsor>
    <Services>
      <CodeValue>srv:16</CodeValue>
    </Services>
  </Program>
  <Program>
    <ProgramId>17</ProgramId>
    <ProgramType>Community/Junior College Education Program</ProgramType>
    <ProgramSponsor>School</ProgramSponsor>
    <Services>
      <CodeValue>srv:17</CodeValue>
    </Services>
  </Program>
  <Program>
    <ProgramId>18</ProgramId>
    <ProgramType>Migrant Education</ProgramType>
    <ProgramSponsor>School</ProgramSponsor>
    <Services>
      <CodeValue>srv:18</CodeValue>
    </Services>
  </Program>
  <Program>
    <ProgramId>19</ProgramId>
    <ProgramType>Library/Media Services Program</ProgramType>
    <ProgramSponsor>School</ProgramSponsor>
    <Services>
      <CodeValue>srv:19</CodeValue>
    </Services>
  </Program>
  <Program>
    <ProgramId>20</ProgramId>
    <ProgramType>Library/Media Services Program</ProgramType>
    <ProgramSponsor>School</ProgramSponsor>
    <Services>
      <CodeValue>srv:20</CodeValue>
    </Services>
  </Program>
  <Program>
    <ProgramId>21</ProgramId>
    <ProgramType>Cocurricular Programs</ProgramType>
    <ProgramSponsor>School</ProgramSponsor>
    <Services>
      <CodeValue>srv:21</CodeValue>
    </Services>
  </Program>
  <Program>
    <ProgramId>22</ProgramId>
    <ProgramType>Alternative Education</ProgramType>
    <ProgramSponsor>School</ProgramSponsor>
    <Services>
      <CodeValue>srv:22</CodeValue>
    </Services>
  </Program>
  <Program>
    <ProgramId>23</ProgramId>
    <ProgramType>Career and Technical Education</ProgramType>
    <ProgramSponsor>School</ProgramSponsor>
    <Services>
      <CodeValue>srv:23</CodeValue>
    </Services>
  </Program>
  <Program>
    <ProgramId>24</ProgramId>
    <ProgramType>Neglected and Delinquent Program</ProgramType>
    <ProgramSponsor>School</ProgramSponsor>
    <Services>
      <CodeValue>srv:24</CodeValue>
    </Services>
  </Program>
  <Program>
    <ProgramId>25</ProgramId>
    <ProgramType>Magnet/Special Program Emphasis</ProgramType>
    <ProgramSponsor>School</ProgramSponsor>
    <Services>
      <CodeValue>srv:25</CodeValue>
    </Services>
  </Program>
  <Program>
    <ProgramId>26</ProgramId>
    <ProgramType>Title I Part A</ProgramType>
    <ProgramSponsor>School</ProgramSponsor>
    <Services>
      <CodeValue>srv:26</CodeValue>
    </Services>
  </Program>
  <Program>
    <ProgramId>27</ProgramId>
    <ProgramType>Section 504 Placement</ProgramType>
    <ProgramSponsor>School</ProgramSponsor>
    <Services>
      <CodeValue>srv:27</CodeValue>
    </Services>
  </Program>
  <Program>
    <ProgramId>28</ProgramId>
    <ProgramType>Optional Flexible School Day Program (OFSDP)</ProgramType>
    <ProgramSponsor>School</ProgramSponsor>
    <Services>
      <CodeValue>srv:28</CodeValue>
    </Services>
  </Program>
  <Program>
    <ProgramId>29</ProgramId>
    <ProgramType>Student Retention/Dropout Prevention</ProgramType>
    <ProgramSponsor>School</ProgramSponsor>
    <Services>
      <CodeValue>srv:29</CodeValue>
    </Services>
  </Program>
  <Program>
    <ProgramId>30</ProgramId>
    <ProgramType>Title I Part A</ProgramType>
    <ProgramSponsor>School</ProgramSponsor>
    <Services>
      <CodeValue>srv:30</CodeValue>
    </Services>
  </Program>
  <Program>
    <ProgramId>31</ProgramId>
    <ProgramType>Other</ProgramType>
    <ProgramSponsor>School</ProgramSponsor>
    <Services>
      <CodeValue>srv:31</CodeValue>
    </Services>
  </Program>
  <Program>
    <ProgramId>32</ProgramId>
    <ProgramType>Section 504 Placement</ProgramType>
    <ProgramSponsor>School</ProgramSponsor>
    <Services>
      <CodeValue>srv:32</CodeValue>
    </Services>
  </Program>
  <Program>
    <ProgramId>33</ProgramId>
    <ProgramType>Bilingual</ProgramType>
    <ProgramSponsor>School</ProgramSponsor>
    <Services>
      <CodeValue>srv:33</CodeValue>
    </Services>
  </Program>
  <Program>
    <ProgramId>34</ProgramId>
    <ProgramType>Student Retention/Dropout Prevention</ProgramType>
    <ProgramSponsor>School</ProgramSponsor>
    <Services>
      <CodeValue>srv:34</CodeValue>
    </Services>
  </Program>
  <Program>
    <ProgramId>35</ProgramId>
    <ProgramType>Gifted and Talented</ProgramType>
    <ProgramSponsor>School</ProgramSponsor>
    <Services>
      <CodeValue>srv:35</CodeValue>
    </Services>
  </Program>
  <Program>
    <ProgramId>36</ProgramId>
    <ProgramType>Other</ProgramType>
    <ProgramSponsor>School</ProgramSponsor>
    <Services>
      <CodeValue>srv:36</CodeValue>
    </Services>
  </Program>
  <Program>
    <ProgramId>37</ProgramId>
    <ProgramType>Teacher Professional Development/Mentoring</ProgramType>
    <ProgramSponsor>School</ProgramSponsor>
    <Services>
      <CodeValue>srv:37</CodeValue>
    </Services>
  </Program>
  <Program>
    <ProgramId>38</ProgramId>
    <ProgramType>Health Services Program</ProgramType>
    <ProgramSponsor>School</ProgramSponsor>
    <Services>
      <CodeValue>srv:38</CodeValue>
    </Services>
  </Program>
  <Program>
    <ProgramId>39</ProgramId>
    <ProgramType>Alternative Education</ProgramType>
    <ProgramSponsor>School</ProgramSponsor>
    <Services>
      <CodeValue>srv:39</CodeValue>
    </Services>
  </Program>
  <Program>
    <ProgramId>40</ProgramId>
    <ProgramType>Gifted and Talented</ProgramType>
    <ProgramSponsor>School</ProgramSponsor>
    <Services>
      <CodeValue>srv:40</CodeValue>
    </Services>
  </Program>
  <Program>
    <ProgramId>41</ProgramId>
    <ProgramType>Migrant Education</ProgramType>
    <ProgramSponsor>School</ProgramSponsor>
    <Services>
      <CodeValue>srv:41</CodeValue>
    </Services>
  </Program>
  <Program>
    <ProgramId>42</ProgramId>
    <ProgramType>Regular Education</ProgramType>
    <ProgramSponsor>School</ProgramSponsor>
    <Services>
      <CodeValue>srv:42</CodeValue>
    </Services>
  </Program>
  <Program>
    <ProgramId>43</ProgramId>
    <ProgramType>Optional Flexible School Day Program (OFSDP)</ProgramType>
    <ProgramSponsor>School</ProgramSponsor>
    <Services>
      <CodeValue>srv:43</CodeValue>
    </Services>
  </Program>
  <Program>
    <ProgramId>44</ProgramId>
    <ProgramType>Health Services Program</ProgramType>
    <ProgramSponsor>School</ProgramSponsor>
    <Services>
      <CodeValue>srv:44</CodeValue>
    </Services>
  </Program>
  <Program>
    <ProgramId>45</ProgramId>
    <ProgramType>Service Learning</ProgramType>
    <ProgramSponsor>School</ProgramSponsor>
    <Services>
      <CodeValue>srv:45</CodeValue>
    </Services>
  </Program>
  <Program>
    <ProgramId>46</ProgramId>
    <ProgramType>Service Learning</ProgramType>
    <ProgramSponsor>School</ProgramSponsor>
    <Services>
      <CodeValue>srv:46</CodeValue>
    </Services>
  </Program>
  <Program>
    <ProgramId>47</ProgramId>
    <ProgramType>Counseling Services</ProgramType>
    <ProgramSponsor>School</ProgramSponsor>
    <Services>
      <CodeValue>srv:47</CodeValue>
    </Services>
  </Program>
  <Program>
    <ProgramId>48</ProgramId>
    <ProgramType>Career and Technical Education</ProgramType>
    <ProgramSponsor>School</ProgramSponsor>
    <Services>
      <CodeValue>srv:48</CodeValue>
    </Services>
  </Program>
  <Program>
    <ProgramId>49</ProgramId>
    <ProgramType>Community/Junior College Education Program</ProgramType>
    <ProgramSponsor>School</ProgramSponsor>
    <Services>
      <CodeValue>srv:49</CodeValue>
    </Services>
  </Program>
  <LocalEducationAgency>
    <StateOrganizationId>IL-DAYBREAK</StateOrganizationId>
    <NameOfInstitution>IL-DAYBREAK School District</NameOfInstitution>
    <OrganizationCategories>
      <OrganizationCategory>Local Education Agency</OrganizationCategory>
    </OrganizationCategories>
    <Address>
      <StreetNumberName>827 Braeburn Lane</StreetNumberName>
      <City>New York</City>
      <StateAbbreviation>NY</StateAbbreviation>
      <PostalCode>10292</PostalCode>
    </Address>
    <ProgramReference>
      <ProgramIdentity>
        <ProgramId>50</ProgramId>
      </ProgramIdentity>
    </ProgramReference>
    <ProgramReference>
      <ProgramIdentity>
        <ProgramId>51</ProgramId>
      </ProgramIdentity>
    </ProgramReference>
    <ProgramReference>
      <ProgramIdentity>
        <ProgramId>52</ProgramId>
      </ProgramIdentity>
    </ProgramReference>
    <ProgramReference>
      <ProgramIdentity>
        <ProgramId>53</ProgramId>
      </ProgramIdentity>
    </ProgramReference>
    <ProgramReference>
      <ProgramIdentity>
        <ProgramId>54</ProgramId>
      </ProgramIdentity>
    </ProgramReference>
    <ProgramReference>
      <ProgramIdentity>
        <ProgramId>55</ProgramId>
      </ProgramIdentity>
    </ProgramReference>
    <ProgramReference>
      <ProgramIdentity>
        <ProgramId>56</ProgramId>
      </ProgramIdentity>
    </ProgramReference>
    <ProgramReference>
      <ProgramIdentity>
        <ProgramId>57</ProgramId>
      </ProgramIdentity>
    </ProgramReference>
    <ProgramReference>
      <ProgramIdentity>
        <ProgramId>58</ProgramId>
      </ProgramIdentity>
    </ProgramReference>
    <ProgramReference>
      <ProgramIdentity>
        <ProgramId>59</ProgramId>
      </ProgramIdentity>
    </ProgramReference>
    <LEACategory>Independent</LEACategory>
    <StateEducationAgencyReference>
      <EducationalOrgIdentity>
        <StateOrganizationId>STANDARD-SEA</StateOrganizationId>
      </EducationalOrgIdentity>
    </StateEducationAgencyReference>
  </LocalEducationAgency>
  <LocalEducationAgency>
    <StateOrganizationId>5</StateOrganizationId>
    <NameOfInstitution>5 School District</NameOfInstitution>
    <OrganizationCategories>
      <OrganizationCategory>Local Education Agency</OrganizationCategory>
    </OrganizationCategories>
    <Address>
      <StreetNumberName>867 Braeburn Lane</StreetNumberName>
      <City>New York</City>
      <StateAbbreviation>NY</StateAbbreviation>
      <PostalCode>10292</PostalCode>
    </Address>
    <ProgramReference>
      <ProgramIdentity>
        <ProgramId>60</ProgramId>
      </ProgramIdentity>
    </ProgramReference>
    <ProgramReference>
      <ProgramIdentity>
        <ProgramId>61</ProgramId>
      </ProgramIdentity>
    </ProgramReference>
    <ProgramReference>
      <ProgramIdentity>
        <ProgramId>62</ProgramId>
      </ProgramIdentity>
    </ProgramReference>
    <ProgramReference>
      <ProgramIdentity>
        <ProgramId>63</ProgramId>
      </ProgramIdentity>
    </ProgramReference>
    <ProgramReference>
      <ProgramIdentity>
        <ProgramId>64</ProgramId>
      </ProgramIdentity>
    </ProgramReference>
    <ProgramReference>
      <ProgramIdentity>
        <ProgramId>65</ProgramId>
      </ProgramIdentity>
    </ProgramReference>
    <LEACategory>Independent</LEACategory>
    <StateEducationAgencyReference>
      <EducationalOrgIdentity>
        <StateOrganizationId>STANDARD-SEA</StateOrganizationId>
      </EducationalOrgIdentity>
    </StateEducationAgencyReference>
  </LocalEducationAgency>
  <School>
    <StateOrganizationId>South Daybreak Elementary</StateOrganizationId>
    <EducationOrgIdentificationCode IdentificationSystem="School">
      <ID>South Daybreak Elementary</ID>
    </EducationOrgIdentificationCode>
    <NameOfInstitution>South Daybreak Elementary (Elementary School)</NameOfInstitution>
    <OrganizationCategories>
      <OrganizationCategory>School</OrganizationCategory>
    </OrganizationCategories>
    <Address AddressType="Physical">
      <StreetNumberName>111 Ave A</StreetNumberName>
      <City>Chicago</City>
      <StateAbbreviation>IL</StateAbbreviation>
      <PostalCode>11011</PostalCode>
      <NameOfCounty>Wake</NameOfCounty>
    </Address>
    <Telephone InstitutionTelephoneNumberType="Main">
      <TelephoneNumber>(917)-555-0212</TelephoneNumber>
    </Telephone>
    <GradesOffered>
        <GradeLevel>Kindergarten</GradeLevel>
        <GradeLevel>First grade</GradeLevel>
        <GradeLevel>Second grade</GradeLevel>
        <GradeLevel>Third grade</GradeLevel>
        <GradeLevel>Fourth grade</GradeLevel>
        <GradeLevel>Fifth grade</GradeLevel>
    </GradesOffered>
    <SchoolCategories>
      <SchoolCategory>Elementary School</SchoolCategory>
    </SchoolCategories>
    
    
    <LocalEducationAgencyReference>
      <EducationalOrgIdentity>
        <StateOrganizationId>IL-DAYBREAK</StateOrganizationId>
      </EducationalOrgIdentity>
    </LocalEducationAgencyReference>
  </School>
  <School>
    <StateOrganizationId>East Daybreak Junior High</StateOrganizationId>
    <EducationOrgIdentificationCode IdentificationSystem="School">
      <ID>East Daybreak Junior High</ID>
    </EducationOrgIdentificationCode>
    <NameOfInstitution>East Daybreak Junior High (Middle School)</NameOfInstitution>
    <OrganizationCategories>
      <OrganizationCategory>School</OrganizationCategory>
    </OrganizationCategories>
    <Address AddressType="Physical">
      <StreetNumberName>111 Ave A</StreetNumberName>
      <City>Chicago</City>
      <StateAbbreviation>IL</StateAbbreviation>
      <PostalCode>11011</PostalCode>
      <NameOfCounty>Wake</NameOfCounty>
    </Address>
    <Telephone InstitutionTelephoneNumberType="Main">
      <TelephoneNumber>(917)-555-0212</TelephoneNumber>
    </Telephone>
    <GradesOffered>
        <GradeLevel>Sixth grade</GradeLevel>
        <GradeLevel>Seventh grade</GradeLevel>
        <GradeLevel>Eighth grade</GradeLevel>
    </GradesOffered>
    <SchoolCategories>
      <SchoolCategory>Middle School</SchoolCategory>
    </SchoolCategories>
    
    
    <LocalEducationAgencyReference>
      <EducationalOrgIdentity>
        <StateOrganizationId>IL-DAYBREAK</StateOrganizationId>
      </EducationalOrgIdentity>
    </LocalEducationAgencyReference>
  </School>
  <School>
    <StateOrganizationId>Daybreak Central High</StateOrganizationId>
    <EducationOrgIdentificationCode IdentificationSystem="School">
      <ID>Daybreak Central High</ID>
    </EducationOrgIdentificationCode>
    <NameOfInstitution>Daybreak Central High (High School)</NameOfInstitution>
    <OrganizationCategories>
      <OrganizationCategory>School</OrganizationCategory>
    </OrganizationCategories>
    <Address AddressType="Physical">
      <StreetNumberName>111 Ave A</StreetNumberName>
      <City>Chicago</City>
      <StateAbbreviation>IL</StateAbbreviation>
      <PostalCode>11011</PostalCode>
      <NameOfCounty>Wake</NameOfCounty>
    </Address>
    <Telephone InstitutionTelephoneNumberType="Main">
      <TelephoneNumber>(917)-555-0212</TelephoneNumber>
    </Telephone>
    <GradesOffered>
        <GradeLevel>Ninth grade</GradeLevel>
        <GradeLevel>Tenth grade</GradeLevel>
        <GradeLevel>Eleventh grade</GradeLevel>
        <GradeLevel>Twelfth grade</GradeLevel>
    </GradesOffered>
    <SchoolCategories>
      <SchoolCategory>High School</SchoolCategory>
    </SchoolCategories>
    
    
    <LocalEducationAgencyReference>
      <EducationalOrgIdentity>
        <StateOrganizationId>IL-DAYBREAK</StateOrganizationId>
      </EducationalOrgIdentity>
    </LocalEducationAgencyReference>
  </School>
  <CompetencyLevelDescriptor>
      <CodeValue>Incompetent</CodeValue>
  </CompetencyLevelDescriptor>
  <CompetencyLevelDescriptor>
      <CodeValue>Barely Competent</CodeValue>
  </CompetencyLevelDescriptor>
  <CompetencyLevelDescriptor>
      <CodeValue>Competent</CodeValue>
  </CompetencyLevelDescriptor>
  <CompetencyLevelDescriptor>
      <CodeValue>Very Competent</CodeValue>
  </CompetencyLevelDescriptor>
</InterchangeEducationOrganization>